x-axis,2,2
second,Volt,Volt
-0.0024971,0.010288159,0.010288159
-0.0024946,0.012906564,0.012906564
-0.0024921,0.015274968,0.015274968
-0.0024896,0.017412217,0.017412217
-0.0024871,0.019811715,0.019811715
-0.0024846,0.021888348,0.021888348
-0.0024821,0.024469064,0.024469064
-0.0024796,0.026968436,0.026968436
-0.0024771,0.029446765,0.029446765
-0.0024746,0.031429177,0.031429177
-0.0024721,0.033975659,0.033975659
-0.0024696,0.036597518,0.036597518
-0.0024671,0.038585584,0.038585584
-0.0024646,0.040668498,0.040668498
-0.0024621,0.042716237,0.042716237
-0.0024596,0.045410961,0.045410961
-0.0024571,0.047868875,0.047868875
-0.0024546,0.050156878,0.050156878
-0.0024521,0.052449277,0.052449277
-0.0024496,0.05446027,0.05446027
-0.0024471,0.056452104,0.056452104
-0.0024446,0.058657192,0.058657192
-0.0024421,0.061554805,0.061554805
-0.0024396,0.063161274,0.063161274
-0.0024371,0.065468749,0.065468749
-0.0024346,0.067413787,0.067413787
-0.0024321,0.069986965,0.069986965
-0.0024296,0.072016174,0.072016174
-0.0024271,0.073960269,0.073960269
-0.0024246,0.075876413,0.075876413
-0.0024221,0.07797346,0.07797346
-0.0024196,0.080191111,0.080191111
-0.0024171,0.081998586,0.081998586
-0.0024146,0.084155935,0.084155935
-0.0024121,0.086032191,0.086032191
-0.0024096,0.088225345,0.088225345
-0.0024071,0.090355056,0.090355056
-0.0024046,0.092165985,0.092165985
-0.0024021,0.093845947,0.093845947
-0.0023996,0.095350659,0.095350659
-0.0023971,0.097657191,0.097657191
-0.0023946,0.099421324,0.099421324
-0.0023921,0.101567053,0.101567053
-0.0023896,0.102880809,0.102880809
-0.0023871,0.104799779,0.104799779
-0.0023846,0.106516488,0.106516488
-0.0023821,0.108104427,0.108104427
-0.0023796,0.109825533,0.109825533
-0.0023771,0.111230998,0.111230998
-0.0023746,0.113117932,0.113117932
-0.0023721,0.114476915,0.114476915
-0.0023696,0.116310771,0.116310771
-0.0023671,0.117718749,0.117718749
-0.0023646,0.119384578,0.119384578
-0.0023621,0.120526852,0.120526852
-0.0023596,0.121873271,0.121873271
-0.0023571,0.12347503,0.12347503
-0.0023546,0.124593435,0.124593435
-0.0023521,0.125966236,0.125966236
-0.0023496,0.127344063,0.127344063
-0.0023471,0.128886776,0.128886776
-0.0023446,0.129817681,0.129817681
-0.0023421,0.131304176,0.131304176
-0.0023396,0.132367304,0.132367304
-0.0023371,0.133263347,0.133263347
-0.0023346,0.134529678,0.134529678
-0.0023321,0.135512718,0.135512718
-0.0023296,0.136898397,0.136898397
-0.0023271,0.137462467,0.137462467
-0.0023246,0.138685457,0.138685457
-0.0023221,0.139666299,0.139666299
-0.0023196,0.140774339,0.140774339
-0.0023171,0.141547894,0.141547894
-0.0023146,0.142221575,0.142221575
-0.0023121,0.143109452,0.143109452
-0.0023096,0.143626726,0.143626726
-0.0023071,0.144912844,0.144912844
-0.0023046,0.145420696,0.145420696
-0.0023021,0.146102228,0.146102228
-0.0022996,0.146703359,0.146703359
-0.0022971,0.147584326,0.147584326
-0.0022946,0.147835897,0.147835897
-0.0022921,0.148254552,0.148254552
-0.0022896,0.148680432,0.148680432
-0.0022871,0.148828987,0.148828987
-0.0022846,0.149790985,0.149790985
-0.0022821,0.150093434,0.150093434
-0.0022796,0.150324904,0.150324904
-0.0022771,0.150663786,0.150663786
-0.0022746,0.150828987,0.150828987
-0.0022721,0.151038158,0.151038158
-0.0022696,0.151160331,0.151160331
-0.0022671,0.151630181,0.151630181
-0.0022646,0.151345005,0.151345005
-0.0022621,0.151918811,0.151918811
-0.0022596,0.151379866,0.151379866
-0.0022571,0.151997957,0.151997957
-0.0022546,0.151656562,0.151656562
-0.0022521,0.151430746,0.151430746
-0.0022496,0.151282819,0.151282819
-0.0022471,0.15126209,0.15126209
-0.0022446,0.151275281,0.151275281
-0.0022421,0.150741047,0.150741047
-0.0022396,0.150609766,0.150609766
-0.0022371,0.150071135,0.150071135
-0.0022346,0.150228485,0.150228485
-0.0022321,0.149794125,0.149794125
-0.0022296,0.149390859,0.149390859
-0.0022271,0.148716864,0.148716864
-0.0022246,0.147925093,0.147925093
-0.0022221,0.147781877,0.147781877
-0.0022196,0.147177605,0.147177605
-0.0022171,0.147007065,0.147007065
-0.0022146,0.145846261,0.145846261
-0.0022121,0.145606625,0.145606625
-0.0022096,0.144942052,0.144942052
-0.0022071,0.143969691,0.143969691
-0.0022046,0.143025281,0.143025281
-0.0022021,0.142243874,0.142243874
-0.0021996,0.141880181,0.141880181
-0.0021971,0.140890859,0.140890859
-0.0021946,0.140113849,0.140113849
-0.0021921,0.138939854,0.138939854
-0.0021896,0.137962467,0.137962467
-0.0021871,0.136613535,0.136613535
-0.0021846,0.135856939,0.135856939
-0.0021821,0.135122015,0.135122015
-0.0021796,0.133881437,0.133881437
-0.0021771,0.132616676,0.132616676
-0.0021746,0.131163786,0.131163786
-0.0021721,0.130307945,0.130307945
-0.0021696,0.129055118,0.129055118
-0.0021671,0.127981311,0.127981311
-0.0021646,0.126318623,0.126318623
-0.0021621,0.12512861,0.12512861
-0.0021596,0.123674465,0.123674465
-0.0021571,0.12213709,0.12213709
-0.0021546,0.121033447,0.121033447
-0.0021521,0.11940248,0.11940248
-0.0021496,0.117939854,0.117939854
-0.0021471,0.116559515,0.116559515
-0.0021446,0.115140231,0.115140231
-0.0021421,0.113257065,0.113257065
-0.0021396,0.111261776,0.111261776
-0.0021371,0.10991944,0.10991944
-0.0021346,0.108566739,0.108566739
-0.0021321,0.107161588,0.107161588
-0.0021296,0.104940483,0.104940483
-0.0021271,0.103573334,0.103573334
-0.0021246,0.101522141,0.101522141
-0.0021221,0.099647141,0.099647141
-0.0021196,0.097855998,0.097855998
-0.0021171,0.096174465,0.096174465
-0.0021146,0.094309829,0.094309829
-0.0021121,0.092157819,0.092157819
-0.0021096,0.090949591,0.090949591
-0.0021071,0.088584955,0.088584955
-0.0021046,0.086769,0.086769
-0.0021021,0.084529365,0.084529365
-0.0020996,0.08283684,0.08283684
-0.0020971,0.080834327,0.080834327
-0.0020946,0.078820508,0.078820508
-0.0020921,0.076402166,0.076402166
-0.0020896,0.074242619,0.074242619
-0.0020871,0.07268483,0.07268483
-0.0020846,0.070374214,0.070374214
-0.0020821,0.068477857,0.068477857
-0.0020796,0.065948963,0.065948963
-0.0020771,0.06391787,0.06391787
-0.0020746,0.061764604,0.061764604
-0.0020721,0.059352229,0.059352229
-0.0020696,0.057355998,0.057355998
-0.0020671,0.055138033,0.055138033
-0.0020646,0.053260207,0.053260207
-0.0020621,0.050500156,0.050500156
-0.0020596,0.048691425,0.048691425
-0.0020571,0.04596027,0.04596027
-0.0020546,0.043653737,0.043653737
-0.0020521,0.04124042,0.04124042
-0.0020496,0.039132694,0.039132694
-0.0020471,0.037084327,0.037084327
-0.0020446,0.034578988,0.034578988
-0.0020421,0.032509265,0.032509265
-0.0020396,0.029805747,0.029805747
-0.0020371,0.027518059,0.027518059
-0.0020346,0.025112594,0.025112594
-0.0020321,0.023097519,0.023097519
-0.0020296,0.020145885,0.020145885
-0.0020271,0.017686086,0.017686086
-0.0020246,0.015924152,0.015924152
-0.0020221,0.013155622,0.013155622
-0.0020196,0.011095006,0.011095006
-0.0020171,0.008372016,0.008372016
-0.0020146,0.006456501,0.006456501
-0.0020121,0.003551036,0.003551036
-0.0020096,0.001449592,0.001449592
-0.0020071,-0.000858825,-0.000858825
-0.0020046,-0.00332522,-0.00332522
-0.0020021,-0.00571875,-0.00571875
-0.0019996,-0.008153423,-0.008153423
-0.0019971,-0.009966551,-0.009966551
-0.0019946,-0.012798524,-0.012798524
-0.0019921,-0.015075534,-0.015075534
-0.0019896,-0.017737908,-0.017737908
-0.0019871,-0.019973461,-0.019973461
-0.0019846,-0.022193938,-0.022193938
-0.0019821,-0.024794127,-0.024794127
-0.0019796,-0.026747644,-0.026747644
-0.0019771,-0.029624843,-0.029624843
-0.0019746,-0.031138976,-0.031138976
-0.0019721,-0.034019001,-0.034019001
-0.0019696,-0.036018059,-0.036018059
-0.0019671,-0.038910647,-0.038910647
-0.0019646,-0.04099733,-0.04099733
-0.0019621,-0.043431061,-0.043431061
-0.0019596,-0.045537845,-0.045537845
-0.0019571,-0.047364478,-0.047364478
-0.0019546,-0.050178548,-0.050178548
-0.0019521,-0.052204616,-0.052204616
-0.0019496,-0.054703046,-0.054703046
-0.0019471,-0.05680135,-0.05680135
-0.0019446,-0.059072393,-0.059072393
-0.0019421,-0.061529993,-0.061529993
-0.0019396,-0.063393372,-0.063393372
-0.0019371,-0.065571136,-0.065571136
-0.0019346,-0.067521199,-0.067521199
-0.0019321,-0.069851915,-0.069851915
-0.0019296,-0.071762405,-0.071762405
-0.0019271,-0.074233196,-0.074233196
-0.0019246,-0.076362279,-0.076362279
-0.0019221,-0.077874214,-0.077874214
-0.0019196,-0.080166613,-0.080166613
-0.0019171,-0.082605056,-0.082605056
-0.0019146,-0.084649968,-0.084649968
-0.0019121,-0.086100345,-0.086100345
-0.0019096,-0.087769314,-0.087769314
-0.0019071,-0.089939226,-0.089939226
-0.0019046,-0.0922065,-0.0922065
-0.0019021,-0.094061086,-0.094061086
-0.0018996,-0.09581988,-0.09581988
-0.0018971,-0.097717493,-0.097717493
-0.0018946,-0.099439226,-0.099439226
-0.0018921,-0.101129867,-0.101129867
-0.0018896,-0.102928548,-0.102928548
-0.0018871,-0.104524967,-0.104524967
-0.0018846,-0.10629601,-0.10629601
-0.0018821,-0.108281563,-0.108281563
-0.0018796,-0.109926663,-0.109926663
-0.0018771,-0.111565168,-0.111565168
-0.0018746,-0.113131751,-0.113131751
-0.0018721,-0.114190797,-0.114190797
-0.0018696,-0.11612704,-0.11612704
-0.0018671,-0.117616362,-0.117616362
-0.0018646,-0.119105055,-0.119105055
-0.0018621,-0.120730997,-0.120730997
-0.0018596,-0.122123271,-0.122123271
-0.0018571,-0.123300093,-0.123300093
-0.0018546,-0.124842492,-0.124842492
-0.0018521,-0.126540043,-0.126540043
-0.0018496,-0.127595005,-0.127595005
-0.0018471,-0.128817681,-0.128817681
-0.0018446,-0.129850344,-0.129850344
-0.0018421,-0.131389289,-0.131389289
-0.0018396,-0.132430746,-0.132430746
-0.0018371,-0.133539728,-0.133539728
-0.0018346,-0.134760834,-0.134760834
-0.0018321,-0.136199904,-0.136199904
-0.0018296,-0.13713395,-0.13713395
-0.0018271,-0.137869502,-0.137869502
-0.0018246,-0.138744502,-0.138744502
-0.0018221,-0.139622957,-0.139622957
-0.0018196,-0.140443623,-0.140443623
-0.0018171,-0.142095633,-0.142095633
-0.0018146,-0.142670696,-0.142670696
-0.0018121,-0.143361336,-0.143361336
-0.0018096,-0.144016801,-0.144016801
-0.0018071,-0.144663472,-0.144663472
-0.0018046,-0.145553547,-0.145553547
-0.0018021,-0.145894314,-0.145894314
-0.0017996,-0.146747957,-0.146747957
-0.0017971,-0.147154678,-0.147154678
-0.0017946,-0.148096261,-0.148096261
-0.0017921,-0.148490419,-0.148490419
-0.0017896,-0.148751726,-0.148751726
-0.0017871,-0.14935851,-0.14935851
-0.0017846,-0.149348459,-0.149348459
-0.0017821,-0.15031611,-0.15031611
-0.0017796,-0.150199276,-0.150199276
-0.0017771,-0.150818623,-0.150818623
-0.0017746,-0.150920067,-0.150920067
-0.0017721,-0.150934829,-0.150934829
-0.0017696,-0.151362907,-0.151362907
-0.0017671,-0.151792555,-0.151792555
-0.0017646,-0.15198508,-0.15198508
-0.0017621,-0.151420382,-0.151420382
-0.0017596,-0.151712781,-0.151712781
-0.0017571,-0.151769942,-0.151769942
-0.0017546,-0.151711525,-0.151711525
-0.0017521,-0.151732253,-0.151732253
-0.0017496,-0.151713723,-0.151713723
-0.0017471,-0.151695821,-0.151695821
-0.0017446,-0.151270256,-0.151270256
-0.0017421,-0.151323648,-0.151323648
-0.0017396,-0.150684201,-0.150684201
-0.0017371,-0.150504238,-0.150504238
-0.0017346,-0.149894,-0.149894
-0.0017321,-0.150087781,-0.150087781
-0.0017296,-0.14978753,-0.14978753
-0.0017271,-0.149020884,-0.149020884
-0.0017246,-0.148452417,-0.148452417
-0.0017221,-0.148016801,-0.148016801
-0.0017196,-0.147545382,-0.147545382
-0.0017171,-0.146857882,-0.146857882
-0.0017146,-0.14627057,-0.14627057
-0.0017121,-0.14575204,-0.14575204
-0.0017096,-0.144769628,-0.144769628
-0.0017071,-0.144419439,-0.144419439
-0.0017046,-0.143602228,-0.143602228
-0.0017021,-0.142908133,-0.142908133
-0.0016996,-0.141735394,-0.141735394
-0.0016971,-0.140854741,-0.140854741
-0.0016946,-0.14021812,-0.14021812
-0.0016921,-0.13902057,-0.13902057
-0.0016896,-0.13808307,-0.13808307
-0.0016871,-0.137185457,-0.137185457
-0.0016846,-0.135944251,-0.135944251
-0.0016821,-0.13517949,-0.13517949
-0.0016796,-0.134317995,-0.134317995
-0.0016771,-0.13255606,-0.13255606
-0.0016746,-0.131494502,-0.131494502
-0.0016721,-0.130087153,-0.130087153
-0.0016696,-0.129107882,-0.129107882
-0.0016671,-0.127771512,-0.127771512
-0.0016646,-0.126728485,-0.126728485
-0.0016621,-0.125106311,-0.125106311
-0.0016596,-0.123588095,-0.123588095
-0.0016571,-0.122743874,-0.122743874
-0.0016546,-0.12089557,-0.12089557
-0.0016521,-0.119731312,-0.119731312
-0.0016496,-0.117525595,-0.117525595
-0.0016471,-0.116639603,-0.116639603
-0.0016446,-0.115210583,-0.115210583
-0.0016421,-0.113766802,-0.113766802
-0.0016396,-0.111790671,-0.111790671
-0.0016371,-0.11035694,-0.11035694
-0.0016346,-0.108872015,-0.108872015
-0.0016321,-0.106691739,-0.106691739
-0.0016296,-0.105492618,-0.105492618
-0.0016271,-0.103290357,-0.103290357
-0.0016246,-0.101764289,-0.101764289
-0.0016221,-0.099831814,-0.099831814
-0.0016196,-0.098432003,-0.098432003
-0.0016171,-0.096634578,-0.096634578
-0.0016146,-0.094373586,-0.094373586
-0.0016121,-0.092597832,-0.092597832
-0.0016096,-0.090643058,-0.090643058
-0.0016071,-0.088842807,-0.088842807
-0.0016046,-0.086725345,-0.086725345
-0.0016021,-0.084918498,-0.084918498
-0.0015996,-0.082734453,-0.082734453
-0.0015971,-0.080776538,-0.080776538
-0.0015946,-0.079101287,-0.079101287
-0.0015921,-0.076786902,-0.076786902
-0.0015896,-0.074578988,-0.074578988
-0.0015871,-0.072313598,-0.072313598
-0.0015846,-0.070356626,-0.070356626
-0.0015821,-0.068232254,-0.068232254
-0.0015796,-0.066292242,-0.066292242
-0.0015771,-0.063852543,-0.063852543
-0.0015746,-0.0617288,-0.0617288
-0.0015721,-0.059628925,-0.059628925
-0.0015696,-0.057452104,-0.057452104
-0.0015671,-0.055145885,-0.055145885
-0.0015646,-0.052648084,-0.052648084
-0.0015621,-0.050533448,-0.050533448
-0.0015596,-0.048278423,-0.048278423
-0.0015571,-0.046407192,-0.046407192
-0.0015546,-0.044089038,-0.044089038
-0.0015521,-0.041694252,-0.041694252
-0.0015496,-0.039034076,-0.039034076
-0.0015471,-0.036704302,-0.036704302
-0.0015446,-0.034741363,-0.034741363
-0.0015421,-0.032304177,-0.032304177
-0.0015396,-0.029929805,-0.029929805
-0.0015371,-0.027658762,-0.027658762
-0.0015346,-0.025457129,-0.025457129
-0.0015321,-0.023091551,-0.023091551
-0.0015296,-0.020681689,-0.020681689
-0.0015271,-0.018073963,-0.018073963
-0.0015246,-0.015751099,-0.015751099
-0.0015221,-0.013685772,-0.013685772
-0.0015196,-0.011115421,-0.011115421
-0.0015171,-0.008847833,-0.008847833
-0.0015146,-0.006248587,-0.006248587
-0.0015121,-0.003861652,-0.003861652
-0.0015096,-0.001762406,-0.001762406
-0.0015071,0.000278423,0.000278423
-0.0015046,0.003102544,0.003102544
-0.0015021,0.005824592,0.005824592
-0.0014996,0.008117933,0.008117933
-0.0014971,0.010696451,0.010696451
-0.0014946,0.012534076,0.012534076
-0.0014921,0.014984139,0.014984139
-0.0014896,0.017327104,0.017327104
-0.0014871,0.019799152,0.019799152
-0.0014846,0.022101916,0.022101916
-0.0014821,0.024712468,0.024712468
-0.0014796,0.026992305,0.026992305
-0.0014771,0.029467493,0.029467493
-0.0014746,0.031712154,0.031712154
-0.0014721,0.033955873,0.033955873
-0.0014696,0.036154365,0.036154365
-0.0014671,0.038514918,0.038514918
-0.0014646,0.041108197,0.041108197
-0.0014621,0.0433739,0.0433739
-0.0014596,0.045566111,0.045566111
-0.0014571,0.047643373,0.047643373
-0.0014546,0.050244817,0.050244817
-0.0014521,0.0525614,0.0525614
-0.0014496,0.054499214,0.054499214
-0.0014471,0.056675094,0.056675094
-0.0014446,0.058735395,0.058735395
-0.0014421,0.061120759,0.061120759
-0.0014396,0.063233825,0.063233825
-0.0014371,0.065790985,0.065790985
-0.0014346,0.067605684,0.067605684
-0.0014321,0.069799151,0.069799151
-0.0014296,0.072036902,0.072036902
-0.0014271,0.073993875,0.073993875
-0.0014246,0.075942995,0.075942995
-0.0014221,0.077803548,0.077803548
-0.0014196,0.080128611,0.080128611
-0.0014171,0.082061714,0.082061714
-0.0014146,0.084271827,0.084271827
-0.0014121,0.08640248,0.08640248
-0.0014096,0.088442367,0.088442367
-0.0014071,0.089601287,0.089601287
-0.0014046,0.091711839,0.091711839
-0.0014021,0.094027794,0.094027794
-0.0013996,0.095766174,0.095766174
-0.0013971,0.097554804,0.097554804
-0.0013946,0.099301035,0.099301035
-0.0013921,0.10132145,0.10132145
-0.0013896,0.103273711,0.103273711
-0.0013871,0.104841236,0.104841236
-0.0013846,0.106205558,0.106205558
-0.0013821,0.108012719,0.108012719
-0.0013796,0.109718121,0.109718121
-0.0013771,0.111484452,0.111484452
-0.0013746,0.113116676,0.113116676
-0.0013721,0.114505181,0.114505181
-0.0013696,0.116058259,0.116058259
-0.0013671,0.117888975,0.117888975
-0.0013646,0.119346261,0.119346261
-0.0013621,0.120691111,0.120691111
-0.0013596,0.121823962,0.121823962
-0.0013571,0.123283133,0.123283133
-0.0013546,0.124600658,0.124600658
-0.0013521,0.12662547,0.12662547
-0.0013496,0.127648397,0.127648397
-0.0013471,0.12868106,0.12868106
-0.0013446,0.130062342,0.130062342
-0.0013421,0.131350658,0.131350658
-0.0013396,0.132198648,0.132198648
-0.0013371,0.133488535,0.133488535
-0.0013346,0.134446135,0.134446135
-0.0013321,0.135698334,0.135698334
-0.0013296,0.136931374,0.136931374
-0.0013271,0.13810851,0.13810851
-0.0013246,0.139017115,0.139017115
-0.0013221,0.139678862,0.139678862
-0.0013196,0.140315796,0.140315796
-0.0013171,0.1415391,0.1415391
-0.0013146,0.142412844,0.142412844
-0.0013121,0.143019942,0.143019942
-0.0013096,0.143665985,0.143665985
-0.0013071,0.144609452,0.144609452
-0.0013046,0.145375155,0.145375155
-0.0013021,0.146109452,0.146109452
-0.0012996,0.146763032,0.146763032
-0.0012971,0.146792241,0.146792241
-0.0012946,0.147392743,0.147392743
-0.0012921,0.148324904,0.148324904
-0.0012896,0.148813912,0.148813912
-0.0012871,0.149195507,0.149195507
-0.0012846,0.149529992,0.149529992
-0.0012821,0.149857253,0.149857253
-0.0012796,0.1504766,0.1504766
-0.0012771,0.150820507,0.150820507
-0.0012746,0.150767743,0.150767743
-0.0012721,0.15093954,0.15093954
-0.0012696,0.151210897,0.151210897
-0.0012671,0.151567052,0.151567052
-0.0012646,0.151692366,0.151692366
-0.0012621,0.151810457,0.151810457
-0.0012596,0.151866361,0.151866361
-0.0012571,0.151939854,0.151939854
-0.0012546,0.151660331,0.151660331
-0.0012521,0.151557944,0.151557944
-0.0012496,0.151498271,0.151498271
-0.0012471,0.151202417,0.151202417
-0.0012446,0.150922266,0.150922266
-0.0012421,0.151365733,0.151365733
-0.0012396,0.150859766,0.150859766
-0.0012371,0.150488535,0.150488535
-0.0012346,0.150017743,0.150017743
-0.0012321,0.149639917,0.149639917
-0.0012296,0.149150281,0.149150281
-0.0012271,0.148846575,0.148846575
-0.0012246,0.148339351,0.148339351
-0.0012221,0.148117618,0.148117618
-0.0012196,0.147100658,0.147100658
-0.0012171,0.146732568,0.146732568
-0.0012146,0.14639714,0.14639714
-0.0012121,0.14555606,0.14555606
-0.0012096,0.14450361,0.14450361
-0.0012071,0.14398665,0.14398665
-0.0012046,0.143326161,0.143326161
-0.0012021,0.142673208,0.142673208
-0.0011996,0.14155449,0.14155449
-0.0011971,0.140689226,0.140689226
-0.0011946,0.140048522,0.140048522
-0.0011921,0.13919111,0.13919111
-0.0011896,0.138070821,0.138070821
-0.0011871,0.136896826,0.136896826
-0.0011846,0.135647455,0.135647455
-0.0011821,0.134852228,0.134852228
-0.0011796,0.133907191,0.133907191
-0.0011771,0.132834641,0.132834641
-0.0011746,0.131445193,0.131445193
-0.0011721,0.130253924,0.130253924
-0.0011696,0.129132379,0.129132379
-0.0011671,0.127777794,0.127777794
-0.0011646,0.126326475,0.126326475
-0.0011621,0.124967806,0.124967806
-0.0011596,0.123724088,0.123724088
-0.0011571,0.122436399,0.122436399
-0.0011546,0.12119645,0.12119645
-0.0011521,0.119740734,0.119740734
-0.0011496,0.118215608,0.118215608
-0.0011471,0.116403736,0.116403736
-0.0011446,0.114752668,0.114752668
-0.0011421,0.113495445,0.113495445
-0.0011396,0.112046638,0.112046638
-0.0011371,0.110087467,0.110087467
-0.0011346,0.10844802,0.10844802
-0.0011321,0.10660694,0.10660694
-0.0011296,0.105467807,0.105467807
-0.0011271,0.103476915,0.103476915
-0.0011246,0.101519628,0.101519628
-0.0011221,0.099710269,0.099710269
-0.0011196,0.098128611,0.098128611
-0.0011171,0.096023397,0.096023397
-0.0011146,0.094173523,0.094173523
-0.0011121,0.092457757,0.092457757
-0.0011096,0.090368561,0.090368561
-0.0011071,0.088797581,0.088797581
-0.0011046,0.086701789,0.086701789
-0.0011021,0.084670696,0.084670696
-0.0010996,0.082347204,0.082347204
-0.0010971,0.080222204,0.080222204
-0.0010946,0.078405307,0.078405307
-0.0010921,0.076803548,0.076803548
-0.0010896,0.074500784,0.074500784
-0.0010871,0.072353799,0.072353799
-0.0010846,0.070275596,0.070275596
-0.0010821,0.068036588,0.068036588
-0.0010796,0.065910332,0.065910332
-0.0010771,0.063893058,0.063893058
-0.0010746,0.061647455,0.061647455
-0.0010721,0.059525282,0.059525282
-0.0010696,0.057292556,0.057292556
-0.0010671,0.055182003,0.055182003
-0.0010646,0.053040043,0.053040043
-0.0010621,0.050699277,0.050699277
-0.0010596,0.048191739,0.048191739
-0.0010571,0.046226287,0.046226287
-0.0010546,0.044102543,0.044102543
-0.0010521,0.041560144,0.041560144
-0.0010496,0.039030936,0.039030936
-0.0010471,0.037006752,0.037006752
-0.0010446,0.034742305,0.034742305
-0.0010421,0.032450848,0.032450848
-0.0010396,0.030046011,0.030046011
-0.0010371,0.027443624,0.027443624
-0.0010346,0.025078988,0.025078988
-0.0010321,0.022684516,0.022684516
-0.0010296,0.020522142,0.020522142
-0.0010271,0.018370446,0.018370446
-0.0010246,0.015642431,0.015642431
-0.0010221,0.013297582,0.013297582
-0.0010196,0.011342494,0.011342494
-0.0010171,0.008665672,0.008665672
-0.0010146,0.006034705,0.006034705
-0.0010121,0.003768687,0.003768687
-0.0010096,0.001334014,0.001334014
-0.0010071,-0.001013034,-0.001013034
-0.0010046,-0.002943624,-0.002943624
-0.0010021,-0.005726916,-0.005726916
-0.0009996,-0.007990735,-0.007990735
-0.0009971,-0.01066787,-0.01066787
-0.0009946,-0.012838725,-0.012838725
-0.0009921,-0.015169441,-0.015169441
-0.0009896,-0.01748037,-0.01748037
-0.0009871,-0.02006674,-0.02006674
-0.0009846,-0.022327732,-0.022327732
-0.0009821,-0.024648398,-0.024648398
-0.0009796,-0.027076476,-0.027076476
-0.0009771,-0.029363536,-0.029363536
-0.0009746,-0.031861652,-0.031861652
-0.0009721,-0.034298209,-0.034298209
-0.0009696,-0.036484453,-0.036484453
-0.0009671,-0.038650282,-0.038650282
-0.0009646,-0.04094174,-0.04094174
-0.0009621,-0.043437028,-0.043437028
-0.0009596,-0.045668184,-0.045668184
-0.0009571,-0.047645885,-0.047645885
-0.0009546,-0.049722204,-0.049722204
-0.0009521,-0.05221027,-0.05221027
-0.0009496,-0.05481988,-0.05481988
-0.0009471,-0.057007694,-0.057007694
-0.0009446,-0.058907192,-0.058907192
-0.0009421,-0.061001413,-0.061001413
-0.0009396,-0.063223146,-0.063223146
-0.0009371,-0.065606312,-0.065606312
-0.0009346,-0.067549151,-0.067549151
-0.0009321,-0.069506438,-0.069506438
-0.0009296,-0.071931689,-0.071931689
-0.0009271,-0.074076789,-0.074076789
-0.0009246,-0.076210897,-0.076210897
-0.0009221,-0.078175722,-0.078175722
-0.0009196,-0.080152166,-0.080152166
-0.0009171,-0.081804804,-0.081804804
-0.0009146,-0.084237907,-0.084237907
-0.0009121,-0.086403108,-0.086403108
-0.0009096,-0.088312028,-0.088312028
-0.0009071,-0.090193309,-0.090193309
-0.0009046,-0.092006752,-0.092006752
-0.0009021,-0.094321136,-0.094321136
-0.0008996,-0.095788787,-0.095788787
-0.0008971,-0.097502983,-0.097502983
-0.0008946,-0.099552606,-0.099552606
-0.0008921,-0.101223774,-0.101223774
-0.0008896,-0.102786274,-0.102786274
-0.0008871,-0.104969691,-0.104969691
-0.0008846,-0.10670807,-0.10670807
-0.0008821,-0.107999528,-0.107999528
-0.0008796,-0.109729427,-0.109729427
-0.0008771,-0.111471261,-0.111471261
-0.0008746,-0.113355998,-0.113355998
-0.0008721,-0.114666613,-0.114666613
-0.0008696,-0.115908133,-0.115908133
-0.0008671,-0.117426349,-0.117426349
-0.0008646,-0.119316425,-0.119316425
-0.0008621,-0.121008007,-0.121008007
-0.0008596,-0.122067681,-0.122067681
-0.0008571,-0.123359766,-0.123359766
-0.0008546,-0.124837781,-0.124837781
-0.0008521,-0.126252354,-0.126252354
-0.0008496,-0.127373271,-0.127373271
-0.0008471,-0.128712781,-0.128712781
-0.0008446,-0.129884892,-0.129884892
-0.0008421,-0.131244188,-0.131244188
-0.0008396,-0.132773397,-0.132773397
-0.0008371,-0.133744502,-0.133744502
-0.0008346,-0.134701789,-0.134701789
-0.0008321,-0.135498271,-0.135498271
-0.0008296,-0.136584012,-0.136584012
-0.0008271,-0.137983196,-0.137983196
-0.0008246,-0.138830872,-0.138830872
-0.0008221,-0.139783761,-0.139783761
-0.0008196,-0.140553547,-0.140553547
-0.0008171,-0.141640859,-0.141640859
-0.0008146,-0.142307316,-0.142307316
-0.0008121,-0.143305432,-0.143305432
-0.0008096,-0.143950532,-0.143950532
-0.0008071,-0.144781248,-0.144781248
-0.0008046,-0.145317052,-0.145317052
-0.0008021,-0.146019,-0.146019
-0.0007996,-0.146868246,-0.146868246
-0.0007971,-0.147334954,-0.147334954
-0.0007946,-0.148037216,-0.148037216
-0.0007921,-0.14862547,-0.14862547
-0.0007896,-0.149164414,-0.149164414
-0.0007871,-0.149326789,-0.149326789
-0.0007846,-0.149874841,-0.149874841
-0.0007821,-0.149807316,-0.149807316
-0.0007796,-0.15050361,-0.15050361
-0.0007771,-0.150944251,-0.150944251
-0.0007746,-0.151518057,-0.151518057
-0.0007721,-0.151726914,-0.151726914
-0.0007696,-0.151394,-0.151394
-0.0007671,-0.151462781,-0.151462781
-0.0007646,-0.151815168,-0.151815168
-0.0007621,-0.151957442,-0.151957442
-0.0007596,-0.151702731,-0.151702731
-0.0007571,-0.151867618,-0.151867618
-0.0007546,-0.151826475,-0.151826475
-0.0007521,-0.151957128,-0.151957128
-0.0007496,-0.15193106,-0.15193106
-0.0007471,-0.151386776,-0.151386776
-0.0007446,-0.151116047,-0.151116047
-0.0007421,-0.1511641,-0.1511641
-0.0007396,-0.150916299,-0.150916299
-0.0007371,-0.150457442,-0.150457442
-0.0007346,-0.150177291,-0.150177291
-0.0007321,-0.149930432,-0.149930432
-0.0007296,-0.149399339,-0.149399339
-0.0007271,-0.149121701,-0.149121701
-0.0007246,-0.148681688,-0.148681688
-0.0007221,-0.147961525,-0.147961525
-0.0007196,-0.147312655,-0.147312655
-0.0007171,-0.146839351,-0.146839351
-0.0007146,-0.146173208,-0.146173208
-0.0007121,-0.145916299,-0.145916299
-0.0007096,-0.14505763,-0.14505763
-0.0007071,-0.144477542,-0.144477542
-0.0007046,-0.143742932,-0.143742932
-0.0007021,-0.142654992,-0.142654992
-0.0006996,-0.142084326,-0.142084326
-0.0006971,-0.14095807,-0.14095807
-0.0006946,-0.139884578,-0.139884578
-0.0006921,-0.139086839,-0.139086839
-0.0006896,-0.138710897,-0.138710897
-0.0006871,-0.137423208,-0.137423208
-0.0006846,-0.136271826,-0.136271826
-0.0006821,-0.13496498,-0.13496498
-0.0006796,-0.133794754,-0.133794754
-0.0006771,-0.132980055,-0.132980055
-0.0006746,-0.131660332,-0.131660332
-0.0006721,-0.130583698,-0.130583698
-0.0006696,-0.128864163,-0.128864163
-0.0006671,-0.128001412,-0.128001412
-0.0006646,-0.126862907,-0.126862907
-0.0006621,-0.125417555,-0.125417555
-0.0006596,-0.123943309,-0.123943309
-0.0006571,-0.12244959,-0.12244959
-0.0006546,-0.121292869,-0.121292869
-0.0006521,-0.119519628,-0.119519628
-0.0006496,-0.118287216,-0.118287216
-0.0006471,-0.116546952,-0.116546952
-0.0006446,-0.115189226,-0.115189226
-0.0006421,-0.113540985,-0.113540985
-0.0006396,-0.112227543,-0.112227543
-0.0006371,-0.11044645,-0.11044645
-0.0006346,-0.108557317,-0.108557317
-0.0006321,-0.106840294,-0.106840294
-0.0006296,-0.104983824,-0.104983824
-0.0006271,-0.103458699,-0.103458699
-0.0006246,-0.101833699,-0.101833699
-0.0006221,-0.100256751,-0.100256751
-0.0006196,-0.097943309,-0.097943309
-0.0006171,-0.096373586,-0.096373586
-0.0006146,-0.094539729,-0.094539729
-0.0006121,-0.092652794,-0.092652794
-0.0006096,-0.090446764,-0.090446764
-0.0006071,-0.088452417,-0.088452417
-0.0006046,-0.087038787,-0.087038787
-0.0006021,-0.085141488,-0.085141488
-0.0005996,-0.082984767,-0.082984767
-0.0005971,-0.08086542,-0.08086542
-0.0005946,-0.078789729,-0.078789729
-0.0005921,-0.076697078,-0.076697078
-0.0005896,-0.074825533,-0.074825533
-0.0005871,-0.072543812,-0.072543812
-0.0005846,-0.070233196,-0.070233196
-0.0005821,-0.068436086,-0.068436086
-0.0005796,-0.066213724,-0.066213724
-0.0005771,-0.064470948,-0.064470948
-0.0005746,-0.062078046,-0.062078046
-0.0005721,-0.059609139,-0.059609139
-0.0005696,-0.057387719,-0.057387719
-0.0005671,-0.05528596,-0.05528596
-0.0005646,-0.052910646,-0.052910646
-0.0005621,-0.050744189,-0.050744189
-0.0005596,-0.048523398,-0.048523398
-0.0005571,-0.0460413,-0.0460413
-0.0005546,-0.044165672,-0.044165672
-0.0005521,-0.04165782,-0.04165782
-0.0005496,-0.039497958,-0.039497958
-0.0005471,-0.036868875,-0.036868875
-0.0005446,-0.034403109,-0.034403109
-0.0005421,-0.032110081,-0.032110081
-0.0005396,-0.02997189,-0.02997189
-0.0005371,-0.027930119,-0.027930119
-0.0005346,-0.025070194,-0.025070194
-0.0005321,-0.022919127,-0.022919127
-0.0005296,-0.020687343,-0.020687343
-0.0005271,-0.018220634,-0.018220634
-0.0005246,-0.015698021,-0.015698021
-0.0005221,-0.013323649,-0.013323649
-0.0005196,-0.010980999,-0.010980999
-0.0005171,-0.008734139,-0.008734139
-0.0005146,-0.006526853,-0.006526853
-0.0005121,-0.003962783,-0.003962783
-0.0005096,-0.00185066,-0.00185066
-0.0005071,0.001213411,0.001213411
-0.0005046,0.003044441,0.003044441
-0.0005021,0.00511919,0.00511919
-0.0004996,0.008100659,0.008100659
-0.0004971,0.010644001,0.010644001
-0.0004946,0.012694566,0.012694566
-0.0004921,0.014618875,0.014618875
-0.0004896,0.017445823,0.017445823
-0.0004871,0.019766803,0.019766803
-0.0004846,0.02239934,0.02239934
-0.0004821,0.024296325,0.024296325
-0.0004796,0.027065797,0.027065797
-0.0004771,0.029341865,0.029341865
-0.0004746,0.031516802,0.031516802
-0.0004721,0.034127669,0.034127669
-0.0004696,0.036109139,0.036109139
-0.0004671,0.038486338,0.038486338
-0.0004646,0.040577418,0.040577418
-0.0004621,0.043220006,0.043220006
-0.0004596,0.045333071,0.045333071
-0.0004571,0.047947393,0.047947393
-0.0004546,0.050041614,0.050041614
-0.0004521,0.052086526,0.052086526
-0.0004496,0.054466551,0.054466551
-0.0004471,0.056545697,0.056545697
-0.0004446,0.059101287,0.059101287
-0.0004421,0.061118247,0.061118247
-0.0004396,0.06353282,0.06353282
-0.0004371,0.065336212,0.065336212
-0.0004346,0.0679788,0.0679788
-0.0004321,0.069826789,0.069826789
-0.0004296,0.071745445,0.071745445
-0.0004271,0.073878611,0.073878611
-0.0004246,0.076209327,0.076209327
-0.0004221,0.078548837,0.078548837
-0.0004196,0.080159704,0.080159704
-0.0004171,0.082124528,0.082124528
-0.0004146,0.084030935,0.084030935
-0.0004121,0.086607568,0.086607568
-0.0004096,0.088345948,0.088345948
-0.0004071,0.090135206,0.090135206
-0.0004046,0.092029993,0.092029993
-0.0004021,0.09366253,0.09366253
-0.0003996,0.09550047,0.09550047
-0.0003971,0.097808573,0.097808573
-0.0003946,0.099559201,0.099559201
-0.0003921,0.101225973,0.101225973
-0.0003896,0.10296498,0.10296498
-0.0003871,0.104747957,0.104747957
-0.0003846,0.106436086,0.106436086
-0.0003821,0.107819565,0.107819565
-0.0003796,0.109317367,0.109317367
-0.0003771,0.11166944,0.11166944
-0.0003746,0.112958384,0.112958384
-0.0003721,0.114611023,0.114611023
-0.0003696,0.116141802,0.116141802
-0.0003671,0.117632693,0.117632693
-0.0003646,0.118827417,0.118827417
-0.0003621,0.120702731,0.120702731
-0.0003596,0.121896513,0.121896513
-0.0003571,0.123574276,0.123574276
-0.0003546,0.124885206,0.124885206
-0.0003521,0.12593954,0.12593954
-0.0003496,0.127650281,0.127650281
-0.0003471,0.128807631,0.128807631
-0.0003446,0.129959012,0.129959012
-0.0003421,0.13116944,0.13116944
-0.0003396,0.132250784,0.132250784
-0.0003371,0.133590922,0.133590922
-0.0003346,0.13464557,0.13464557
-0.0003321,0.135751726,0.135751726
-0.0003296,0.136589037,0.136589037
-0.0003271,0.137875156,0.137875156
-0.0003246,0.138854113,0.138854113
-0.0003221,0.139833698,0.139833698
-0.0003196,0.140830243,0.140830243
-0.0003171,0.141207128,0.141207128
-0.0003146,0.142077731,0.142077731
-0.0003121,0.143148397,0.143148397
-0.0003096,0.144148397,0.144148397
-0.0003071,0.144464037,0.144464037
-0.0003046,0.145604741,0.145604741
-0.0003021,0.146095633,0.146095633
-0.0002996,0.14658998,0.14658998
-0.0002971,0.147126412,0.147126412
-0.0002946,0.147527166,0.147527166
-0.0002921,0.148287216,0.148287216
-0.0002896,0.148750155,0.148750155
-0.0002871,0.149480369,0.149480369
-0.0002846,0.149855683,0.149855683
-0.0002821,0.149959012,0.149959012
-0.0002796,0.150034703,0.150034703
-0.0002771,0.150410645,0.150410645
-0.0002746,0.151021198,0.151021198
-0.0002721,0.151013975,0.151013975
-0.0002696,0.151555746,0.151555746
-0.0002671,0.151482882,0.151482882
-0.0002646,0.151438598,0.151438598
-0.0002621,0.151751098,0.151751098
-0.0002596,0.151731311,0.151731311
-0.0002571,0.151642743,0.151642743
-0.0002546,0.151600972,0.151600972
-0.0002521,0.15151209,0.15151209
-0.0002496,0.151180118,0.151180118
-0.0002471,0.151579301,0.151579301
-0.0002446,0.151206186,0.151206186
-0.0002421,0.150958384,0.150958384
-0.0002396,0.150812969,0.150812969
-0.0002371,0.150636148,0.150636148
-0.0002346,0.150274653,0.150274653
-0.0002321,0.149586525,0.149586525
-0.0002296,0.149051663,0.149051663
-0.0002271,0.148993874,0.148993874
-0.0002246,0.148799464,0.148799464
-0.0002221,0.147990733,0.147990733
-0.0002196,0.147592178,0.147592178
-0.0002171,0.146775281,0.146775281
-0.0002146,0.146233824,0.146233824
-0.0002121,0.145439854,0.145439854
-0.0002096,0.144712153,0.144712153
-0.0002071,0.144047266,0.144047266
-0.0002046,0.143268686,0.143268686
-0.0002021,0.142727228,0.142727228
-0.0001996,0.141855997,0.141855997
-0.0001971,0.140981625,0.140981625
-0.0001946,0.139904992,0.139904992
-0.0001921,0.138932944,0.138932944
-0.0001896,0.137872643,0.137872643
-0.0001871,0.13697346,0.13697346
-0.0001846,0.136051035,0.136051035
-0.0001821,0.134842806,0.134842806
-0.0001796,0.133928548,0.133928548
-0.0001771,0.132525595,0.132525595
-0.0001746,0.13162547,0.13162547
-0.0001721,0.130263661,0.130263661
-0.0001696,0.128951475,0.128951475
-0.0001671,0.127494188,0.127494188
-0.0001646,0.126257693,0.126257693
-0.0001621,0.125212781,0.125212781
-0.0001596,0.123968435,0.123968435
-0.0001571,0.122330872,0.122330872
-0.0001546,0.120778108,0.120778108
-0.0001521,0.11982459,0.11982459
-0.0001496,0.118211839,0.118211839
-0.0001471,0.116340922,0.116340922
-0.0001446,0.114550721,0.114550721
-0.0001421,0.113416927,0.113416927
-0.0001396,0.111771827,0.111771827
-0.0001371,0.110427606,0.110427606
-0.0001346,0.108831814,0.108831814
-0.0001321,0.107129553,0.107129553
-0.0001296,0.105147141,0.105147141
-0.0001271,0.103143058,0.103143058
-0.0001246,0.101746387,0.101746387
-0.0001221,0.09998351,0.09998351
-0.0001196,0.097778422,0.097778422
-0.0001171,0.096261463,0.096261463
-0.0001146,0.094815169,0.094815169
-0.0001121,0.092582128,0.092582128
-0.0001096,0.090629867,0.090629867
-0.0001071,0.088669754,0.088669754
-0.0001046,0.086565797,0.086565797
-0.0001021,0.084674151,0.084674151
-9.96E-05,0.082913159,0.082913159
-9.71E-05,0.080763033,0.080763033
-9.46E-05,0.078718749,0.078718749
-9.21E-05,0.076555433,0.076555433
-8.96E-05,0.074836212,0.074836212
-8.71E-05,0.0727489,0.0727489
-8.46E-05,0.070206186,0.070206186
-8.21E-05,0.068137405,0.068137405
-7.96E-05,0.066047581,0.066047581
-7.71E-05,0.063770571,0.063770571
-7.46E-05,0.061611965,0.061611965
-7.21E-05,0.059747016,0.059747016
-6.96E-05,0.057329302,0.057329302
-6.71E-05,0.055244189,0.055244189
-6.46E-05,0.05303439,0.05303439
-6.21E-05,0.050822079,0.050822079
-5.96E-05,0.048192682,0.048192682
-5.71E-05,0.04565939,0.04565939
-5.46E-05,0.043529679,0.043529679
-5.21E-05,0.041531878,0.041531878
-4.96E-05,0.039736652,0.039736652
-4.71E-05,0.037004554,0.037004554
-4.46E-05,0.03452434,0.03452434
-4.21E-05,0.031932946,0.031932946
-3.96E-05,0.030184516,0.030184516
-3.71E-05,0.027399026,0.027399026
-3.46E-05,0.024970948,0.024970948
-3.21E-05,0.022892431,0.022892431
-2.96E-05,0.020597519,0.020597519
-2.71E-05,0.018281564,0.018281564
-2.46E-05,0.015827418,0.015827418
-2.21E-05,0.013588097,0.013588097
-1.96E-05,0.010852544,0.010852544
-1.71E-05,0.008475659,0.008475659
-1.46E-05,0.006175094,0.006175094
-1.21E-05,0.004104114,0.004104114
-9.6E-06,0.001333072,0.001333072
-7.1E-06,-0.001013348,-0.001013348
-4.6E-06,-0.003183574,-0.003183574
-2.1E-06,-0.005484768,-0.005484768
4E-07,-0.007881438,-0.007881438
2.9E-06,-0.010489479,-0.010489479
5.4E-06,-0.012859139,-0.012859139
7.9E-06,-0.015490107,-0.015490107
1.04E-05,-0.017908762,-0.017908762
1.29E-05,-0.019714667,-0.019714667
1.54E-05,-0.022069252,-0.022069252
1.79E-05,-0.024756124,-0.024756124
2.04E-05,-0.026940483,-0.026940483
2.29E-05,-0.029099089,-0.029099089
2.54E-05,-0.031847204,-0.031847204
2.79E-05,-0.034209013,-0.034209013
3.04E-05,-0.036671325,-0.036671325
3.29E-05,-0.038775596,-0.038775596
3.54E-05,-0.040698963,-0.040698963
3.79E-05,-0.043299466,-0.043299466
4.04E-05,-0.045476915,-0.045476915
4.29E-05,-0.047996388,-0.047996388
4.54E-05,-0.050256752,-0.050256752
4.79E-05,-0.052421011,-0.052421011
5.04E-05,-0.054590923,-0.054590923
5.29E-05,-0.05704287,-0.05704287
5.54E-05,-0.059024026,-0.059024026
5.79E-05,-0.060922267,-0.060922267
6.04E-05,-0.0634788,-0.0634788
6.29E-05,-0.06528439,-0.06528439
6.54E-05,-0.06766096,-0.06766096
6.79E-05,-0.069848774,-0.069848774
7.04E-05,-0.071993561,-0.071993561
7.29E-05,-0.0740614,-0.0740614
7.54E-05,-0.076305119,-0.076305119
7.79E-05,-0.078287845,-0.078287845
8.04E-05,-0.080112593,-0.080112593
8.29E-05,-0.082299465,-0.082299465
8.54E-05,-0.08391787,-0.08391787
8.79E-05,-0.085976601,-0.085976601
9.04E-05,-0.087959955,-0.087959955
9.29E-05,-0.090407191,-0.090407191
9.54E-05,-0.092130181,-0.092130181
9.79E-05,-0.093829616,-0.093829616
0.0001004,-0.095339038,-0.095339038
0.0001029,-0.097729741,-0.097729741
0.0001054,-0.099358196,-0.099358196
0.0001079,-0.100947706,-0.100947706
0.0001104,-0.102736965,-0.102736965
0.0001129,-0.104934829,-0.104934829
0.0001154,-0.106671952,-0.106671952
0.0001179,-0.108134892,-0.108134892
0.0001204,-0.109957442,-0.109957442
0.0001229,-0.111058259,-0.111058259
0.0001254,-0.112965608,-0.112965608
0.0001279,-0.114568623,-0.114568623
0.0001304,-0.116316425,-0.116316425
0.0001329,-0.117861651,-0.117861651
0.0001354,-0.119131437,-0.119131437
0.0001379,-0.120718749,-0.120718749
0.0001404,-0.122337153,-0.122337153
0.0001429,-0.123698334,-0.123698334
0.0001454,-0.124819879,-0.124819879
0.0001479,-0.126203673,-0.126203673
0.0001504,-0.127494188,-0.127494188
0.0001529,-0.129090922,-0.129090922
0.0001554,-0.13026052,-0.13026052
0.0001579,-0.131342492,-0.131342492
0.0001604,-0.132525909,-0.132525909
0.0001629,-0.133420696,-0.133420696
0.0001654,-0.134793183,-0.134793183
0.0001679,-0.135914728,-0.135914728
0.0001704,-0.136605369,-0.136605369
0.0001729,-0.137462467,-0.137462467
0.0001754,-0.138772455,-0.138772455
0.0001779,-0.139986022,-0.139986022
0.0001804,-0.140817053,-0.140817053
0.0001829,-0.141595947,-0.141595947
0.0001854,-0.142266487,-0.142266487
0.0001879,-0.143034703,-0.143034703
0.0001904,-0.143894314,-0.143894314
0.0001929,-0.144538158,-0.144538158
0.0001954,-0.145244502,-0.145244502
0.0001979,-0.145977228,-0.145977228
0.0002004,-0.146845947,-0.146845947
0.0002029,-0.147302919,-0.147302919
0.0002054,-0.148150281,-0.148150281
0.0002079,-0.148066738,-0.148066738
0.0002104,-0.148601286,-0.148601286
0.0002129,-0.149413786,-0.149413786
0.0002154,-0.149627982,-0.149627982
0.0002179,-0.150151223,-0.150151223
0.0002204,-0.150475972,-0.150475972
0.0002229,-0.150724716,-0.150724716
0.0002254,-0.151003924,-0.151003924
0.0002279,-0.151460268,-0.151460268
0.0002304,-0.151246701,-0.151246701
0.0002329,-0.151736022,-0.151736022
0.0002354,-0.151560143,-0.151560143
0.0002379,-0.151797266,-0.151797266
0.0002404,-0.151774967,-0.151774967
0.0002429,-0.152236336,-0.152236336
0.0002454,-0.15186165,-0.15186165
0.0002479,-0.151686713,-0.151686713
0.0002504,-0.151775909,-0.151775909
0.0002529,-0.151685143,-0.151685143
0.0002554,-0.151350658,-0.151350658
0.0002579,-0.150755809,-0.150755809
0.0002604,-0.150732253,-0.150732253
0.0002629,-0.150834012,-0.150834012
0.0002654,-0.150412844,-0.150412844
0.0002679,-0.150037216,-0.150037216
0.0002704,-0.149581814,-0.149581814
0.0002729,-0.148879552,-0.148879552
0.0002754,-0.148188912,-0.148188912
0.0002779,-0.148289414,-0.148289414
0.0002804,-0.147562341,-0.147562341
0.0002829,-0.146819565,-0.146819565
0.0002854,-0.146162844,-0.146162844
0.0002879,-0.145762718,-0.145762718
0.0002904,-0.145205557,-0.145205557
0.0002929,-0.144111336,-0.144111336
0.0002954,-0.14311008,-0.14311008
0.0002979,-0.142534703,-0.142534703
0.0003004,-0.141888346,-0.141888346
0.0003029,-0.140774967,-0.140774967
0.0003054,-0.14025204,-0.14025204
0.0003079,-0.139133635,-0.139133635
0.0003104,-0.138134264,-0.138134264
0.0003129,-0.137254553,-0.137254553
0.0003154,-0.136268686,-0.136268686
0.0003179,-0.134971575,-0.134971575
0.0003204,-0.133720633,-0.133720633
0.0003229,-0.132625784,-0.132625784
0.0003254,-0.131557316,-0.131557316
0.0003279,-0.130764603,-0.130764603
0.0003304,-0.129319251,-0.129319251
0.0003329,-0.12805606,-0.12805606
0.0003354,-0.126675407,-0.126675407
0.0003379,-0.125193937,-0.125193937
0.0003404,-0.124155306,-0.124155306
0.0003429,-0.122598146,-0.122598146
0.0003454,-0.120924779,-0.120924779
0.0003479,-0.119536274,-0.119536274
0.0003504,-0.118487279,-0.118487279
0.0003529,-0.117019628,-0.117019628
0.0003554,-0.115259264,-0.115259264
0.0003579,-0.113444879,-0.113444879
0.0003604,-0.111512091,-0.111512091
0.0003629,-0.11037704,-0.11037704
0.0003654,-0.108682631,-0.108682631
0.0003679,-0.106952103,-0.106952103
0.0003704,-0.105100344,-0.105100344
0.0003729,-0.103553548,-0.103553548
0.0003754,-0.101947706,-0.101947706
0.0003779,-0.099818623,-0.099818623
0.0003804,-0.097992618,-0.097992618
0.0003829,-0.096177292,-0.096177292
0.0003854,-0.094566739,-0.094566739
0.0003879,-0.092358196,-0.092358196
0.0003904,-0.090545068,-0.090545068
0.0003929,-0.088788159,-0.088788159
0.0003954,-0.086692367,-0.086692367
0.0003979,-0.084592179,-0.084592179
0.0004004,-0.082982568,-0.082982568
0.0004029,-0.080965922,-0.080965922
0.0004054,-0.078447706,-0.078447706
0.0004079,-0.07671498,-0.07671498
0.0004104,-0.074327418,-0.074327418
0.0004129,-0.072448335,-0.072448335
0.0004154,-0.070447392,-0.070447392
0.0004179,-0.068742305,-0.068742305
0.0004204,-0.066264918,-0.066264918
0.0004229,-0.063846576,-0.063846576
0.0004254,-0.061652795,-0.061652795
0.0004279,-0.059640232,-0.059640232
0.0004304,-0.057362594,-0.057362594
0.0004329,-0.054982883,-0.054982883
0.0004354,-0.053082443,-0.053082443
0.0004379,-0.051001413,-0.051001413
0.0004404,-0.048659704,-0.048659704
0.0004429,-0.046144315,-0.046144315
0.0004454,-0.043799152,-0.043799152
0.0004479,-0.041644943,-0.041644943
0.0004504,-0.039448963,-0.039448963
0.0004529,-0.036999843,-0.036999843
0.0004554,-0.03459532,-0.03459532
0.0004579,-0.032501099,-0.032501099
0.0004604,-0.030027481,-0.030027481
0.0004629,-0.027891488,-0.027891488
0.0004654,-0.025466865,-0.025466865
0.0004679,-0.023035019,-0.023035019
0.0004704,-0.020462468,-0.020462468
0.0004729,-0.018175094,-0.018175094
0.0004754,-0.015995446,-0.015995446
0.0004779,-0.013334956,-0.013334956
0.0004804,-0.011297582,-0.011297582
0.0004829,-0.008496388,-0.008496388
0.0004854,-0.006520572,-0.006520572
0.0004879,-0.004131124,-0.004131124
0.0004904,-0.001665986,-0.001665986
0.0004929,0.000779051,0.000779051
0.0004954,0.003493876,0.003493876
0.0004979,0.005794441,0.005794441
0.0005004,0.008179805,0.008179805
0.0005029,0.009975974,0.009975974
0.0005054,0.012727544,0.012727544
0.0005079,0.015288473,0.015288473
0.0005104,0.017577732,0.017577732
0.0005129,0.019758637,0.019758637
0.0005154,0.02228439,0.02228439
0.0005179,0.024962468,0.024962468
0.0005204,0.027048524,0.027048524
0.0005229,0.029241677,0.029241677
0.0005254,0.031298524,0.031298524
0.0005279,0.034119503,0.034119503
0.0005304,0.036251727,0.036251727
0.0005329,0.038690797,0.038690797
0.0005354,0.041172895,0.041172895
0.0005379,0.042906878,0.042906878
0.0005404,0.045448335,0.045448335
0.0005429,0.047803863,0.047803863
0.0005454,0.050366048,0.050366048
0.0005479,0.052190483,0.052190483
0.0005504,0.054186714,0.054186714
0.0005529,0.056440797,0.056440797
0.0005554,0.059089981,0.059089981
0.0005579,0.061153737,0.061153737
0.0005604,0.063136149,0.063136149
0.0005629,0.065516802,0.065516802
0.0005654,0.067529679,0.067529679
0.0005679,0.069731626,0.069731626
0.0005704,0.071505495,0.071505495
0.0005729,0.073887405,0.073887405
0.0005754,0.075818938,0.075818938
0.0005779,0.078005809,0.078005809
0.0005804,0.080198335,0.080198335
0.0005829,0.082389603,0.082389603
0.0005854,0.084254553,0.084254553
0.0005879,0.085933259,0.085933259
0.0005904,0.088022455,0.088022455
0.0005929,0.089887405,0.089887405
0.0005954,0.092100344,0.092100344
0.0005979,0.09376052,0.09376052
0.0006004,0.09585003,0.09585003
0.0006029,0.09749199,0.09749199
0.0006054,0.09948037,0.09948037
0.0006079,0.101440169,0.101440169
0.0006104,0.102871387,0.102871387
0.0006129,0.104562342,0.104562342
0.0006154,0.106212153,0.106212153
0.0006179,0.108213724,0.108213724
0.0006204,0.109848146,0.109848146
0.0006229,0.111269942,0.111269942
0.0006254,0.112912844,0.112912844
0.0006279,0.114704616,0.114704616
0.0006304,0.116228485,0.116228485
0.0006329,0.117659389,0.117659389
0.0006354,0.119121701,0.119121701
0.0006379,0.120268058,0.120268058
0.0006404,0.121770884,0.121770884
0.0006429,0.12333998,0.12333998
0.0006454,0.124772141,0.124772141
0.0006479,0.126218749,0.126218749
0.0006504,0.12744959,0.12744959
0.0006529,0.128729113,0.128729113
0.0006554,0.129861022,0.129861022
0.0006579,0.131117932,0.131117932
0.0006604,0.132021198,0.132021198
0.0006629,0.133303862,0.133303862
0.0006654,0.134642429,0.134642429
0.0006679,0.135808887,0.135808887
0.0006704,0.136912216,0.136912216
0.0006729,0.13752905,0.13752905
0.0006754,0.138459326,0.138459326
0.0006779,0.139534389,0.139534389
0.0006804,0.140572078,0.140572078
0.0006829,0.141583698,0.141583698
0.0006854,0.142394314,0.142394314
0.0006879,0.142953987,0.142953987
0.0006904,0.143736022,0.143736022
0.0006929,0.144955557,0.144955557
0.0006954,0.145349088,0.145349088
0.0006979,0.145982253,0.145982253
0.0007004,0.146484766,0.146484766
0.0007029,0.147534075,0.147534075
0.0007054,0.147624841,0.147624841
0.0007079,0.148325532,0.148325532
0.0007104,0.148838095,0.148838095
0.0007129,0.149168183,0.149168183
0.0007154,0.149832442,0.149832442
0.0007179,0.150181374,0.150181374
0.0007204,0.150430746,0.150430746
0.0007229,0.150538786,0.150538786
0.0007254,0.150644314,0.150644314
0.0007279,0.150971889,0.150971889
0.0007304,0.151762404,0.151762404
0.0007329,0.151468434,0.151468434
0.0007354,0.151584012,0.151584012
0.0007379,0.151883007,0.151883007
0.0007404,0.151546952,0.151546952
0.0007429,0.151769314,0.151769314
0.0007454,0.151452103,0.151452103
0.0007479,0.151471261,0.151471261
0.0007504,0.151524653,0.151524653
0.0007529,0.151380809,0.151380809
0.0007554,0.151343748,0.151343748
0.0007579,0.151065796,0.151065796
0.0007604,0.150686399,0.150686399
0.0007629,0.150168497,0.150168497
0.0007654,0.150188912,0.150188912
0.0007679,0.149744816,0.149744816
0.0007704,0.149639289,0.149639289
0.0007729,0.148527165,0.148527165
0.0007754,0.148129552,0.148129552
0.0007779,0.148149339,0.148149339
0.0007804,0.147352856,0.147352856
0.0007829,0.146660645,0.146660645
0.0007854,0.145900909,0.145900909
0.0007879,0.145509264,0.145509264
0.0007904,0.1447065,0.1447065
0.0007929,0.144067052,0.144067052
0.0007954,0.143215608,0.143215608
0.0007979,0.142369502,0.142369502
0.0008004,0.141700218,0.141700218
0.0008029,0.140932316,0.140932316
0.0008054,0.140309829,0.140309829
0.0008079,0.13880449,0.13880449
0.0008104,0.137597831,0.137597831
0.0008129,0.136799779,0.136799779
0.0008154,0.136292555,0.136292555
0.0008179,0.135162844,0.135162844
0.0008204,0.133913786,0.133913786
0.0008229,0.132752668,0.132752668
0.0008254,0.131478485,0.131478485
0.0008279,0.130383007,0.130383007
0.0008304,0.128901538,0.128901538
0.0008329,0.127910646,0.127910646
0.0008354,0.126309829,0.126309829
0.0008379,0.125382379,0.125382379
0.0008404,0.123736965,0.123736965
0.0008429,0.12255449,0.12255449
0.0008454,0.121192053,0.121192053
0.0008479,0.119308573,0.119308573
0.0008504,0.117927291,0.117927291
0.0008529,0.116609138,0.116609138
0.0008554,0.114912216,0.114912216
0.0008579,0.113269628,0.113269628
0.0008604,0.111873271,0.111873271
0.0008629,0.109931689,0.109931689
0.0008654,0.108648083,0.108648083
0.0008679,0.10711699,0.10711699
0.0008704,0.105232882,0.105232882
0.0008729,0.10330449,0.10330449
0.0008754,0.10119802,0.10119802
0.0008779,0.099841865,0.099841865
0.0008804,0.098272141,0.098272141
0.0008829,0.096051035,0.096051035
0.0008854,0.094300407,0.094300407
0.0008879,0.092629867,0.092629867
0.0008904,0.090783133,0.090783133
0.0008929,0.088644314,0.088644314
0.0008954,0.086456814,0.086456814
0.0008979,0.084432317,0.084432317
0.0009004,0.082843121,0.082843121
0.0009029,0.080903108,0.080903108
0.0009054,0.078895257,0.078895257
0.0009079,0.076857568,0.076857568
0.0009104,0.074518686,0.074518686
0.0009129,0.072430433,0.072430433
0.0009154,0.070289415,0.070289415
0.0009179,0.068316739,0.068316739
0.0009204,0.066060144,0.066060144
0.0009229,0.063804805,0.063804805
0.0009254,0.0619163,0.0619163
0.0009279,0.059685772,0.059685772
0.0009304,0.057527795,0.057527795
0.0009329,0.055104742,0.055104742
0.0009354,0.052948335,0.052948335
0.0009379,0.050383322,0.050383322
0.0009404,0.048605998,0.048605998
0.0009429,0.046064541,0.046064541
0.0009454,0.043777795,0.043777795
0.0009479,0.041219692,0.041219692
0.0009504,0.039215923,0.039215923
0.0009529,0.037391488,0.037391488
0.0009554,0.034572707,0.034572707
0.0009579,0.032077418,0.032077418
0.0009604,0.02974576,0.02974576
0.0009629,0.027306061,0.027306061
0.0009654,0.025119503,0.025119503
0.0009679,0.022936086,0.022936086
0.0009704,0.02058527,0.02058527
0.0009729,0.018216237,0.018216237
0.0009754,0.015978172,0.015978172
0.0009779,0.013298838,0.013298838
0.0009804,0.011149968,0.011149968
0.0009829,0.008384579,0.008384579
0.0009854,0.006042871,0.006042871
0.0009879,0.003769943,0.003769943
0.0009904,0.001722205,0.001722205
0.0009929,-0.000768059,-0.000768059
0.0009954,-0.003186087,-0.003186087
0.0009979,-0.005725345,-0.005725345
0.0010004,-0.008015232,-0.008015232
0.0010029,-0.010267117,-0.010267117
0.0010054,-0.013013034,-0.013013034
0.0010079,-0.015118875,-0.015118875
0.0010104,-0.01749419,-0.01749419
0.0010129,-0.019828674,-0.019828674
0.0010154,-0.022246074,-0.022246074
0.0010179,-0.024474717,-0.024474717
0.0010204,-0.026722833,-0.026722833
0.0010229,-0.029459328,-0.029459328
0.0010254,-0.031608825,-0.031608825
0.0010279,-0.034036589,-0.034036589
0.0010304,-0.036191111,-0.036191111
0.0010329,-0.038856312,-0.038856312
0.0010354,-0.040985081,-0.040985081
0.0010379,-0.042921011,-0.042921011
0.0010404,-0.045268059,-0.045268059
0.0010429,-0.047730684,-0.047730684
0.0010454,-0.050221576,-0.050221576
0.0010479,-0.052546953,-0.052546953
0.0010504,-0.054793184,-0.054793184
0.0010529,-0.05675738,-0.05675738
0.0010554,-0.05882145,-0.05882145
0.0010579,-0.061498272,-0.061498272
0.0010604,-0.063306061,-0.063306061
0.0010629,-0.065346262,-0.065346262
0.0010654,-0.067688284,-0.067688284
0.0010679,-0.07016944,-0.07016944
0.0010704,-0.072385521,-0.072385521
0.0010729,-0.074242304,-0.074242304
0.0010754,-0.075875156,-0.075875156
0.0010779,-0.078145571,-0.078145571
0.0010804,-0.079999214,-0.079999214
0.0010829,-0.082242304,-0.082242304
0.0010854,-0.084388975,-0.084388975
0.0010879,-0.086209955,-0.086209955
0.0010904,-0.088258322,-0.088258322
0.0010929,-0.090261777,-0.090261777
0.0010954,-0.092048523,-0.092048523
0.0010979,-0.09391253,-0.09391253
0.0011004,-0.095745445,-0.095745445
0.0011029,-0.097443937,-0.097443937
0.0011054,-0.099210583,-0.099210583
0.0011079,-0.101258322,-0.101258322
0.0011104,-0.103264917,-0.103264917
0.0011129,-0.104703674,-0.104703674
0.0011154,-0.106266488,-0.106266488
0.0011179,-0.108305118,-0.108305118
0.0011204,-0.109771513,-0.109771513
0.0011229,-0.111293183,-0.111293183
0.0011254,-0.112933573,-0.112933573
0.0011279,-0.114222204,-0.114222204
0.0011304,-0.116056688,-0.116056688
0.0011329,-0.117918812,-0.117918812
0.0011354,-0.119548523,-0.119548523
0.0011379,-0.120820193,-0.120820193
0.0011404,-0.121739163,-0.121739163
0.0011429,-0.12331454,-0.12331454
0.0011454,-0.125011462,-0.125011462
0.0011479,-0.126082442,-0.126082442
0.0011504,-0.127543811,-0.127543811
0.0011529,-0.128932631,-0.128932631
0.0011554,-0.130327103,-0.130327103
0.0011579,-0.131550093,-0.131550093
0.0011604,-0.132626098,-0.132626098
0.0011629,-0.133559515,-0.133559515
0.0011654,-0.134691739,-0.134691739
0.0011679,-0.135772455,-0.135772455
0.0011704,-0.136938598,-0.136938598
0.0011729,-0.138244816,-0.138244816
0.0011754,-0.138663472,-0.138663472
0.0011779,-0.139938598,-0.139938598
0.0011804,-0.140779678,-0.140779678
0.0011829,-0.14177748,-0.14177748
0.0011854,-0.142463409,-0.142463409
0.0011879,-0.143145884,-0.143145884
0.0011904,-0.144013346,-0.144013346
0.0011929,-0.144416927,-0.144416927
0.0011954,-0.145364791,-0.145364791
0.0011979,-0.146405306,-0.146405306
0.0012004,-0.146782505,-0.146782505
0.0012029,-0.14737547,-0.14737547
0.0012054,-0.147884263,-0.147884263
0.0012079,-0.148423522,-0.148423522
0.0012104,-0.14869111,-0.14869111
0.0012129,-0.149072706,-0.149072706
0.0012154,-0.149282819,-0.149282819
0.0012179,-0.150253924,-0.150253924
0.0012204,-0.150789414,-0.150789414
0.0012229,-0.150923208,-0.150923208
0.0012254,-0.15077057,-0.15077057
0.0012279,-0.151045382,-0.151045382
0.0012304,-0.151293183,-0.151293183
0.0012329,-0.15145116,-0.15145116
0.0012354,-0.151557316,-0.151557316
0.0012379,-0.151804176,-0.151804176
0.0012404,-0.151733196,-0.151733196
0.0012429,-0.15183464,-0.15183464
0.0012454,-0.15204915,-0.15204915
0.0012479,-0.151811713,-0.151811713
0.0012504,-0.151352542,-0.151352542
0.0012529,-0.151361964,-0.151361964
0.0012554,-0.151278108,-0.151278108
0.0012579,-0.151214665,-0.151214665
0.0012604,-0.150828673,-0.150828673
0.0012629,-0.150510834,-0.150510834
0.0012654,-0.150413158,-0.150413158
0.0012679,-0.150161588,-0.150161588
0.0012704,-0.149610394,-0.149610394
0.0012729,-0.149101914,-0.149101914
0.0012754,-0.148515859,-0.148515859
0.0012779,-0.147807316,-0.147807316
0.0012804,-0.147490105,-0.147490105
0.0012829,-0.147101286,-0.147101286
0.0012854,-0.146553233,-0.146553233
0.0012879,-0.145872957,-0.145872957
0.0012904,-0.144894628,-0.144894628
0.0012929,-0.144263975,-0.144263975
0.0012954,-0.143717178,-0.143717178
0.0012979,-0.142462467,-0.142462467
0.0013004,-0.14156611,-0.14156611
0.0013029,-0.141055746,-0.141055746
0.0013054,-0.140248271,-0.140248271
0.0013079,-0.139390231,-0.139390231
0.0013104,-0.13826052,-0.13826052
0.0013129,-0.137291613,-0.137291613
0.0013154,-0.135767115,-0.135767115
0.0013179,-0.135023083,-0.135023083
0.0013204,-0.13405606,-0.13405606
0.0013229,-0.132767744,-0.132767744
0.0013254,-0.131498899,-0.131498899
0.0013279,-0.130357254,-0.130357254
0.0013304,-0.129331186,-0.129331186
0.0013329,-0.127961525,-0.127961525
0.0013354,-0.126483824,-0.126483824
0.0013379,-0.125057945,-0.125057945
0.0013404,-0.12387547,-0.12387547
0.0013429,-0.122557317,-0.122557317
0.0013454,-0.120997957,-0.120997957
0.0013479,-0.119733196,-0.119733196
0.0013504,-0.117972832,-0.117972832
0.0013529,-0.116762405,-0.116762405
0.0013554,-0.115213724,-0.115213724
0.0013579,-0.113630181,-0.113630181
0.0013604,-0.111866676,-0.111866676
0.0013629,-0.110021827,-0.110021827
0.0013654,-0.108440483,-0.108440483
0.0013679,-0.106997329,-0.106997329
0.0013704,-0.105526224,-0.105526224
0.0013729,-0.103599402,-0.103599402
0.0013754,-0.101959955,-0.101959955
0.0013779,-0.099889603,-0.099889603
0.0013804,-0.098117618,-0.098117618
0.0013829,-0.096387091,-0.096387091
0.0013854,-0.094250156,-0.094250156
0.0013879,-0.09260851,-0.09260851
0.0013904,-0.090687028,-0.090687028
0.0013929,-0.088965294,-0.088965294
0.0013954,-0.08705135,-0.08705135
0.0013979,-0.08486542,-0.08486542
0.0014004,-0.082548837,-0.082548837
0.0014029,-0.080768686,-0.080768686
0.0014054,-0.078944566,-0.078944566
0.0014079,-0.076641488,-0.076641488
0.0014104,-0.074561714,-0.074561714
0.0014129,-0.072505181,-0.072505181
0.0014154,-0.070519315,-0.070519315
0.0014179,-0.068457129,-0.068457129
0.0014204,-0.066314541,-0.066314541
0.0014229,-0.063738536,-0.063738536
0.0014254,-0.061599717,-0.061599717
0.0014279,-0.059545068,-0.059545068
0.0014304,-0.057460584,-0.057460584
0.0014329,-0.055309516,-0.055309516
0.0014354,-0.052800408,-0.052800408
0.0014379,-0.050600345,-0.050600345
0.0014404,-0.048506438,-0.048506438
0.0014429,-0.046313599,-0.046313599
0.0014454,-0.043681689,-0.043681689
0.0014479,-0.041605998,-0.041605998
0.0014504,-0.038986338,-0.038986338
0.0014529,-0.036779051,-0.036779051
0.0014554,-0.034766802,-0.034766802
0.0014579,-0.032655936,-0.032655936
0.0014604,-0.030162845,-0.030162845
0.0014629,-0.027708071,-0.027708071
0.0014654,-0.025273084,-0.025273084
0.0014679,-0.023000785,-0.023000785
0.0014704,-0.020635207,-0.020635207
0.0014729,-0.018010207,-0.018010207
0.0014754,-0.016072707,-0.016072707
0.0014779,-0.013739793,-0.013739793
0.0014804,-0.01135223,-0.01135223
0.0014829,-0.0090212,-0.0090212
0.0014854,-0.006295069,-0.006295069
0.0014879,-0.003752355,-0.003752355
0.0014904,-0.001585898,-0.001585898
0.0014929,0.00055135,0.00055135
0.0014954,0.003177607,0.003177607
0.0014979,0.005513034,0.005513034
0.0015004,0.007951476,0.007951476
0.0015029,0.010377041,0.010377041
0.0015054,0.012488222,0.012488222
0.0015079,0.014830245,0.014830245
0.0015104,0.017520885,0.017520885
0.0015129,0.020208385,0.020208385
0.0015154,0.022185458,0.022185458
0.0015179,0.024516803,0.024516803
0.0015204,0.026880182,0.026880182
0.0015229,0.029370446,0.029370446
0.0015254,0.03142478,0.03142478
0.0015279,0.033594692,0.033594692
0.0015304,0.036335584,0.036335584
0.0015329,0.038743875,0.038743875
0.0015354,0.0410413,0.0410413
0.0015379,0.043275596,0.043275596
0.0015404,0.045622958,0.045622958
0.0015429,0.047394315,0.047394315
0.0015454,0.049842493,0.049842493
0.0015479,0.052255182,0.052255182
0.0015504,0.054524026,0.054524026
0.0015529,0.056806061,0.056806061
0.0015554,0.05891787,0.05891787
0.0015579,0.06132145,0.06132145
0.0015604,0.063344692,0.063344692
0.0015629,0.065349403,0.065349403
0.0015654,0.067395571,0.067395571
0.0015679,0.069560772,0.069560772
0.0015704,0.071736337,0.071736337
0.0015729,0.074009264,0.074009264
0.0015754,0.076289101,0.076289101
0.0015779,0.077928234,0.077928234
0.0015804,0.080158448,0.080158448
0.0015829,0.08197346,0.08197346
0.0015854,0.084248586,0.084248586
0.0015879,0.086168812,0.086168812
0.0015904,0.08797503,0.08797503
0.0015929,0.089583699,0.089583699
0.0015954,0.091941425,0.091941425
0.0015979,0.094077417,0.094077417
0.0016004,0.095631123,0.095631123
0.0016029,0.097483196,0.097483196
0.0016054,0.099145256,0.099145256
0.0016079,0.101123586,0.101123586
0.0016104,0.1026864,0.1026864
0.0016129,0.104530307,0.104530307
0.0016154,0.106321764,0.106321764
0.0016179,0.108163472,0.108163472
0.0016204,0.109770885,0.109770885
0.0016229,0.11178753,0.11178753
0.0016254,0.113192681,0.113192681
0.0016279,0.114236651,0.114236651
0.0016304,0.115919754,0.115919754
0.0016329,0.11773194,0.11773194
0.0016354,0.119242932,0.119242932
0.0016379,0.120659389,0.120659389
0.0016404,0.122268372,0.122268372
0.0016429,0.123500156,0.123500156
0.0016454,0.124764289,0.124764289
0.0016479,0.126335583,0.126335583
0.0016504,0.127680118,0.127680118
0.0016529,0.128742932,0.128742932
0.0016554,0.129822706,0.129822706
0.0016579,0.131317053,0.131317053
0.0016604,0.132538158,0.132538158
0.0016629,0.133609138,0.133609138
0.0016654,0.134551977,0.134551977
0.0016679,0.135790043,0.135790043
0.0016704,0.136716864,0.136716864
0.0016729,0.137874213,0.137874213
0.0016754,0.138627354,0.138627354
0.0016779,0.139576161,0.139576161
0.0016804,0.140497329,0.140497329
0.0016829,0.141708384,0.141708384
0.0016854,0.142463409,0.142463409
0.0016879,0.143296638,0.143296638
0.0016904,0.144025595,0.144025595
0.0016929,0.14456297,0.14456297
0.0016954,0.145057316,0.145057316
0.0016979,0.14604758,0.14604758
0.0017004,0.146633321,0.146633321
0.0017029,0.146989791,0.146989791
0.0017054,0.147765545,0.147765545
0.0017079,0.148587781,0.148587781
0.0017104,0.148951475,0.148951475
0.0017129,0.149220005,0.149220005
0.0017154,0.149390859,0.149390859
0.0017179,0.149866047,0.149866047
0.0017204,0.150206814,0.150206814
0.0017229,0.150683258,0.150683258
0.0017254,0.150981939,0.150981939
0.0017279,0.151469377,0.151469377
0.0017304,0.151087781,0.151087781
0.0017329,0.151595005,0.151595005
0.0017354,0.151623899,0.151623899
0.0017379,0.151743246,0.151743246
0.0017404,0.151610708,0.151610708
0.0017429,0.151643686,0.151643686
0.0017454,0.1517266,0.1517266
0.0017479,0.151948334,0.151948334
0.0017504,0.151653736,0.151653736
0.0017529,0.151512404,0.151512404
0.0017554,0.151227228,0.151227228
0.0017579,0.15113709,0.15113709
0.0017604,0.151119502,0.151119502
0.0017629,0.150481311,0.150481311
0.0017654,0.149893057,0.149893057
0.0017679,0.149704301,0.149704301
0.0017704,0.149688912,0.149688912
0.0017729,0.149365105,0.149365105
0.0017754,0.148533447,0.148533447
0.0017779,0.147919439,0.147919439
0.0017804,0.147278422,0.147278422
0.0017829,0.146879238,0.146879238
0.0017854,0.146048522,0.146048522
0.0017879,0.145377668,0.145377668
0.0017904,0.14481297,0.14481297
0.0017929,0.144191738,0.144191738
0.0017954,0.143535331,0.143535331
0.0017979,0.142513032,0.142513032
0.0018004,0.141725972,0.141725972
0.0018029,0.140765859,0.140765859
0.0018054,0.139808573,0.139808573
0.0018079,0.138916927,0.138916927
0.0018104,0.138159389,0.138159389
0.0018129,0.137267429,0.137267429
0.0018154,0.135913786,0.135913786
0.0018179,0.134951161,0.134951161
0.0018204,0.134072392,0.134072392
0.0018229,0.132771198,0.132771198
0.0018254,0.131448962,0.131448962
0.0018279,0.130444565,0.130444565
0.0018304,0.128982568,0.128982568
0.0018329,0.127643058,0.127643058
0.0018354,0.12678753,0.12678753
0.0018379,0.125383007,0.125383007
0.0018404,0.123707756,0.123707756
0.0018429,0.122497015,0.122497015
0.0018454,0.121393058,0.121393058
0.0018479,0.119914729,0.119914729
0.0018504,0.117899967,0.117899967
0.0018529,0.116220633,0.116220633
0.0018554,0.115151538,0.115151538
0.0018579,0.11385694,0.11385694
0.0018604,0.111957756,0.111957756
0.0018629,0.110309515,0.110309515
0.0018654,0.108497015,0.108497015
0.0018679,0.106926663,0.106926663
0.0018704,0.105280307,0.105280307
0.0018729,0.103313284,0.103313284
0.0018754,0.101687028,0.101687028
0.0018779,0.099940169,0.099940169
0.0018804,0.098115734,0.098115734
0.0018829,0.096250784,0.096250784
0.0018854,0.094489164,0.094489164
0.0018879,0.092308259,0.092308259
0.0018904,0.090467493,0.090467493
0.0018929,0.088688284,0.088688284
0.0018954,0.086952731,0.086952731
0.0018979,0.084802606,0.084802606
0.0019004,0.082630809,0.082630809
0.0019029,0.080579302,0.080579302
0.0019054,0.078669754,0.078669754
0.0019079,0.076791928,0.076791928
0.0019104,0.074732568,0.074732568
0.0019129,0.072460897,0.072460897
0.0019154,0.070264289,0.070264289
0.0019179,0.067991676,0.067991676
0.0019204,0.066450847,0.066450847
0.0019229,0.064107254,0.064107254
0.0019254,0.061716551,0.061716551
0.0019279,0.059470948,0.059470948
0.0019304,0.057557003,0.057557003
0.0019329,0.055128925,0.055128925
0.0019354,0.052833385,0.052833385
0.0019379,0.050563913,0.050563913
0.0019404,0.048293498,0.048293498
0.0019429,0.046461212,0.046461212
0.0019454,0.044029051,0.044029051
0.0019479,0.041719378,0.041719378
0.0019504,0.039182946,0.039182946
0.0019529,0.036810458,0.036810458
0.0019554,0.034508637,0.034508637
0.0019579,0.032598775,0.032598775
0.0019604,0.030000785,0.030000785
0.0019629,0.027572707,0.027572707
0.0019654,0.025491677,0.025491677
0.0019679,0.022980056,0.022980056
0.0019704,0.020770257,0.020770257
0.0019729,0.018259265,0.018259265
0.0019754,0.015725031,0.015725031
0.0019779,0.013459642,0.013459642
0.0019804,0.011073963,0.011073963
0.0019829,0.008772142,0.008772142
0.0019854,0.006232883,0.006232883
0.0019879,0.004007067,0.004007067
0.0019904,0.001432318,0.001432318
0.0019929,-0.00077434,-0.00077434
0.0019954,-0.003200848,-0.003200848
0.0019979,-0.005593122,-0.005593122
0.0020004,-0.008287845,-0.008287845
0.0020029,-0.010625157,-0.010625157
0.0020054,-0.012703674,-0.012703674
0.0020079,-0.01505826,-0.01505826
0.0020104,-0.01737076,-0.01737076
0.0020129,-0.019881752,-0.019881752
0.0020154,-0.022229428,-0.022229428
0.0020179,-0.024517431,-0.024517431
0.0020204,-0.026930747,-0.026930747
0.0020229,-0.029282192,-0.029282192
0.0020254,-0.031904679,-0.031904679
0.0020279,-0.034088725,-0.034088725
0.0020304,-0.036004868,-0.036004868
0.0020329,-0.038215609,-0.038215609
0.0020354,-0.040877669,-0.040877669
0.0020379,-0.043381438,-0.043381438
0.0020404,-0.04546027,-0.04546027
0.0020429,-0.047513662,-0.047513662
0.0020454,-0.049790672,-0.049790672
0.0020479,-0.052409704,-0.052409704
0.0020504,-0.054201476,-0.054201476
0.0020529,-0.056511463,-0.056511463
0.0020554,-0.058806689,-0.058806689
0.0020579,-0.060937028,-0.060937028
0.0020604,-0.063234453,-0.063234453
0.0020629,-0.065377355,-0.065377355
0.0020654,-0.06742949,-0.06742949
0.0020679,-0.069744817,-0.069744817
0.0020704,-0.071833071,-0.071833071
0.0020729,-0.073653737,-0.073653737
0.0020754,-0.076158762,-0.076158762
0.0020779,-0.077937656,-0.077937656
0.0020804,-0.079949905,-0.079949905
0.0020829,-0.081930747,-0.081930747
0.0020854,-0.083966551,-0.083966551
0.0020879,-0.086245131,-0.086245131
0.0020904,-0.088252041,-0.088252041
0.0020929,-0.09007993,-0.09007993
0.0020954,-0.091646199,-0.091646199
0.0020979,-0.093731312,-0.093731312
0.0021004,-0.095667241,-0.095667241
0.0021029,-0.097543498,-0.097543498
0.0021054,-0.099268686,-0.099268686
0.0021079,-0.1012065,-0.1012065
0.0021104,-0.103232254,-0.103232254
0.0021129,-0.104937342,-0.104937342
0.0021154,-0.106394942,-0.106394942
0.0021179,-0.107656877,-0.107656877
0.0021204,-0.1098114,-0.1098114
0.0021229,-0.111448962,-0.111448962
0.0021254,-0.113075533,-0.113075533
0.0021279,-0.114569251,-0.114569251
0.0021304,-0.116209013,-0.116209013
0.0021329,-0.117739791,-0.117739791
0.0021354,-0.119139917,-0.119139917
0.0021379,-0.12053596,-0.12053596
0.0021404,-0.122090922,-0.122090922
0.0021429,-0.123390231,-0.123390231
0.0021454,-0.124586525,-0.124586525
0.0021479,-0.126066739,-0.126066739
0.0021504,-0.12747346,-0.12747346
0.0021529,-0.128793183,-0.128793183
0.0021554,-0.130070507,-0.130070507
0.0021579,-0.131100344,-0.131100344
0.0021604,-0.132192053,-0.132192053
0.0021629,-0.133531877,-0.133531877
0.0021654,-0.134609138,-0.134609138
0.0021679,-0.135402166,-0.135402166
0.0021704,-0.136438284,-0.136438284
0.0021729,-0.137788786,-0.137788786
0.0021754,-0.139076475,-0.139076475
0.0021779,-0.139926977,-0.139926977
0.0021804,-0.140406248,-0.140406248
0.0021829,-0.141166613,-0.141166613
0.0021854,-0.142365105,-0.142365105
0.0021879,-0.143177291,-0.143177291
0.0021904,-0.143888032,-0.143888032
0.0021929,-0.144618874,-0.144618874
0.0021954,-0.145327417,-0.145327417
0.0021979,-0.146486336,-0.146486336
0.0022004,-0.146670696,-0.146670696
0.0022029,-0.147092806,-0.147092806
0.0022054,-0.147771826,-0.147771826
0.0022079,-0.148204301,-0.148204301
0.0022104,-0.148863221,-0.148863221
0.0022129,-0.1492891,-0.1492891
0.0022154,-0.14963552,-0.14963552
0.0022179,-0.149924779,-0.149924779
0.0022204,-0.150384578,-0.150384578
0.0022229,-0.150799464,-0.150799464
0.0022254,-0.151109138,-0.151109138
0.0022279,-0.151168183,-0.151168183
0.0022304,-0.15122503,-0.15122503
0.0022329,-0.15140248,-0.15140248
0.0022354,-0.151541299,-0.151541299
0.0022379,-0.151867304,-0.151867304
0.0022404,-0.15186008,-0.15186008
0.0022429,-0.151826789,-0.151826789
0.0022454,-0.151631123,-0.151631123
0.0022479,-0.151574904,-0.151574904
0.0022504,-0.151766487,-0.151766487
0.0022529,-0.15118954,-0.15118954
0.0022554,-0.150979113,-0.150979113
0.0022579,-0.150867932,-0.150867932
0.0022604,-0.151059201,-0.151059201
0.0022629,-0.150620444,-0.150620444
0.0022654,-0.150176035,-0.150176035
0.0022679,-0.149184829,-0.149184829
0.0022704,-0.149189854,-0.149189854
0.0022729,-0.14896498,-0.14896498
0.0022754,-0.148323334,-0.148323334
0.0022779,-0.148044125,-0.148044125
0.0022804,-0.147328987,-0.147328987
0.0022829,-0.146925407,-0.146925407
0.0022854,-0.14628753,-0.14628753
0.0022879,-0.145483196,-0.145483196
0.0022904,-0.144681374,-0.144681374
0.0022929,-0.144073648,-0.144073648
0.0022954,-0.143203045,-0.143203045
0.0022979,-0.14274199,-0.14274199
0.0023004,-0.141778108,-0.141778108
0.0023029,-0.14090405,-0.14090405
0.0023054,-0.140046324,-0.140046324
0.0023079,-0.139225344,-0.139225344
0.0023104,-0.138366048,-0.138366048
0.0023129,-0.137276537,-0.137276537
0.0023154,-0.136078987,-0.136078987
0.0023179,-0.134784389,-0.134784389
0.0023204,-0.133844691,-0.133844691
0.0023229,-0.132926349,-0.132926349
0.0023254,-0.131822706,-0.131822706
0.0023279,-0.130744816,-0.130744816
0.0023304,-0.129149025,-0.129149025
0.0023329,-0.12782993,-0.12782993
0.0023354,-0.126604741,-0.126604741
0.0023379,-0.125252982,-0.125252982
0.0023404,-0.123562342,-0.123562342
0.0023429,-0.122255809,-0.122255809
0.0023454,-0.121305746,-0.121305746
0.0023479,-0.119896827,-0.119896827
0.0023504,-0.118389289,-0.118389289
0.0023529,-0.116684201,-0.116684201
0.0023554,-0.11491944,-0.11491944
0.0023579,-0.113359138,-0.113359138
0.0023604,-0.111925407,-0.111925407
0.0023629,-0.110248271,-0.110248271
0.0023654,-0.10853753,-0.10853753
0.0023679,-0.106765545,-0.106765545
0.0023704,-0.105228799,-0.105228799
0.0023729,-0.103720947,-0.103720947
0.0023754,-0.101747015,-0.101747015
0.0023779,-0.099628297,-0.099628297
0.0023804,-0.098028422,-0.098028422
0.0023829,-0.096276224,-0.096276224
0.0023854,-0.094438598,-0.094438598
0.0023879,-0.092344691,-0.092344691
0.0023904,-0.090649339,-0.090649339
0.0023929,-0.088820194,-0.088820194
0.0023954,-0.086698649,-0.086698649
0.0023979,-0.084822078,-0.084822078
0.0024004,-0.083055747,-0.083055747
0.0024029,-0.080717179,-0.080717179
0.0024054,-0.078286588,-0.078286588
0.0024079,-0.076569566,-0.076569566
0.0024104,-0.074770885,-0.074770885
0.0024129,-0.072858196,-0.072858196
0.0024154,-0.070341865,-0.070341865
0.0024179,-0.068321136,-0.068321136
0.0024204,-0.066083699,-0.066083699
0.0024229,-0.064057317,-0.064057317
0.0024254,-0.061669754,-0.061669754
0.0024279,-0.059431061,-0.059431061
0.0024304,-0.057203674,-0.057203674
0.0024329,-0.055407192,-0.055407192
0.0024354,-0.053070822,-0.053070822
0.0024379,-0.050822707,-0.050822707
0.0024404,-0.048387719,-0.048387719
0.0024429,-0.045734453,-0.045734453
0.0024454,-0.043946451,-0.043946451
0.0024479,-0.041729114,-0.041729114
0.0024504,-0.039074591,-0.039074591
0.0024529,-0.036664101,-0.036664101
0.0024554,-0.034591865,-0.034591865
0.0024579,-0.032450848,-0.032450848
0.0024604,-0.03001429,-0.03001429
0.0024629,-0.027677292,-0.027677292
0.0024654,-0.025152481,-0.025152481
0.0024679,-0.022844378,-0.022844378
0.0024704,-0.020241677,-0.020241677
0.0024729,-0.018173838,-0.018173838
0.0024754,-0.015793813,-0.015793813
0.0024779,-0.013344378,-0.013344378
0.0024804,-0.011152795,-0.011152795
0.0024829,-0.008751727,-0.008751727
0.0024854,-0.006310458,-0.006310458
0.0024879,-0.003846577,-0.003846577
0.0024904,-0.001230685,-0.001230685
0.0024929,0.001136778,0.001136778
0.0024954,0.003142431,0.003142431
0.0024979,0.005411589,0.005411589
0.0025004,,
