-20.00000E-03,-607.88316E-03
-19.97600E-03,-528.80778E-03
-19.95200E-03,-448.92336E-03
-19.92800E-03,-379.27512E-03
-19.90400E-03,-314.25251E-03
-19.88000E-03,-250.67211E-03
-19.85600E-03,-187.25000E-03
-19.83200E-03,-121.27764E-03
-19.80800E-03,-53.24749E-03
-19.78400E-03,+13.04146E-03
-19.76000E-03,+79.80528E-03
-19.73600E-03,+143.05151E-03
-19.71200E-03,+214.84548E-03
-19.68800E-03,+286.19975E-03
-19.66400E-03,+358.64447E-03
-19.64000E-03,+436.66457E-03
-19.61600E-03,+501.73994E-03
-19.59200E-03,+561.25753E-03
-19.56800E-03,+627.95100E-03
-19.54400E-03,+695.59421E-03
-19.52000E-03,+762.92085E-03
-19.49600E-03,+828.87562E-03
-19.47200E-03,+899.31532E-03
-19.44800E-03,+964.81280E-03
-19.42400E-03,+1.02878014E+00
-19.40000E-03,+1.10474245E+00
-19.37600E-03,+1.17500627E+00
-19.35200E-03,+1.24507662E+00
-19.32800E-03,+1.32278014E+00
-19.30400E-03,+1.38919220E+00
-19.28000E-03,+1.46599873E+00
-19.25600E-03,+1.53552385E+00
-19.23200E-03,+1.60802134E+00
-19.20800E-03,+1.68347360E+00
-19.18400E-03,+1.75291079E+00
-19.16000E-03,+1.83578516E+00
-19.13600E-03,+1.91570475E+00
-19.11200E-03,+1.98616204E+00
-19.08800E-03,+2.06291581E+00
-19.06400E-03,+2.14216706E+00
-19.04000E-03,+2.22087309E+00
-19.01600E-03,+2.30168967E+00
-18.99200E-03,+2.39079018E+00
-18.96800E-03,+2.47744595E+00
-18.94400E-03,+2.55224746E+00
-18.92000E-03,+2.62310927E+00
-18.89600E-03,+2.69580022E+00
-18.87200E-03,+2.76903640E+00
-18.84800E-03,+2.84216705E+00
-18.82400E-03,+2.91867459E+00
-18.80000E-03,+2.98137560E+00
-18.77600E-03,+3.04163188E+00
-18.75200E-03,+3.09900374E+00
-18.72800E-03,+3.16881027E+00
-18.70400E-03,+3.23689318E+00
-18.68000E-03,+3.31378765E+00
-18.65600E-03,+3.39812182E+00
-18.63200E-03,+3.47513941E+00
-18.60800E-03,+3.54461177E+00
-18.58400E-03,+3.61389066E+00
-18.56000E-03,+3.69263187E+00
-18.53600E-03,+3.76602634E+00
-18.51200E-03,+3.84490825E+00
-18.48800E-03,+3.92987559E+00
-18.46400E-03,+4.00740322E+00
-18.44000E-03,+4.07675247E+00
-18.41600E-03,+4.15294342E+00
-18.39200E-03,+4.22962684E+00
-18.36800E-03,+4.29658412E+00
-18.34400E-03,+4.37787558E+00
-18.32000E-03,+4.45234292E+00
-18.29600E-03,+4.51973990E+00
-18.27200E-03,+4.59206151E+00
-18.24800E-03,+4.66454141E+00
-18.22400E-03,+4.73814693E+00
-18.20000E-03,+4.81096100E+00
-18.17600E-03,+4.88298362E+00
-18.15200E-03,+4.95585045E+00
-18.12800E-03,+5.02570975E+00
-18.10400E-03,+5.09804894E+00
-18.08000E-03,+5.17353638E+00
-18.05600E-03,+5.24091577E+00
-18.03200E-03,+5.31390572E+00
-18.00800E-03,+5.38907658E+00
-17.98400E-03,+5.45216451E+00
-17.96000E-03,+5.49926502E+00
-17.93600E-03,+5.51326502E+00
-17.91200E-03,+5.50394341E+00
-17.88800E-03,+5.48496602E+00
-17.86400E-03,+5.48009416E+00
-17.84000E-03,+5.50462934E+00
-17.81600E-03,+5.55079768E+00
-17.79200E-03,+5.63581778E+00
-17.76800E-03,+5.73569969E+00
-17.74400E-03,+5.83132531E+00
-17.72000E-03,+5.93755647E+00
-17.69600E-03,+6.04698863E+00
-17.67200E-03,+6.16556652E+00
-17.64800E-03,+6.26910672E+00
-17.62400E-03,+6.36197104E+00
-17.60000E-03,+6.46774491E+00
-17.57600E-03,+6.56824239E+00
-17.55200E-03,+6.65445847E+00
-17.52800E-03,+6.75453385E+00
-17.50400E-03,+6.85012430E+00
-17.48000E-03,+6.93083535E+00
-17.45600E-03,+7.01121224E+00
-17.43200E-03,+7.08775495E+00
-17.40800E-03,+7.15685796E+00
-17.38400E-03,+7.22200369E+00
-17.36000E-03,+7.28901374E+00
-17.33600E-03,+7.35050118E+00
-17.31200E-03,+7.41348359E+00
-17.28800E-03,+7.47767957E+00
-17.26400E-03,+7.54351123E+00
-17.24000E-03,+7.60287052E+00
-17.21600E-03,+7.66725997E+00
-17.19200E-03,+7.73937052E+00
-17.16800E-03,+7.80653886E+00
-17.14400E-03,+7.87235293E+00
-17.12000E-03,+7.94126248E+00
-17.09600E-03,+8.01203635E+00
-17.07200E-03,+8.08854388E+00
-17.04800E-03,+8.16234288E+00
-17.02400E-03,+8.24331775E+00
-17.00000E-03,+8.32415192E+00
-16.97600E-03,+8.40153885E+00
-16.95200E-03,+8.47846850E+00
-16.92800E-03,+8.55692830E+00
-16.90400E-03,+8.63202880E+00
-16.88000E-03,+8.70238056E+00
-16.85600E-03,+8.77595091E+00
-16.83200E-03,+8.83923232E+00
-16.80800E-03,+8.89961171E+00
-16.78400E-03,+8.95489061E+00
-16.76000E-03,+9.00726749E+00
-16.73600E-03,+9.05250367E+00
-16.71200E-03,+9.09981523E+00
-16.68800E-03,+9.14206146E+00
-16.66400E-03,+9.18066699E+00
-16.64000E-03,+9.21119965E+00
-16.61600E-03,+9.23376498E+00
-16.59200E-03,+9.25314689E+00
-16.56800E-03,+9.27003131E+00
-16.54400E-03,+9.29078508E+00
-16.52000E-03,+9.31277000E+00
-16.49600E-03,+9.33167704E+00
-16.47200E-03,+9.34965191E+00
-16.44800E-03,+9.37390568E+00
-16.42400E-03,+9.40070970E+00
-16.40000E-03,+9.42559663E+00
-16.37600E-03,+9.45430015E+00
-16.35200E-03,+9.48550115E+00
-16.32800E-03,+9.51633281E+00
-16.30400E-03,+9.54540568E+00
-16.28000E-03,+9.57315945E+00
-16.25600E-03,+9.60622477E+00
-16.23200E-03,+9.64324738E+00
-16.20800E-03,+9.68250367E+00
-16.18400E-03,+9.71833030E+00
-16.16000E-03,+9.75361170E+00
-16.13600E-03,+9.78891070E+00
-16.11200E-03,+9.82524738E+00
-16.08800E-03,+9.86536547E+00
-16.06400E-03,+9.89911673E+00
-16.04000E-03,+9.92808406E+00
-16.01600E-03,+9.96433281E+00
-15.99200E-03,+9.99729261E+00
-15.96800E-03,+10.02212678E+00
-15.94400E-03,+10.04620467E+00
-15.92000E-03,+10.06913934E+00
-15.89600E-03,+10.08984034E+00
-15.87200E-03,+10.10748105E+00
-15.84800E-03,+10.11824487E+00
-15.82400E-03,+10.12397853E+00
-15.80000E-03,+10.12867451E+00
-15.77600E-03,+10.13205140E+00
-15.75200E-03,+10.13351120E+00
-15.72800E-03,+10.13439059E+00
-15.70400E-03,+10.13718708E+00
-15.68000E-03,+10.13878758E+00
-15.65600E-03,+10.13836547E+00
-15.63200E-03,+10.13956145E+00
-15.60800E-03,+10.14174235E+00
-15.58400E-03,+10.14054637E+00
-15.56000E-03,+10.13922728E+00
-15.53600E-03,+10.14241070E+00
-15.51200E-03,+10.14490818E+00
-15.48800E-03,+10.14494336E+00
-15.46400E-03,+10.14747602E+00
-15.44000E-03,+10.14890065E+00
-15.41600E-03,+10.14890065E+00
-15.39200E-03,+10.15002627E+00
-15.36800E-03,+10.15340316E+00
-15.34400E-03,+10.15632276E+00
-15.32000E-03,+10.15839813E+00
-15.29600E-03,+10.16381522E+00
-15.27200E-03,+10.16866949E+00
-15.24800E-03,+10.17220466E+00
-15.22400E-03,+10.17718205E+00
-15.20000E-03,+10.18407652E+00
-15.17600E-03,+10.18759411E+00
-15.15200E-03,+10.19230768E+00
-15.12800E-03,+10.19994085E+00
-15.10400E-03,+10.20502376E+00
-15.08000E-03,+10.20852376E+00
-15.05600E-03,+10.21402879E+00
-15.03200E-03,+10.21909411E+00
-15.00800E-03,+10.22120466E+00
-14.98400E-03,+10.22614688E+00
-14.96000E-03,+10.23006899E+00
-14.93600E-03,+10.23275994E+00
-14.91200E-03,+10.23684034E+00
-14.88800E-03,+10.23944336E+00
-14.86400E-03,+10.24355894E+00
-14.84000E-03,+10.24589813E+00
-14.81600E-03,+10.24934537E+00
-14.79200E-03,+10.25235291E+00
-14.76800E-03,+10.25574738E+00
-14.74400E-03,+10.25836798E+00
-14.72000E-03,+10.26260667E+00
-14.69600E-03,+10.26570215E+00
-14.67200E-03,+10.26980014E+00
-14.64800E-03,+10.27347602E+00
-14.62400E-03,+10.27604386E+00
-14.60000E-03,+10.27729260E+00
-14.57600E-03,+10.27840064E+00
-14.55200E-03,+10.27977250E+00
-14.52800E-03,+10.28037049E+00
-14.50400E-03,+10.28168959E+00
-14.48000E-03,+10.28494336E+00
-14.45600E-03,+10.28877753E+00
-14.43200E-03,+10.29252376E+00
-14.40800E-03,+10.29727250E+00
-14.38400E-03,+10.29996346E+00
-14.36000E-03,+10.30121220E+00
-14.33600E-03,+10.30432527E+00
-14.31200E-03,+10.30685793E+00
-14.28800E-03,+10.31063934E+00
-14.26400E-03,+10.31445592E+00
-14.24000E-03,+10.31959160E+00
-14.21600E-03,+10.32404135E+00
-14.19200E-03,+10.32829763E+00
-14.16800E-03,+10.33153381E+00
-14.14400E-03,+10.33570215E+00
-14.12000E-03,+10.33823481E+00
-14.09600E-03,+10.34045089E+00
-14.07200E-03,+10.34366949E+00
-14.04800E-03,+10.34528758E+00
-14.02400E-03,+10.34683532E+00
-14.00000E-03,+10.34808406E+00
-13.97600E-03,+10.35014185E+00
-13.95200E-03,+10.35102125E+00
-13.92800E-03,+10.35183029E+00
-13.90400E-03,+10.35232275E+00
-13.88000E-03,+10.35336044E+00
-13.85600E-03,+10.35337803E+00
-13.83200E-03,+10.35374738E+00
-13.80800E-03,+10.35423984E+00
-13.78400E-03,+10.35536547E+00
-13.76000E-03,+10.35529512E+00
-13.73600E-03,+10.35545341E+00
-13.71200E-03,+10.35555893E+00
-13.68800E-03,+10.35647351E+00
-13.66400E-03,+10.35643833E+00
-13.64000E-03,+10.35758155E+00
-13.61600E-03,+10.35751120E+00
-13.59200E-03,+10.35775743E+00
-13.56800E-03,+10.35775743E+00
-13.54400E-03,+10.35733532E+00
-13.52000E-03,+10.35652627E+00
-13.49600E-03,+10.35571723E+00
-13.47200E-03,+10.35381773E+00
-13.44800E-03,+10.35015944E+00
-13.42400E-03,+10.34493582E+00
-13.40000E-03,+10.33929009E+00
-13.37600E-03,+10.32592326E+00
-13.35200E-03,+10.30624235E+00
-13.32800E-03,+10.28684285E+00
-13.30400E-03,+10.26508657E+00
-13.28000E-03,+10.24009411E+00
-13.25600E-03,+10.20922728E+00
-13.23200E-03,+10.17341823E+00
-13.20800E-03,+10.14024738E+00
-13.18400E-03,+10.10136044E+00
-13.16000E-03,+10.05418959E+00
-13.13600E-03,+10.01292828E+00
-13.11200E-03,+9.95995341E+00
-13.08800E-03,+9.90973984E+00
-13.06400E-03,+9.86527753E+00
-13.04000E-03,+9.81402628E+00
-13.01600E-03,+9.76539562E+00
-12.99200E-03,+9.71398608E+00
-12.96800E-03,+9.66250618E+00
-12.94400E-03,+9.60341070E+00
-12.92000E-03,+9.55530769E+00
-12.89600E-03,+9.50877000E+00
-12.87200E-03,+9.45618206E+00
-12.84800E-03,+9.40918709E+00
-12.82400E-03,+9.36843583E+00
-12.80000E-03,+9.32886297E+00
-12.77600E-03,+9.28158658E+00
-12.75200E-03,+9.24417704E+00
-12.72800E-03,+9.20926498E+00
-12.70400E-03,+9.16441573E+00
-12.68000E-03,+9.12581020E+00
-12.65600E-03,+9.09504890E+00
-12.63200E-03,+9.05581020E+00
-12.60800E-03,+9.01335292E+00
-12.58400E-03,+8.97902126E+00
-12.56000E-03,+8.94210418E+00
-12.53600E-03,+8.89917202E+00
-12.51200E-03,+8.85666197E+00
-12.48800E-03,+8.81353634E+00
-12.46400E-03,+8.76745594E+00
-12.44000E-03,+8.71319714E+00
-12.41600E-03,+8.66131272E+00
-12.39200E-03,+8.59731021E+00
-12.36800E-03,+8.52831272E+00
-12.34400E-03,+8.46286800E+00
-12.32000E-03,+8.39459162E+00
-12.29600E-03,+8.31752127E+00
-12.27200E-03,+8.23575494E+00
-12.24800E-03,+8.16012680E+00
-12.22400E-03,+8.07990820E+00
-12.20000E-03,+7.99481775E+00
-12.17600E-03,+7.91927755E+00
-12.15200E-03,+7.84947102E+00
-12.12800E-03,+7.76791575E+00
-12.10400E-03,+7.68650117E+00
-12.08000E-03,+7.61342329E+00
-12.05600E-03,+7.53754891E+00
-12.03200E-03,+7.45525495E+00
-12.00800E-03,+7.38013686E+00
-11.98400E-03,+7.30635545E+00
-11.96000E-03,+7.22305897E+00
-11.93600E-03,+7.14067706E+00
-11.91200E-03,+7.07122229E+00
-11.88800E-03,+6.98841827E+00
-11.86400E-03,+6.90206148E+00
-11.84000E-03,+6.83207907E+00
-11.81600E-03,+6.75291576E+00
-11.79200E-03,+6.66233787E+00
-11.76800E-03,+6.58743083E+00
-11.74400E-03,+6.51641073E+00
-11.72000E-03,+6.43283285E+00
-11.69600E-03,+6.35115445E+00
-11.67200E-03,+6.28403888E+00
-11.64800E-03,+6.21256149E+00
-11.62400E-03,+6.12801627E+00
-11.60000E-03,+6.04695345E+00
-11.57600E-03,+5.98140320E+00
-11.55200E-03,+5.91066451E+00
-11.52800E-03,+5.82998863E+00
-11.50400E-03,+5.76160672E+00
-11.48000E-03,+5.69308411E+00
-11.45600E-03,+5.61355145E+00
-11.43200E-03,+5.54413185E+00
-11.40800E-03,+5.48310170E+00
-11.38400E-03,+5.41336552E+00
-11.36000E-03,+5.34194090E+00
-11.33600E-03,+5.27807909E+00
-11.31200E-03,+5.21008412E+00
-11.28800E-03,+5.15139316E+00
-11.26400E-03,+5.11869718E+00
-11.24000E-03,+5.10591075E+00
-11.21600E-03,+5.08809417E+00
-11.19200E-03,+5.05838814E+00
-11.16800E-03,+5.00006653E+00
-11.14400E-03,+4.92436804E+00
-11.12000E-03,+4.82898864E+00
-11.09600E-03,+4.70261930E+00
-11.07200E-03,+4.57326000E+00
-11.04800E-03,+4.45176252E+00
-11.02400E-03,+4.31491076E+00
-11.00000E-03,+4.19010674E+00
-10.97600E-03,+4.07831780E+00
-10.95200E-03,+3.98135548E+00
-10.92800E-03,+3.90082031E+00
-10.90400E-03,+3.83419720E+00
-10.88000E-03,+3.78320976E+00
-10.85600E-03,+3.73683036E+00
-10.83200E-03,+3.70051127E+00
-10.80800E-03,+3.65277760E+00
-10.78400E-03,+3.60497358E+00
-10.76000E-03,+3.56380021E+00
-10.73600E-03,+3.50444092E+00
-10.71200E-03,+3.42946353E+00
-10.68800E-03,+3.34169971E+00
-10.66400E-03,+3.24306655E+00
-10.64000E-03,+3.13148866E+00
-10.61600E-03,+3.01922484E+00
-10.59200E-03,+2.90078766E+00
-10.56800E-03,+2.77582535E+00
-10.54400E-03,+2.64639570E+00
-10.52000E-03,+2.52725500E+00
-10.49600E-03,+2.42088314E+00
-10.47200E-03,+2.30598113E+00
-10.44800E-03,+2.20259922E+00
-10.42400E-03,+2.11912686E+00
-10.40000E-03,+2.02810927E+00
-10.37600E-03,+1.94083792E+00
-10.35200E-03,+1.86586053E+00
-10.32800E-03,+1.78228264E+00
-10.30400E-03,+1.69188064E+00
-10.28000E-03,+1.60467963E+00
-10.25600E-03,+1.51531531E+00
-10.23200E-03,+1.42069220E+00
-10.20800E-03,+1.32168968E+00
-10.18400E-03,+1.22052386E+00
-10.16000E-03,+1.12338567E+00
-10.13600E-03,+1.01945853E+00
-10.11200E-03,+921.93341E-03
-10.08800E-03,+832.81532E-03
-10.06400E-03,+742.06155E-03
-10.04000E-03,+660.82286E-03
-10.01600E-03,+572.00376E-03
-9.99200E-03,+494.56407E-03
-9.96800E-03,+419.79773E-03
-9.94400E-03,+343.87060E-03
-9.92000E-03,+270.54648E-03
-9.89600E-03,+201.33794E-03
-9.87200E-03,+134.62688E-03
-9.84800E-03,+74.93342E-03
-9.82400E-03,+4.72236E-03
-9.80000E-03,-63.09673E-03
-9.77600E-03,-126.58919E-03
-9.75200E-03,-196.41331E-03
-9.72800E-03,-265.97362E-03
-9.70400E-03,-328.49874E-03
-9.68000E-03,-400.16959E-03
-9.65600E-03,-473.28266E-03
-9.63200E-03,-552.18215E-03
-9.60800E-03,-617.53894E-03
-9.58400E-03,-676.77512E-03
-9.56000E-03,-740.05652E-03
-9.53600E-03,-807.75250E-03
-9.51200E-03,-877.80527E-03
-9.48800E-03,-946.22235E-03
-9.46400E-03,-1.01741833E+00
-9.44000E-03,-1.08478014E+00
-9.41600E-03,-1.14628516E+00
-9.39200E-03,-1.22166707E+00
-9.36800E-03,-1.29091079E+00
-9.34400E-03,-1.36427009E+00
-9.32000E-03,-1.44181531E+00
-9.29600E-03,-1.51520978E+00
-9.27200E-03,-1.57794596E+00
-9.24800E-03,-1.64958164E+00
-9.22400E-03,-1.72010928E+00
-9.20000E-03,-1.79418968E+00
-9.17600E-03,-1.86747862E+00
-9.15200E-03,-1.94277259E+00
-9.12800E-03,-2.01792586E+00
-9.10400E-03,-2.09582284E+00
-9.08000E-03,-2.17699118E+00
-9.05600E-03,-2.25311178E+00
-9.03200E-03,-2.33424495E+00
-9.00800E-03,-2.42121731E+00
-8.98400E-03,-2.51559419E+00
-8.96000E-03,-2.59646354E+00
-8.93600E-03,-2.67527510E+00
-8.91200E-03,-2.74511680E+00
-8.88800E-03,-2.81522233E+00
-8.86400E-03,-2.88594344E+00
-8.84000E-03,-2.96440323E+00
-8.81600E-03,-3.03568715E+00
-8.79200E-03,-3.09698112E+00
-8.76800E-03,-3.15959419E+00
-8.74400E-03,-3.22602383E+00
-8.72000E-03,-3.29039569E+00
-8.69600E-03,-3.36662182E+00
-8.67200E-03,-3.44529268E+00
-8.64800E-03,-3.51666454E+00
-8.62400E-03,-3.59169469E+00
-8.60000E-03,-3.66994343E+00
-8.57600E-03,-3.74277509E+00
-8.55200E-03,-3.81912433E+00
-8.52800E-03,-3.90277257E+00
-8.50400E-03,-3.98772232E+00
-8.48000E-03,-4.06576001E+00
-8.45600E-03,-4.14594342E+00
-8.43200E-03,-4.21752634E+00
-8.40800E-03,-4.28787809E+00
-8.38400E-03,-4.36442081E+00
-8.36000E-03,-4.44328513E+00
-8.33600E-03,-4.51409417E+00
-8.31200E-03,-4.58951126E+00
-8.28800E-03,-4.66329266E+00
-8.26400E-03,-4.73892080E+00
-8.24000E-03,-4.80630020E+00
-8.21600E-03,-4.87037306E+00
-8.19200E-03,-4.94459417E+00
-8.16800E-03,-5.01717959E+00
-8.14400E-03,-5.09203387E+00
-8.12000E-03,-5.16509417E+00
-8.09600E-03,-5.23254391E+00
-8.07200E-03,-5.29823487E+00
-8.04800E-03,-5.37074994E+00
-8.02400E-03,-5.44208663E+00
-8.00000E-03,-5.51579768E+00
-7.97600E-03,-5.58398612E+00
-7.95200E-03,-5.62169466E+00
-7.92800E-03,-5.62544089E+00
-7.90400E-03,-5.60727255E+00
-7.88000E-03,-5.59318461E+00
-7.85600E-03,-5.59647356E+00
-7.83200E-03,-5.62500120E+00
-7.80800E-03,-5.68627758E+00
-7.78400E-03,-5.78554391E+00
-7.76000E-03,-5.87731778E+00
-7.73600E-03,-5.97338310E+00
-7.71200E-03,-6.08242833E+00
-7.68800E-03,-6.19944089E+00
-7.66400E-03,-6.30222481E+00
-7.64000E-03,-6.40319717E+00
-7.61600E-03,-6.50905898E+00
-7.59200E-03,-6.60987304E+00
-7.56800E-03,-6.70785546E+00
-7.54400E-03,-6.80520470E+00
-7.52000E-03,-6.90436550E+00
-7.49600E-03,-6.99566450E+00
-7.47200E-03,-7.07985796E+00
-7.44800E-03,-7.15706902E+00
-7.42400E-03,-7.23225746E+00
-7.40000E-03,-7.29921475E+00
-7.37600E-03,-7.36837052E+00
-7.35200E-03,-7.43089565E+00
-7.32800E-03,-7.49410670E+00
-7.30400E-03,-7.55765193E+00
-7.28000E-03,-7.62459163E+00
-7.25600E-03,-7.67980017E+00
-7.23200E-03,-7.74712680E+00
-7.20800E-03,-7.81684539E+00
-7.18400E-03,-7.88545595E+00
-7.16000E-03,-7.94988057E+00
-7.13600E-03,-8.02232529E+00
-7.11200E-03,-8.09563182E+00
-7.08800E-03,-8.16570217E+00
-7.06400E-03,-8.24268459E+00
-7.04000E-03,-8.32195343E+00
-7.01600E-03,-8.40145092E+00
-6.99200E-03,-8.47635795E+00
-6.96800E-03,-8.55840569E+00
-6.94400E-03,-8.64203634E+00
-6.92000E-03,-8.72102378E+00
-6.89600E-03,-8.79278257E+00
-6.87200E-03,-8.86925493E+00
-6.84800E-03,-8.93348609E+00
-6.82400E-03,-8.99430518E+00
-6.80000E-03,-9.05229262E+00
-6.77600E-03,-9.10977000E+00
-6.75200E-03,-9.15929764E+00
-6.72800E-03,-9.19911674E+00
-6.70400E-03,-9.23768709E+00
-6.68000E-03,-9.28137553E+00
-6.65600E-03,-9.31818709E+00
-6.63200E-03,-9.34780518E+00
-6.60800E-03,-9.37613935E+00
-6.58400E-03,-9.39728005E+00
-6.56000E-03,-9.41495593E+00
-6.53600E-03,-9.43379261E+00
-6.51200E-03,-9.44969211E+00
-6.48800E-03,-9.46481774E+00
-6.46400E-03,-9.48799864E+00
-6.44000E-03,-9.51758156E+00
-6.41600E-03,-9.54413935E+00
-6.39200E-03,-9.57096095E+00
-6.36800E-03,-9.60796598E+00
-6.34400E-03,-9.64377502E+00
-6.32000E-03,-9.67191573E+00
-6.29600E-03,-9.70135794E+00
-6.27200E-03,-9.73802879E+00
-6.24800E-03,-9.77387301E+00
-6.22400E-03,-9.81070216E+00
-6.20000E-03,-9.85034537E+00
-6.17600E-03,-9.88293582E+00
-6.15200E-03,-9.91540316E+00
-6.12800E-03,-9.95786045E+00
-6.10400E-03,-9.99625492E+00
-6.08000E-03,-10.02613683E+00
-6.05600E-03,-10.05781271E+00
-6.03200E-03,-10.09585542E+00
-6.00800E-03,-10.12834034E+00
-5.98400E-03,-10.15866195E+00
-5.96000E-03,-10.18838557E+00
-5.93600E-03,-10.21249863E+00
-5.91200E-03,-10.23195090E+00
-5.88800E-03,-10.25008406E+00
-5.86400E-03,-10.26512175E+00
-5.84000E-03,-10.27351120E+00
-5.81600E-03,-10.28089813E+00
-5.79200E-03,-10.28620969E+00
-5.76800E-03,-10.28872476E+00
-5.74400E-03,-10.29000868E+00
-5.72000E-03,-10.29347351E+00
-5.69600E-03,-10.29560165E+00
-5.67200E-03,-10.29533783E+00
-5.64800E-03,-10.29721974E+00
-5.62400E-03,-10.30103632E+00
-5.60000E-03,-10.29927753E+00
-5.57600E-03,-10.29532024E+00
-5.55200E-03,-10.29855642E+00
-5.52800E-03,-10.30170466E+00
-5.50400E-03,-10.30091321E+00
-5.48000E-03,-10.30446597E+00
-5.45600E-03,-10.30761421E+00
-5.43200E-03,-10.30729763E+00
-5.40800E-03,-10.30946094E+00
-5.38400E-03,-10.31246848E+00
-5.36000E-03,-10.31413934E+00
-5.33600E-03,-10.31609160E+00
-5.31200E-03,-10.32055893E+00
-5.28800E-03,-10.32595843E+00
-5.26400E-03,-10.32852627E+00
-5.24000E-03,-10.33207904E+00
-5.21600E-03,-10.33728507E+00
-5.19200E-03,-10.33985290E+00
-5.16800E-03,-10.34291321E+00
-5.14400E-03,-10.34847099E+00
-5.12000E-03,-10.35283280E+00
-5.09600E-03,-10.35524235E+00
-5.07200E-03,-10.35926999E+00
-5.04800E-03,-10.36403632E+00
-5.02400E-03,-10.36720215E+00
-5.00000E-03,-10.37138808E+00
-4.97600E-03,-10.37652376E+00
-4.95200E-03,-10.38063934E+00
-4.92800E-03,-10.38438557E+00
-4.90400E-03,-10.38929260E+00
-4.88000E-03,-10.39442828E+00
-4.85600E-03,-10.39822728E+00
-4.83200E-03,-10.40239562E+00
-4.80800E-03,-10.40663431E+00
-4.78400E-03,-10.41076748E+00
-4.76000E-03,-10.41439059E+00
-4.73600E-03,-10.41931522E+00
-4.71200E-03,-10.42293833E+00
-4.68800E-03,-10.42671974E+00
-4.66400E-03,-10.43064185E+00
-4.64000E-03,-10.43452878E+00
-4.61600E-03,-10.43539059E+00
-4.59200E-03,-10.43658657E+00
-4.56800E-03,-10.43734285E+00
-4.54400E-03,-10.43820466E+00
-4.52000E-03,-10.43874989E+00
-4.49600E-03,-10.43982275E+00
-4.47200E-03,-10.44392074E+00
-4.44800E-03,-10.44583783E+00
-4.42400E-03,-10.44847602E+00
-4.40000E-03,-10.45185290E+00
-4.37600E-03,-10.45310165E+00
-4.35200E-03,-10.45538808E+00
-4.32800E-03,-10.45670717E+00
-4.30400E-03,-10.45872979E+00
-4.28000E-03,-10.46091069E+00
-4.25600E-03,-10.46419964E+00
-4.23200E-03,-10.46801622E+00
-4.20800E-03,-10.47214939E+00
-4.18400E-03,-10.47540315E+00
-4.16000E-03,-10.47902627E+00
-4.13600E-03,-10.48162928E+00
-4.11200E-03,-10.48442577E+00
-4.08800E-03,-10.48655391E+00
-4.06400E-03,-10.48933280E+00
-4.04000E-03,-10.49195341E+00
-4.01600E-03,-10.49362426E+00
-3.99200E-03,-10.49619210E+00
-3.96800E-03,-10.49730014E+00
-3.94400E-03,-10.49932275E+00
-3.92000E-03,-10.50127501E+00
-3.89600E-03,-10.50153883E+00
-3.87200E-03,-10.50285793E+00
-3.84800E-03,-10.50343833E+00
-3.82400E-03,-10.50366697E+00
-3.80000E-03,-10.50461672E+00
-3.77600E-03,-10.50454637E+00
-3.75200E-03,-10.50535542E+00
-3.72800E-03,-10.50463431E+00
-3.70400E-03,-10.50505642E+00
-3.68000E-03,-10.50505642E+00
-3.65600E-03,-10.50595341E+00
-3.63200E-03,-10.50637552E+00
-3.60800E-03,-10.50669210E+00
-3.58400E-03,-10.50750114E+00
-3.56000E-03,-10.50795843E+00
-3.53600E-03,-10.50704386E+00
-3.51200E-03,-10.50593582E+00
-3.48800E-03,-10.50465190E+00
-3.46400E-03,-10.50064185E+00
-3.44000E-03,-10.49450366E+00
-3.41600E-03,-10.48845341E+00
-3.39200E-03,-10.47925491E+00
-3.36800E-03,-10.46666195E+00
-3.34400E-03,-10.45199361E+00
-3.32000E-03,-10.43408908E+00
-3.29600E-03,-10.40869210E+00
-3.27200E-03,-10.37640064E+00
-3.24800E-03,-10.34555140E+00
-3.22400E-03,-10.31202878E+00
-3.20000E-03,-10.26717954E+00
-3.17600E-03,-10.22262929E+00
-3.15200E-03,-10.18010165E+00
-3.12800E-03,-10.12684537E+00
-3.10400E-03,-10.07367703E+00
-3.08000E-03,-10.03000617E+00
-3.05600E-03,-9.98967703E+00
-3.03200E-03,-9.93606899E+00
-3.00800E-03,-9.88815944E+00
-2.98400E-03,-9.84433030E+00
-2.96000E-03,-9.78940316E+00
-2.93600E-03,-9.73317452E+00
-2.91200E-03,-9.68904638E+00
-2.88800E-03,-9.63967703E+00
-2.86400E-03,-9.58033532E+00
-2.84000E-03,-9.53376246E+00
-2.81600E-03,-9.49028507E+00
-2.79200E-03,-9.44306146E+00
-2.76800E-03,-9.40333030E+00
-2.74400E-03,-9.36578005E+00
-2.72000E-03,-9.32015694E+00
-2.69600E-03,-9.27069965E+00
-2.67200E-03,-9.23601623E+00
-2.64800E-03,-9.20499111E+00
-2.62400E-03,-9.16499613E+00
-2.60000E-03,-9.12748106E+00
-2.57600E-03,-9.09422226E+00
-2.55200E-03,-9.05243332E+00
-2.52800E-03,-9.00834036E+00
-2.50400E-03,-8.97230267E+00
-2.48000E-03,-8.93234287E+00
-2.45600E-03,-8.88161925E+00
-2.43200E-03,-8.83172227E+00
-2.40800E-03,-8.78034790E+00
-2.38400E-03,-8.71470971E+00
-2.36000E-03,-8.64082277E+00
-2.33600E-03,-8.57560669E+00
-2.31200E-03,-8.50405895E+00
-2.28800E-03,-8.41956649E+00
-2.26400E-03,-8.34429011E+00
-2.24000E-03,-8.27349866E+00
-2.21600E-03,-8.18385293E+00
-2.19200E-03,-8.09661675E+00
-2.16800E-03,-8.02800620E+00
-2.14400E-03,-7.94432278E+00
-2.12000E-03,-7.85886298E+00
-2.09600E-03,-7.78761424E+00
-2.07200E-03,-7.71253132E+00
-2.04800E-03,-7.62868962E+00
-2.02400E-03,-7.55369464E+00
-2.00000E-03,-7.48652630E+00
-1.97600E-03,-7.40231525E+00
-1.95200E-03,-7.32255394E+00
-1.92800E-03,-7.25311676E+00
-1.90400E-03,-7.17405897E+00
-1.88000E-03,-7.09000621E+00
-1.85600E-03,-7.01393837E+00
-1.83200E-03,-6.93762430E+00
-1.80800E-03,-6.84857656E+00
-1.78400E-03,-6.76357405E+00
-1.76000E-03,-6.69216701E+00
-1.73600E-03,-6.61525495E+00
-1.71200E-03,-6.53032279E+00
-1.68800E-03,-6.45353385E+00
-1.66400E-03,-6.37618209E+00
-1.64000E-03,-6.29582280E+00
-1.61600E-03,-6.22149616E+00
-1.59200E-03,-6.15227003E+00
-1.56800E-03,-6.07662431E+00
-1.54400E-03,-5.99637054E+00
-1.52000E-03,-5.92506903E+00
-1.49600E-03,-5.86198109E+00
-1.47200E-03,-5.79166451E+00
-1.44800E-03,-5.71276501E+00
-1.42400E-03,-5.64239567E+00
-1.40000E-03,-5.57339818E+00
-1.37600E-03,-5.49529014E+00
-1.35200E-03,-5.42602884E+00
-1.32800E-03,-5.36264190E+00
-1.30400E-03,-5.29360924E+00
-1.28000E-03,-5.24142582E+00
-1.25600E-03,-5.21755899E+00
-1.23200E-03,-5.20656653E+00
-1.20800E-03,-5.18850371E+00
-1.18400E-03,-5.15645849E+00
-1.16000E-03,-5.08673990E+00
-1.13600E-03,-4.99916954E+00
-1.11200E-03,-4.90197859E+00
-1.08800E-03,-4.77395598E+00
-1.06400E-03,-4.64672482E+00
-1.04000E-03,-4.51381277E+00
-1.01600E-03,-4.38329267E+00
-992.00E-06,-4.25817206E+00
-968.00E-06,-4.15461428E+00
-944.00E-06,-4.06088815E+00
-920.00E-06,-3.98265699E+00
-896.00E-06,-3.91992081E+00
-872.00E-06,-3.87048111E+00
-848.00E-06,-3.82633539E+00
-824.00E-06,-3.78229519E+00
-800.00E-06,-3.73413941E+00
-776.00E-06,-3.69280775E+00
-752.00E-06,-3.63733539E+00
-728.00E-06,-3.57417710E+00
-704.00E-06,-3.49585800E+00
-680.00E-06,-3.41131278E+00
-656.00E-06,-3.30947861E+00
-632.00E-06,-3.19475248E+00
-608.00E-06,-3.07710675E+00
-584.00E-06,-2.95411429E+00
-560.00E-06,-2.82756907E+00
-536.00E-06,-2.70584294E+00
-512.00E-06,-2.59006153E+00
-488.00E-06,-2.47290826E+00
-464.00E-06,-2.35885048E+00
-440.00E-06,-2.26132535E+00
-416.00E-06,-2.17600626E+00
-392.00E-06,-2.08616706E+00
-368.00E-06,-2.00369721E+00
-344.00E-06,-1.92254646E+00
-320.00E-06,-1.83745601E+00
-296.00E-06,-1.76068465E+00
-272.00E-06,-1.66906908E+00
-248.00E-06,-1.57699621E+00
-224.00E-06,-1.48437812E+00
-200.00E-06,-1.38395099E+00
-176.00E-06,-1.27742084E+00
-152.00E-06,-1.17882285E+00
-128.00E-06,-1.08558918E+00
-104.00E-06,-987.71230E-03
-80.00E-06,-891.04899E-03
-56.00E-06,-802.24748E-03
-32.00E-06,-716.80527E-03
-8.00E-06,-648.47612E-03
+16.00E-06,-562.52386E-03
+40.00E-06,-482.48115E-03
+64.00E-06,-415.38316E-03
+88.00E-06,-337.59170E-03
+112.00E-06,-282.89321E-03
+136.00E-06,-217.60678E-03
+160.00E-06,-147.34296E-03
+184.00E-06,-85.01131E-03
+208.00E-06,-16.38317E-03
+232.00E-06,+46.61683E-03
+256.00E-06,+116.96859E-03
+280.00E-06,+183.22236E-03
+304.00E-06,+249.72236E-03
+328.00E-06,+329.41331E-03
+352.00E-06,+404.90075E-03
+376.00E-06,+470.80276E-03
+400.00E-06,+537.97110E-03
+424.00E-06,+598.63190E-03
+448.00E-06,+669.21230E-03
+472.00E-06,+732.95100E-03
+496.00E-06,+804.85049E-03
+520.00E-06,+873.46105E-03
+544.00E-06,+932.74999E-03
+568.00E-06,+1.00556406E+00
+592.00E-06,+1.07521230E+00
+616.00E-06,+1.14350627E+00
+640.00E-06,+1.21748114E+00
+664.00E-06,+1.29117461E+00
+688.00E-06,+1.35967963E+00
+712.00E-06,+1.43370727E+00
+736.00E-06,+1.50351380E+00
+760.00E-06,+1.57680275E+00
+784.00E-06,+1.65213189E+00
+808.00E-06,+1.71518465E+00
+832.00E-06,+1.80096104E+00
+856.00E-06,+1.88211179E+00
+880.00E-06,+1.94984294E+00
+904.00E-06,+2.02714194E+00
+928.00E-06,+2.10927762E+00
+952.00E-06,+2.17934797E+00
+976.00E-06,+2.26422736E+00
+1.00000E-03,+2.35260676E+00
+1.02400E-03,+2.43880525E+00
+1.04800E-03,+2.51571731E+00
+1.07200E-03,+2.59567208E+00
+1.09600E-03,+2.66132786E+00
+1.12000E-03,+2.73320977E+00
+1.14400E-03,+2.81277761E+00
+1.16800E-03,+2.88650625E+00
+1.19200E-03,+2.95080776E+00
+1.21600E-03,+3.01760675E+00
+1.24000E-03,+3.07142585E+00
+1.26400E-03,+3.13521730E+00
+1.28800E-03,+3.20321228E+00
+1.31200E-03,+3.27790826E+00
+1.33600E-03,+3.36060675E+00
+1.36000E-03,+3.43804645E+00
+1.38400E-03,+3.51254896E+00
+1.40800E-03,+3.58523991E+00
+1.43200E-03,+3.65367458E+00
+1.45600E-03,+3.73243338E+00
+1.48000E-03,+3.81328514E+00
+1.50400E-03,+3.89139317E+00
+1.52800E-03,+3.97094342E+00
+1.55200E-03,+4.05063438E+00
+1.57600E-03,+4.12204141E+00
+1.60000E-03,+4.19318463E+00
+1.62400E-03,+4.27164443E+00
+1.64800E-03,+4.34604141E+00
+1.67200E-03,+4.41999870E+00
+1.69600E-03,+4.49335799E+00
+1.72000E-03,+4.56543337E+00
+1.74400E-03,+4.63274241E+00
+1.76800E-03,+4.71053387E+00
+1.79200E-03,+4.78130774E+00
+1.81600E-03,+4.85573990E+00
+1.84000E-03,+4.92712934E+00
+1.86400E-03,+4.99632030E+00
+1.88800E-03,+5.07189567E+00
+1.91200E-03,+5.14618713E+00
+1.93600E-03,+5.20996100E+00
+1.96000E-03,+5.28794592E+00
+1.98400E-03,+5.36211426E+00
+2.00800E-03,+5.42562431E+00
+2.03200E-03,+5.48654894E+00
+2.05600E-03,+5.51695848E+00
+2.08000E-03,+5.51104894E+00
+2.10400E-03,+5.49159667E+00
+2.12800E-03,+5.48238059E+00
+2.15200E-03,+5.49388311E+00
+2.17600E-03,+5.52399366E+00
+2.20000E-03,+5.59626250E+00
+2.22400E-03,+5.69617959E+00
+2.24800E-03,+5.78475245E+00
+2.27200E-03,+5.88989315E+00
+2.29600E-03,+6.00168210E+00
+2.32000E-03,+6.11475496E+00
+2.34400E-03,+6.22346601E+00
+2.36800E-03,+6.32380521E+00
+2.39200E-03,+6.42391576E+00
+2.41600E-03,+6.52569717E+00
+2.44000E-03,+6.62111174E+00
+2.46400E-03,+6.71536551E+00
+2.48800E-03,+6.81081525E+00
+2.51200E-03,+6.89219465E+00
+2.53600E-03,+6.97999364E+00
+2.56000E-03,+7.05817203E+00
+2.58400E-03,+7.12101374E+00
+2.60800E-03,+7.19358158E+00
+2.63200E-03,+7.26120721E+00
+2.65600E-03,+7.32017957E+00
+2.68000E-03,+7.38073485E+00
+2.70400E-03,+7.44765696E+00
+2.72800E-03,+7.51062178E+00
+2.75200E-03,+7.57029766E+00
+2.77600E-03,+7.63663937E+00
+2.80000E-03,+7.70593585E+00
+2.82400E-03,+7.77215444E+00
+2.84800E-03,+7.83985042E+00
+2.87200E-03,+7.91099363E+00
+2.89600E-03,+7.98032529E+00
+2.92000E-03,+8.05197856E+00
+2.94400E-03,+8.12978760E+00
+2.96800E-03,+8.21218710E+00
+2.99200E-03,+8.29091072E+00
+3.01600E-03,+8.36655644E+00
+3.04000E-03,+8.45043333E+00
+3.06400E-03,+8.52611423E+00
+3.08800E-03,+8.59845343E+00
+3.11200E-03,+8.67446850E+00
+3.13600E-03,+8.75173232E+00
+3.16000E-03,+8.81292076E+00
+3.18400E-03,+8.87898106E+00
+3.20800E-03,+8.93512176E+00
+3.23200E-03,+8.98874739E+00
+3.25600E-03,+9.03465191E+00
+3.28000E-03,+9.08377503E+00
+3.30400E-03,+9.12823734E+00
+3.32800E-03,+9.16533030E+00
+3.35200E-03,+9.19874739E+00
+3.37600E-03,+9.22806648E+00
+3.40000E-03,+9.24575995E+00
+3.42400E-03,+9.26250367E+00
+3.44800E-03,+9.28322226E+00
+3.47200E-03,+9.30501372E+00
+3.49600E-03,+9.32341070E+00
+3.52000E-03,+9.34108658E+00
+3.54400E-03,+9.36296598E+00
+3.56800E-03,+9.38528508E+00
+3.59200E-03,+9.41031271E+00
+3.61600E-03,+9.44102126E+00
+3.64000E-03,+9.46947854E+00
+3.66400E-03,+9.49728507E+00
+3.68800E-03,+9.53267201E+00
+3.71200E-03,+9.56309914E+00
+3.73600E-03,+9.58758156E+00
+3.76000E-03,+9.62398859E+00
+3.78400E-03,+9.66962929E+00
+3.80800E-03,+9.70494588E+00
+3.83200E-03,+9.73839814E+00
+3.85600E-03,+9.77695090E+00
+3.88000E-03,+9.81349864E+00
+3.90400E-03,+9.85006396E+00
+3.92800E-03,+9.88775492E+00
+3.95200E-03,+9.91853381E+00
+3.97600E-03,+9.94936547E+00
+4.00000E-03,+9.98401371E+00
+4.02400E-03,+10.01417703E+00
+4.04800E-03,+10.03700617E+00
+4.07200E-03,+10.05756648E+00
+4.09600E-03,+10.08060668E+00
+4.12000E-03,+10.10123733E+00
+4.14400E-03,+10.11295090E+00
+4.16800E-03,+10.12176245E+00
+4.19200E-03,+10.12742577E+00
+4.21600E-03,+10.13067954E+00
+4.24000E-03,+10.13228004E+00
+4.26400E-03,+10.13537552E+00
+4.28800E-03,+10.13746848E+00
+4.31200E-03,+10.13746848E+00
+4.33600E-03,+10.13922728E+00
+4.36000E-03,+10.14054637E+00
+4.38400E-03,+10.14098607E+00
+4.40800E-03,+10.14142577E+00
+4.43200E-03,+10.13971974E+00
+4.45600E-03,+10.14096848E+00
+4.48000E-03,+10.14221723E+00
+4.50400E-03,+10.14390567E+00
+4.52800E-03,+10.14712426E+00
+4.55200E-03,+10.14758155E+00
+4.57600E-03,+10.14809160E+00
+4.60000E-03,+10.15065944E+00
+4.62400E-03,+10.15241823E+00
+4.64800E-03,+10.15315693E+00
+4.67200E-03,+10.15750115E+00
+4.69600E-03,+10.16332276E+00
+4.72000E-03,+10.16657652E+00
+4.74400E-03,+10.17051622E+00
+4.76800E-03,+10.17737552E+00
+4.79200E-03,+10.18194838E+00
+4.81600E-03,+10.18569461E+00
+4.84000E-03,+10.19172728E+00
+4.86400E-03,+10.19768959E+00
+4.88800E-03,+10.20184034E+00
+4.91200E-03,+10.20808406E+00
+4.93600E-03,+10.21299110E+00
+4.96000E-03,+10.21687803E+00
+4.98400E-03,+10.22071220E+00
+5.00800E-03,+10.22521471E+00
+5.03200E-03,+10.22859160E+00
+5.05600E-03,+10.23198607E+00
+5.08000E-03,+10.23578507E+00
+5.10400E-03,+10.23888054E+00
+5.12800E-03,+10.24188808E+00
+5.15200E-03,+10.24517703E+00
+5.17600E-03,+10.24878255E+00
+5.20000E-03,+10.25091069E+00
+5.22400E-03,+10.25435793E+00
+5.24800E-03,+10.25824487E+00
+5.27200E-03,+10.26148105E+00
+5.29600E-03,+10.26485793E+00
+5.32000E-03,+10.26823481E+00
+5.34400E-03,+10.27294838E+00
+5.36800E-03,+10.27548105E+00
+5.39200E-03,+10.27760919E+00
+5.41600E-03,+10.27910416E+00
+5.44000E-03,+10.27966698E+00
+5.46400E-03,+10.28026497E+00
+5.48800E-03,+10.28128507E+00
+5.51200E-03,+10.28466195E+00
+5.53600E-03,+10.28851371E+00
+5.56000E-03,+10.29127502E+00
+5.58400E-03,+10.29721974E+00
+5.60800E-03,+10.29984034E+00
+5.63200E-03,+10.30124738E+00
+5.65600E-03,+10.30494084E+00
+5.68000E-03,+10.30666446E+00
+5.70400E-03,+10.30935542E+00
+5.72800E-03,+10.31333029E+00
+5.75200E-03,+10.31846597E+00
+5.77600E-03,+10.32272225E+00
+5.80000E-03,+10.32697853E+00
+5.82400E-03,+10.33109411E+00
+5.84800E-03,+10.33373230E+00
+5.87200E-03,+10.33733783E+00
+5.89600E-03,+10.33992326E+00
+5.92000E-03,+10.34245592E+00
+5.94400E-03,+10.34500617E+00
+5.96800E-03,+10.34621974E+00
+5.99200E-03,+10.34827753E+00
+6.01600E-03,+10.34964939E+00
+6.04000E-03,+10.35116195E+00
+6.06400E-03,+10.35193582E+00
+6.08800E-03,+10.35339562E+00
+6.11200E-03,+10.35336044E+00
+6.13600E-03,+10.35380014E+00
+6.16000E-03,+10.35485542E+00
+6.18400E-03,+10.35487300E+00
+6.20800E-03,+10.35499612E+00
+6.23200E-03,+10.35561170E+00
+6.25600E-03,+10.35601622E+00
+6.28000E-03,+10.35555893E+00
+6.30400E-03,+10.35584034E+00
+6.32800E-03,+10.35686044E+00
+6.35200E-03,+10.35701873E+00
+6.37600E-03,+10.35694838E+00
+6.40000E-03,+10.35863682E+00
+6.42400E-03,+10.35900617E+00
+6.44800E-03,+10.35819713E+00
+6.47200E-03,+10.35796848E+00
+6.49600E-03,+10.35791572E+00
+6.52000E-03,+10.35670215E+00
+6.54400E-03,+10.35332527E+00
+6.56800E-03,+10.34956145E+00
+6.59200E-03,+10.34417954E+00
+6.61600E-03,+10.33487552E+00
+6.64000E-03,+10.31950366E+00
+6.66400E-03,+10.30175743E+00
+6.68800E-03,+10.27855894E+00
+6.71200E-03,+10.25319713E+00
+6.73600E-03,+10.22720215E+00
+6.76000E-03,+10.19295843E+00
+6.78400E-03,+10.15495090E+00
+6.80800E-03,+10.11937049E+00
+6.83200E-03,+10.07701874E+00
+6.85600E-03,+10.03106145E+00
+6.88000E-03,+9.98075994E+00
+6.90400E-03,+9.93096849E+00
+6.92800E-03,+9.89014688E+00
+6.95200E-03,+9.83588809E+00
+6.97600E-03,+9.78681773E+00
+7.00000E-03,+9.74042075E+00
+7.02400E-03,+9.68946849E+00
+7.04800E-03,+9.63088306E+00
+7.07200E-03,+9.57857653E+00
+7.09600E-03,+9.53661171E+00
+7.12000E-03,+9.48390065E+00
+7.14400E-03,+9.43440819E+00
+7.16800E-03,+9.39311171E+00
+7.19200E-03,+9.34877251E+00
+7.21600E-03,+9.30135543E+00
+7.24000E-03,+9.26132528E+00
+7.26400E-03,+9.22333533E+00
+7.28800E-03,+9.17933030E+00
+7.31200E-03,+9.14097101E+00
+7.33600E-03,+9.10561925E+00
+7.36000E-03,+9.06530769E+00
+7.38400E-03,+9.02536548E+00
+7.40800E-03,+8.99147352E+00
+7.43200E-03,+8.95517201E+00
+7.45600E-03,+8.91466699E+00
+7.48000E-03,+8.87544588E+00
+7.50400E-03,+8.83872227E+00
+7.52800E-03,+8.79158659E+00
+7.55200E-03,+8.74292076E+00
+7.57600E-03,+8.69263684E+00
+7.60000E-03,+8.63589815E+00
+7.62400E-03,+8.56336549E+00
+7.64800E-03,+8.49938056E+00
+7.67200E-03,+8.43456901E+00
+7.69600E-03,+8.35681272E+00
+7.72000E-03,+8.27367453E+00
+7.74400E-03,+8.19720217E+00
+7.76800E-03,+8.11392328E+00
+7.79200E-03,+8.02622981E+00
+7.81600E-03,+7.94998610E+00
+7.84000E-03,+7.87592328E+00
+7.86400E-03,+7.79243333E+00
+7.88800E-03,+7.71585545E+00
+7.91200E-03,+7.64365695E+00
+7.93600E-03,+7.56171474E+00
+7.96000E-03,+7.48432781E+00
+7.98400E-03,+7.41513686E+00
+8.00800E-03,+7.33570972E+00
+8.03200E-03,+7.25209666E+00
+8.05600E-03,+7.18035545E+00
+8.08000E-03,+7.10539565E+00
+8.10400E-03,+7.02136048E+00
+8.12800E-03,+6.94189817E+00
+8.15200E-03,+6.87325244E+00
+8.17600E-03,+6.79080018E+00
+8.20000E-03,+6.70078510E+00
+8.22400E-03,+6.63148862E+00
+8.24800E-03,+6.55478762E+00
+8.27200E-03,+6.46683033E+00
+8.29600E-03,+6.38914440E+00
+8.32000E-03,+6.32009415E+00
+8.34400E-03,+6.24082531E+00
+8.36800E-03,+6.15925245E+00
+8.39200E-03,+6.08698360E+00
+8.41600E-03,+6.00866451E+00
+8.44000E-03,+5.93342330E+00
+8.46400E-03,+5.86354642E+00
+8.48800E-03,+5.79528763E+00
+8.51200E-03,+5.71832280E+00
+8.53600E-03,+5.64445346E+00
+8.56000E-03,+5.58236803E+00
+8.58400E-03,+5.51421477E+00
+8.60800E-03,+5.44152381E+00
+8.63200E-03,+5.38028261E+00
+8.65600E-03,+5.31605145E+00
+8.68000E-03,+5.24063437E+00
+8.70400E-03,+5.17717708E+00
+8.72800E-03,+5.13890572E+00
+8.75200E-03,+5.11194341E+00
+8.77600E-03,+5.09187557E+00
+8.80000E-03,+5.07653889E+00
+8.82400E-03,+5.02936804E+00
+8.84800E-03,+4.95080271E+00
+8.87200E-03,+4.86986301E+00
+8.89600E-03,+4.76356151E+00
+8.92000E-03,+4.62233035E+00
+8.94400E-03,+4.50153638E+00
+8.96800E-03,+4.37571226E+00
+8.99200E-03,+4.24519217E+00
+9.01600E-03,+4.12246352E+00
+9.04000E-03,+4.02495599E+00
+9.06400E-03,+3.93550373E+00
+9.08800E-03,+3.85639317E+00
+9.11200E-03,+3.80364694E+00
+9.13600E-03,+3.75732031E+00
+9.16000E-03,+3.71505649E+00
+9.18400E-03,+3.67073489E+00
+9.20800E-03,+3.62352886E+00
+9.23200E-03,+3.58443087E+00
+9.25600E-03,+3.52551127E+00
+9.28000E-03,+3.46346102E+00
+9.30400E-03,+3.38150122E+00
+9.32800E-03,+3.28198866E+00
+9.35200E-03,+3.17684796E+00
+9.37600E-03,+3.06398615E+00
+9.40000E-03,+2.95059670E+00
+9.42400E-03,+2.82433288E+00
+9.44800E-03,+2.69910676E+00
+9.47200E-03,+2.57885801E+00
+9.49600E-03,+2.46455399E+00
+9.52000E-03,+2.35119972E+00
+9.54400E-03,+2.24519721E+00
+9.56800E-03,+2.15023993E+00
+9.59200E-03,+2.06245852E+00
+9.61600E-03,+1.97710425E+00
+9.64000E-03,+1.90279521E+00
+9.66400E-03,+1.81584043E+00
+9.68800E-03,+1.72478767E+00
+9.71200E-03,+1.65253641E+00
+9.73600E-03,+1.55684044E+00
+9.76000E-03,+1.46142586E+00
+9.78400E-03,+1.36147360E+00
+9.80800E-03,+1.26336808E+00
+9.83200E-03,+1.16367964E+00
+9.85600E-03,+1.06369220E+00
+9.88000E-03,+969.22738E-03
+9.90400E-03,+876.16959E-03
+9.92800E-03,+783.35803E-03
+9.95200E-03,+696.52637E-03
+9.97600E-03,+611.71733E-03
+10.00000E-03,+534.01381E-03
+10.02400E-03,+453.79522E-03
+10.04800E-03,+377.49874E-03
+10.07200E-03,+306.05653E-03
+10.09600E-03,+230.63944E-03
+10.12000E-03,+165.01884E-03
+10.14400E-03,+103.32035E-03
+10.16800E-03,+32.72236E-03
+10.19200E-03,-29.27513E-03
+10.21600E-03,-99.90829E-03
+10.24000E-03,-166.68970E-03
+10.26400E-03,-233.85804E-03
+10.28800E-03,-301.76507E-03
+10.31200E-03,-367.87814E-03
+10.33600E-03,-442.94346E-03
+10.36000E-03,-517.21733E-03
+10.38400E-03,-586.10929E-03
+10.40800E-03,-656.67210E-03
+10.43200E-03,-708.04647E-03
+10.45600E-03,-778.20477E-03
+10.48000E-03,-851.91582E-03
+10.50400E-03,-915.65451E-03
+10.52800E-03,-987.20225E-03
+10.55200E-03,-1.05685049E+00
+10.57600E-03,-1.12178516E+00
+10.60000E-03,-1.19136305E+00
+10.62400E-03,-1.26088818E+00
+10.64800E-03,-1.33714948E+00
+10.67200E-03,-1.41249622E+00
+10.69600E-03,-1.48237310E+00
+10.72000E-03,-1.55305903E+00
+10.74400E-03,-1.62124747E+00
+10.76800E-03,-1.68797611E+00
+10.79200E-03,-1.76346355E+00
+10.81600E-03,-1.83316455E+00
+10.84000E-03,-1.91070978E+00
+10.86400E-03,-1.98394596E+00
+10.88800E-03,-2.05936304E+00
+10.91200E-03,-2.14146354E+00
+10.93600E-03,-2.22034545E+00
+10.96000E-03,-2.29729269E+00
+10.98400E-03,-2.38138063E+00
+11.00800E-03,-2.47320726E+00
+11.03200E-03,-2.56383791E+00
+11.05600E-03,-2.64497108E+00
+11.08000E-03,-2.71333540E+00
+11.10400E-03,-2.78609670E+00
+11.12800E-03,-2.85567459E+00
+11.15200E-03,-2.93244595E+00
+11.17600E-03,-3.00779268E+00
+11.20000E-03,-3.06843590E+00
+11.22400E-03,-3.13560424E+00
+11.24800E-03,-3.19484042E+00
+11.27200E-03,-3.25764695E+00
+11.29600E-03,-3.33338062E+00
+11.32000E-03,-3.40823489E+00
+11.34400E-03,-3.48027509E+00
+11.36800E-03,-3.55632534E+00
+11.39200E-03,-3.63167207E+00
+11.41600E-03,-3.70329016E+00
+11.44000E-03,-3.77890071E+00
+11.46400E-03,-3.86253137E+00
+11.48800E-03,-3.94241579E+00
+11.51200E-03,-4.02741830E+00
+11.53600E-03,-4.10624744E+00
+11.56000E-03,-4.18254393E+00
+11.58400E-03,-4.25505900E+00
+11.60800E-03,-4.32426754E+00
+11.63200E-03,-4.40842583E+00
+11.65600E-03,-4.48396603E+00
+11.68000E-03,-4.55312181E+00
+11.70400E-03,-4.63071980E+00
+11.72800E-03,-4.70814191E+00
+11.75200E-03,-4.77613688E+00
+11.77600E-03,-4.83904894E+00
+11.80000E-03,-4.91560924E+00
+11.82400E-03,-4.98087809E+00
+11.84800E-03,-5.05801879E+00
+11.87200E-03,-5.13630271E+00
+11.89600E-03,-5.20143085E+00
+11.92000E-03,-5.26815949E+00
+11.94400E-03,-5.33983034E+00
+11.96800E-03,-5.41041075E+00
+11.99200E-03,-5.48348863E+00
+12.01600E-03,-5.55804391E+00
+12.04000E-03,-5.61446602E+00
+12.06400E-03,-5.63200120E+00
+12.08800E-03,-5.62009416E+00
+12.11200E-03,-5.60489818E+00
+12.13600E-03,-5.59967456E+00
+12.16000E-03,-5.61314692E+00
+12.18400E-03,-5.65734542E+00
+12.20800E-03,-5.74994592E+00
+12.23200E-03,-5.84073486E+00
+12.25600E-03,-5.93247355E+00
+12.28000E-03,-6.03815948E+00
+12.30400E-03,-6.15355395E+00
+12.32800E-03,-6.26233536E+00
+12.35200E-03,-6.36021224E+00
+12.37600E-03,-6.46918712E+00
+12.40000E-03,-6.56711676E+00
+12.42400E-03,-6.66571475E+00
+12.44800E-03,-6.76441827E+00
+12.47200E-03,-6.86220721E+00
+12.49600E-03,-6.95524741E+00
+12.52000E-03,-7.04533284E+00
+12.54400E-03,-7.12280771E+00
+12.56800E-03,-7.19504138E+00
+12.59200E-03,-7.27005394E+00
+12.61600E-03,-7.33734540E+00
+12.64000E-03,-7.39981776E+00
+12.66400E-03,-7.45996851E+00
+12.68800E-03,-7.52740067E+00
+12.71200E-03,-7.59244087E+00
+12.73600E-03,-7.64847605E+00
+12.76000E-03,-7.71235545E+00
+12.78400E-03,-7.78314690E+00
+12.80800E-03,-7.85119464E+00
+12.83200E-03,-7.91618208E+00
+12.85600E-03,-7.98959414E+00
+12.88000E-03,-8.06569715E+00
+12.90400E-03,-8.12871474E+00
+12.92800E-03,-8.21005896E+00
+12.95200E-03,-8.29164941E+00
+12.97600E-03,-8.36351373E+00
+13.00000E-03,-8.44111172E+00
+13.02400E-03,-8.52627252E+00
+13.04800E-03,-8.60420468E+00
+13.07200E-03,-8.68160920E+00
+13.09600E-03,-8.76233785E+00
+13.12000E-03,-8.83842327E+00
+13.14400E-03,-8.90205644E+00
+13.16800E-03,-8.96498608E+00
+13.19200E-03,-9.02795091E+00
+13.21600E-03,-9.08347603E+00
+13.24000E-03,-9.13346096E+00
+13.26400E-03,-9.18189814E+00
+13.28800E-03,-9.22103131E+00
+13.31200E-03,-9.25898608E+00
+13.33600E-03,-9.30105643E+00
+13.36000E-03,-9.33792075E+00
+13.38400E-03,-9.36366950E+00
+13.40800E-03,-9.38510920E+00
+13.43200E-03,-9.40869462E+00
+13.45600E-03,-9.42719714E+00
+13.48000E-03,-9.44063432E+00
+13.50400E-03,-9.45639311E+00
+13.52800E-03,-9.47932779E+00
+13.55200E-03,-9.50303633E+00
+13.57600E-03,-9.52931271E+00
+13.60000E-03,-9.55970467E+00
+13.62400E-03,-9.59391321E+00
+13.64800E-03,-9.62650367E+00
+13.67200E-03,-9.66013181E+00
+13.69600E-03,-9.69138557E+00
+13.72000E-03,-9.72230517E+00
+13.74400E-03,-9.75800869E+00
+13.76800E-03,-9.79851371E+00
+13.79200E-03,-9.83796346E+00
+13.81600E-03,-9.86997351E+00
+13.84000E-03,-9.90284537E+00
+13.86400E-03,-9.94379009E+00
+13.88800E-03,-9.98207904E+00
+13.91200E-03,-10.01463431E+00
+13.93600E-03,-10.04674989E+00
+13.96000E-03,-10.08092326E+00
+13.98400E-03,-10.11432276E+00
+14.00800E-03,-10.14759914E+00
+14.03200E-03,-10.17739311E+00
+14.05600E-03,-10.20057401E+00
+14.08000E-03,-10.22268205E+00
+14.10400E-03,-10.24401622E+00
+14.12800E-03,-10.25965190E+00
+14.15200E-03,-10.26964185E+00
+14.17600E-03,-10.27991321E+00
+14.20000E-03,-10.28564687E+00
+14.22400E-03,-10.28726497E+00
+14.24800E-03,-10.29138054E+00
+14.27200E-03,-10.29377250E+00
+14.29600E-03,-10.29400115E+00
+14.32000E-03,-10.29593582E+00
+14.34400E-03,-10.29882024E+00
+14.36800E-03,-10.29883783E+00
+14.39200E-03,-10.29908406E+00
+14.41600E-03,-10.29683280E+00
+14.44000E-03,-10.29707904E+00
+14.46400E-03,-10.29816949E+00
+14.48800E-03,-10.30019210E+00
+14.51200E-03,-10.30448356E+00
+14.53600E-03,-10.30610165E+00
+14.56000E-03,-10.30684034E+00
+14.58400E-03,-10.30983029E+00
+14.60800E-03,-10.31070969E+00
+14.63200E-03,-10.31202878E+00
+14.65600E-03,-10.31505391E+00
+14.68000E-03,-10.31923984E+00
+14.70400E-03,-10.32242326E+00
+14.72800E-03,-10.32585290E+00
+14.75200E-03,-10.33091823E+00
+14.77600E-03,-10.33459411E+00
+14.80000E-03,-10.33709160E+00
+14.82400E-03,-10.34171723E+00
+14.84800E-03,-10.34618456E+00
+14.87200E-03,-10.34964939E+00
+14.89600E-03,-10.35311421E+00
+14.92000E-03,-10.35881270E+00
+14.94400E-03,-10.36174989E+00
+14.96800E-03,-10.36561924E+00
+14.99200E-03,-10.37026245E+00
+15.01600E-03,-10.37495843E+00
+15.04000E-03,-10.37833532E+00
+15.06400E-03,-10.38357652E+00
+15.08800E-03,-10.38820215E+00
+15.11200E-03,-10.39238808E+00
+15.13600E-03,-10.39623984E+00
+15.16000E-03,-10.40119964E+00
+15.18400E-03,-10.40513934E+00
+15.20800E-03,-10.40913180E+00
+15.23200E-03,-10.41409160E+00
+15.25600E-03,-10.41794336E+00
+15.28000E-03,-10.42054637E+00
+15.30400E-03,-10.42543582E+00
+15.32800E-03,-10.42985039E+00
+15.35200E-03,-10.43308657E+00
+15.37600E-03,-10.43477501E+00
+15.40000E-03,-10.43646346E+00
+15.42400E-03,-10.43771220E+00
+15.44800E-03,-10.43778255E+00
+15.47200E-03,-10.43933029E+00
+15.49600E-03,-10.43998104E+00
+15.52000E-03,-10.44288305E+00
+15.54400E-03,-10.44485290E+00
+15.56800E-03,-10.44779009E+00
+15.59200E-03,-10.45041069E+00
+15.61600E-03,-10.45248607E+00
+15.64000E-03,-10.45466697E+00
+15.66400E-03,-10.45690064E+00
+15.68800E-03,-10.45804386E+00
+15.71200E-03,-10.45969712E+00
+15.73600E-03,-10.46296848E+00
+15.76000E-03,-10.46574738E+00
+15.78400E-03,-10.46963431E+00
+15.80800E-03,-10.47332778E+00
+15.83200E-03,-10.47707401E+00
+15.85600E-03,-10.48041572E+00
+15.88000E-03,-10.48342325E+00
+15.90400E-03,-10.48627250E+00
+15.92800E-03,-10.48855893E+00
+15.95200E-03,-10.49126748E+00
+15.97600E-03,-10.49369461E+00
+16.00000E-03,-10.49538305E+00
+16.02400E-03,-10.49788054E+00
+16.04800E-03,-10.49875994E+00
+16.07200E-03,-10.50088808E+00
+16.09600E-03,-10.50182024E+00
+16.12000E-03,-10.50171471E+00
+16.14400E-03,-10.50373732E+00
+16.16800E-03,-10.50368456E+00
+16.19200E-03,-10.50373732E+00
+16.21600E-03,-10.50373732E+00
+16.24000E-03,-10.50505642E+00
+16.26400E-03,-10.50495089E+00
+16.28800E-03,-10.50546094E+00
+16.31200E-03,-10.50546094E+00
+16.33600E-03,-10.50637552E+00
+16.36000E-03,-10.50611170E+00
+16.38400E-03,-10.50637552E+00
+16.40800E-03,-10.50713180E+00
+16.43200E-03,-10.50764185E+00
+16.45600E-03,-10.50811672E+00
+16.48000E-03,-10.50760667E+00
+16.50400E-03,-10.50565441E+00
+16.52800E-03,-10.50264687E+00
+16.55200E-03,-10.49861923E+00
+16.57600E-03,-10.49334285E+00
+16.60000E-03,-10.48439059E+00
+16.62400E-03,-10.47220215E+00
+16.64800E-03,-10.45853632E+00
+16.67200E-03,-10.44253130E+00
+16.69600E-03,-10.41957903E+00
+16.72000E-03,-10.39082275E+00
+16.74400E-03,-10.35877753E+00
+16.76800E-03,-10.32715441E+00
+16.79200E-03,-10.28840818E+00
+16.81600E-03,-10.24343582E+00
+16.84000E-03,-10.20157652E+00
+16.86400E-03,-10.15046597E+00
+16.88800E-03,-10.09951371E+00
+16.91200E-03,-10.05176246E+00
+16.93600E-03,-10.00830266E+00
+16.96000E-03,-9.96070969E+00
+16.98400E-03,-9.91126999E+00
+17.00800E-03,-9.86511924E+00
+17.03200E-03,-9.81172226E+00
+17.05600E-03,-9.75855392E+00
+17.08000E-03,-9.70823482E+00
+17.10400E-03,-9.65830266E+00
+17.12800E-03,-9.60263683E+00
+17.15200E-03,-9.55326749E+00
+17.17600E-03,-9.50395090E+00
+17.20000E-03,-9.45857402E+00
+17.22400E-03,-9.42135794E+00
+17.24800E-03,-9.38176749E+00
+17.27200E-03,-9.33477251E+00
+17.29600E-03,-9.29268457E+00
+17.32000E-03,-9.25446598E+00
+17.34400E-03,-9.21770719E+00
+17.36800E-03,-9.18481774E+00
+17.39200E-03,-9.15249111E+00
+17.41600E-03,-9.11429010E+00
+17.44000E-03,-9.07155141E+00
+17.46400E-03,-9.03269965E+00
+17.48800E-03,-8.99692578E+00
+17.51200E-03,-8.95133784E+00
+17.53600E-03,-8.90631272E+00
+17.56000E-03,-8.86374991E+00
+17.58400E-03,-8.80799614E+00
+17.60800E-03,-8.74126749E+00
+17.63200E-03,-8.67659664E+00
+17.65600E-03,-8.60981523E+00
+17.68000E-03,-8.52984287E+00
+17.70400E-03,-8.45303634E+00
+17.72800E-03,-8.38322981E+00
+17.75200E-03,-8.30262428E+00
+17.77600E-03,-8.21290820E+00
+17.80000E-03,-8.13596097E+00
+17.82400E-03,-8.06158157E+00
+17.84800E-03,-7.97325494E+00
+17.87200E-03,-7.89597353E+00
+17.89600E-03,-7.82811926E+00
+17.92000E-03,-7.74287052E+00
+17.94400E-03,-7.65952127E+00
+17.96800E-03,-7.59674992E+00
+17.99200E-03,-7.52082278E+00
+18.01600E-03,-7.43244339E+00
+18.04000E-03,-7.36112429E+00
+18.06400E-03,-7.29446600E+00
+18.08800E-03,-7.20626249E+00
+18.11200E-03,-7.12140068E+00
+18.13600E-03,-7.05479515E+00
+18.16000E-03,-6.97225495E+00
+18.18400E-03,-6.87677003E+00
+18.20800E-03,-6.79938309E+00
+18.23200E-03,-6.72957656E+00
+18.25600E-03,-6.63935043E+00
+18.28000E-03,-6.55946601E+00
+18.30400E-03,-6.49477757E+00
+18.32800E-03,-6.40931777E+00
+18.35200E-03,-6.32143084E+00
+18.37600E-03,-6.25869466E+00
+18.40000E-03,-6.19029516E+00
+18.42400E-03,-6.10506400E+00
+18.44800E-03,-6.03251375E+00
+18.47200E-03,-5.96569717E+00
+18.49600E-03,-5.89036803E+00
+18.52000E-03,-5.81839818E+00
+18.54400E-03,-5.75555647E+00
+18.56800E-03,-5.67788813E+00
+18.59200E-03,-5.59796853E+00
+18.61600E-03,-5.52730019E+00
+18.64000E-03,-5.46030773E+00
+18.66400E-03,-5.38584039E+00
+18.68800E-03,-5.31227004E+00
+18.71200E-03,-5.26161678E+00
+18.73600E-03,-5.22573738E+00
+18.76000E-03,-5.20361175E+00
+18.78400E-03,-5.19467708E+00
+18.80800E-03,-5.17659668E+00
+18.83200E-03,-5.11660422E+00
+18.85600E-03,-5.03777507E+00
+18.88000E-03,-4.95184040E+00
+18.90400E-03,-4.82965698E+00
+18.92800E-03,-4.70341075E+00
+18.95200E-03,-4.57913437E+00
+18.97600E-03,-4.44875498E+00
+19.00000E-03,-4.30662684E+00
+19.02400E-03,-4.19914694E+00
+19.04800E-03,-4.10605398E+00
+19.07200E-03,-4.01925749E+00
+19.09600E-03,-3.94172986E+00
+19.12000E-03,-3.89524493E+00
+19.14400E-03,-3.84620976E+00
+19.16800E-03,-3.80141328E+00
+19.19200E-03,-3.75700373E+00
+19.21600E-03,-3.71220725E+00
+19.24000E-03,-3.66273237E+00
+19.26400E-03,-3.59941579E+00
+19.28800E-03,-3.53353137E+00
+19.31200E-03,-3.45090323E+00
+19.33600E-03,-3.35409921E+00
+19.36000E-03,-3.24422735E+00
+19.38400E-03,-3.12988816E+00
+19.40800E-03,-3.00555901E+00
+19.43200E-03,-2.87991077E+00
+19.45600E-03,-2.76108665E+00
+19.48000E-03,-2.63972987E+00
+19.50400E-03,-2.52245349E+00
+19.52800E-03,-2.40596857E+00
+19.55200E-03,-2.30390575E+00
+19.57600E-03,-2.21162184E+00
+19.60000E-03,-2.12616204E+00
+19.62400E-03,-2.03595350E+00
+19.64800E-03,-1.95348365E+00
+19.67200E-03,-1.87352887E+00
+19.69600E-03,-1.79433038E+00
+19.72000E-03,-1.70369973E+00
+19.74400E-03,-1.61248868E+00
+19.76800E-03,-1.52636054E+00
+19.79200E-03,-1.42821983E+00
+19.81600E-03,-1.31963190E+00
+19.84000E-03,-1.21959170E+00
+19.86400E-03,-1.12210175E+00
+19.88800E-03,-1.02788315E+00
+19.91200E-03,-926.64698E-03
+19.93600E-03,-844.21230E-03
+19.96000E-03,-756.94095E-03
+19.98400E-03,-674.54145E-03
+20.00800E-03,-595.94095E-03
+20.03200E-03,-523.40829E-03
+20.05600E-03,-444.57914E-03
+20.08000E-03,-369.30276E-03
+20.10400E-03,-309.80276E-03
+20.12800E-03,-245.92336E-03
+20.15200E-03,-180.03894E-03
+20.17600E-03,-113.60930E-03
+20.20000E-03,-49.46608E-03
+20.22400E-03,+16.96357E-03
+20.24800E-03,+88.10678E-03
+20.27200E-03,+147.87060E-03
+20.29600E-03,+218.16960E-03
+20.32000E-03,+295.34547E-03
+20.34400E-03,+365.94346E-03
+20.36800E-03,+440.93844E-03
+20.39200E-03,+508.37060E-03
+20.41600E-03,+567.53643E-03
+20.44000E-03,+636.63944E-03
+20.46400E-03,+701.90828E-03
+20.48800E-03,+775.86557E-03
+20.51200E-03,+840.87059E-03
+20.53600E-03,+907.91582E-03
+20.56000E-03,+978.37311E-03
+20.58400E-03,+1.04256908E+00
+20.60800E-03,+1.11677260E+00
+20.63200E-03,+1.18851381E+00
+20.65600E-03,+1.25921732E+00
+20.68000E-03,+1.33382536E+00
+20.70400E-03,+1.40006154E+00
+20.72800E-03,+1.47639320E+00
+20.75200E-03,+1.54565451E+00
+20.77600E-03,+1.61567209E+00
+20.80000E-03,+1.68910174E+00
+20.82400E-03,+1.76356908E+00
+20.84800E-03,+1.84253892E+00
+20.87200E-03,+1.92029521E+00
+20.89600E-03,+1.99434043E+00
+20.92000E-03,+2.07128767E+00
+20.94400E-03,+2.14584294E+00
+20.96800E-03,+2.22998364E+00
+20.99200E-03,+2.31354395E+00
+21.01600E-03,+2.39956656E+00
+21.04000E-03,+2.48583540E+00
+21.06400E-03,+2.56499872E+00
+21.08800E-03,+2.63197359E+00
+21.11200E-03,+2.70589570E+00
+21.13600E-03,+2.78284294E+00
+21.16000E-03,+2.85421479E+00
+21.18400E-03,+2.92702886E+00
+21.20800E-03,+2.99113690E+00
+21.23200E-03,+3.05023238E+00
+21.25600E-03,+3.10512434E+00
+21.28000E-03,+3.17317208E+00
+21.30400E-03,+3.24454394E+00
+21.32800E-03,+3.31931027E+00
+21.35200E-03,+3.39894846E+00
+21.37600E-03,+3.47906152E+00
+21.40000E-03,+3.54726755E+00
+21.42400E-03,+3.61436554E+00
+21.44800E-03,+3.69426755E+00
+21.47200E-03,+3.77214694E+00
+21.49600E-03,+3.84751127E+00
+21.52000E-03,+3.93147609E+00
+21.54400E-03,+4.01369971E+00
+21.56800E-03,+4.08296101E+00
+21.59200E-03,+4.15767458E+00
+21.61600E-03,+4.23866704E+00
+21.64000E-03,+4.30768211E+00
+21.66400E-03,+4.38658161E+00
+21.68800E-03,+4.46078513E+00
+21.71200E-03,+4.53034543E+00
+21.73600E-03,+4.60117206E+00
+21.76000E-03,+4.67148864E+00
+21.78400E-03,+4.74678261E+00
+21.80800E-03,+4.81996603E+00
+21.83200E-03,+4.88759166E+00
+21.85600E-03,+4.96147859E+00
+21.88000E-03,+5.03520723E+00
+21.90400E-03,+5.10387055E+00
+21.92800E-03,+5.17687809E+00
+21.95200E-03,+5.25097607E+00
+21.97600E-03,+5.32264693E+00
+22.00000E-03,+5.39488060E+00
+22.02400E-03,+5.46278763E+00
+22.04800E-03,+5.50723235E+00
+22.07200E-03,+5.51578009E+00
+22.09600E-03,+5.50573738E+00
+22.12000E-03,+5.49266954E+00
+22.14400E-03,+5.48691828E+00
+22.16800E-03,+5.50907909E+00
+22.19200E-03,+5.56629265E+00
+22.21600E-03,+5.65322984E+00
+22.24000E-03,+5.74294592E+00
+22.26400E-03,+5.84374240E+00
+22.28800E-03,+5.95408913E+00
+22.31200E-03,+6.05961677E+00
+22.33600E-03,+6.17606652E+00
+22.36000E-03,+6.28456652E+00
+22.38400E-03,+6.37788812E+00
+22.40800E-03,+6.47926501E+00
+22.43200E-03,+6.58386048E+00
+22.45600E-03,+6.67348862E+00
+22.48000E-03,+6.76726752E+00
+22.50400E-03,+6.86215445E+00
+22.52800E-03,+6.94856400E+00
+22.55200E-03,+7.02340068E+00
+22.57600E-03,+7.09456148E+00
+22.60000E-03,+7.16862430E+00
+22.62400E-03,+7.23204640E+00
+22.64800E-03,+7.29193334E+00
+22.67200E-03,+7.35389565E+00
+22.69600E-03,+7.42067706E+00
+22.72000E-03,+7.47738057E+00
+22.74400E-03,+7.53995846E+00
+22.76800E-03,+7.60665193E+00
+22.79200E-03,+7.67028509E+00
+22.81600E-03,+7.73674992E+00
+22.84000E-03,+7.80882529E+00
+22.86400E-03,+7.87977504E+00
+22.88800E-03,+7.94521976E+00
+22.91200E-03,+8.01643333E+00
+22.93600E-03,+8.09869212E+00
+22.96000E-03,+8.17535795E+00
+22.98400E-03,+8.25286800E+00
+23.00800E-03,+8.33729011E+00
+23.03200E-03,+8.41953132E+00
+23.05600E-03,+8.49042830E+00
+23.08000E-03,+8.56695343E+00
+23.10400E-03,+8.64959915E+00
+23.12800E-03,+8.71469212E+00
+23.15200E-03,+8.78034790E+00
+23.17600E-03,+8.84756900E+00
+23.20000E-03,+8.90763181E+00
+23.22400E-03,+8.95601624E+00
+23.24800E-03,+9.00600116E+00
+23.27200E-03,+9.05630267E+00
+23.29600E-03,+9.10034287E+00
+23.32000E-03,+9.13847352E+00
+23.34400E-03,+9.18022729E+00
+23.36800E-03,+9.21237804E+00
+23.39200E-03,+9.23241071E+00
+23.41600E-03,+9.25297101E+00
+23.44000E-03,+9.27565945E+00
+23.46400E-03,+9.29363432E+00
+23.48800E-03,+9.31356146E+00
+23.51200E-03,+9.33679513E+00
+23.53600E-03,+9.35484035E+00
+23.56000E-03,+9.37406397E+00
+23.58400E-03,+9.40220467E+00
+23.60800E-03,+9.43296598E+00
+23.63200E-03,+9.45755392E+00
+23.65600E-03,+9.48419965E+00
+23.68000E-03,+9.52127502E+00
+23.70400E-03,+9.55145593E+00
+23.72800E-03,+9.57407402E+00
+23.75200E-03,+9.60879261E+00
+23.77600E-03,+9.65227000E+00
+23.80000E-03,+9.68765693E+00
+23.82400E-03,+9.72297351E+00
+23.84800E-03,+9.76149110E+00
+23.87200E-03,+9.79577000E+00
+23.89600E-03,+9.82996095E+00
+23.92000E-03,+9.87285793E+00
+23.94400E-03,+9.90558909E+00
+23.96800E-03,+9.93343080E+00
+23.99200E-03,+9.96962678E+00
+24.01600E-03,+10.00314939E+00
+24.04000E-03,+10.02613683E+00
+24.06400E-03,+10.04782276E+00
+24.08800E-03,+10.07329009E+00
+24.11200E-03,+10.09270718E+00
+24.13600E-03,+10.10749864E+00
+24.16000E-03,+10.11864939E+00
+24.18400E-03,+10.12466446E+00
+24.20800E-03,+10.12816446E+00
+24.23200E-03,+10.13103130E+00
+24.25600E-03,+10.13393331E+00
+24.28000E-03,+10.13553381E+00
+24.30400E-03,+10.13658909E+00
+24.32800E-03,+10.13945592E+00
+24.35200E-03,+10.13952627E+00
+24.37600E-03,+10.13966698E+00
+24.40000E-03,+10.14230517E+00
+24.42400E-03,+10.14075743E+00
+24.44800E-03,+10.13922728E+00
+24.47200E-03,+10.14079260E+00
+24.49600E-03,+10.14378255E+00
+24.52000E-03,+10.14538306E+00
+24.54400E-03,+10.14541823E+00
+24.56800E-03,+10.14807401E+00
+24.59200E-03,+10.15021974E+00
+24.61600E-03,+10.15021974E+00
+24.64000E-03,+10.15206647E+00
+24.66400E-03,+10.15669210E+00
+24.68800E-03,+10.16043833E+00
+24.71200E-03,+10.16337552E+00
+24.73600E-03,+10.16924989E+00
+24.76000E-03,+10.17466698E+00
+24.78400E-03,+10.17767451E+00
+24.80800E-03,+10.18237049E+00
+24.83200E-03,+10.18917703E+00
+24.85600E-03,+10.19459411E+00
+24.88000E-03,+10.19832276E+00
+24.90400E-03,+10.20558657E+00
+24.92800E-03,+10.21088054E+00
+24.95200E-03,+10.21249863E+00
+24.97600E-03,+10.21858406E+00
+25.00000E-03,+10.22276999E+00
+25.02400E-03,+10.22600617E+00
+25.04800E-03,+10.22968205E+00
+25.07200E-03,+10.23334034E+00
+25.09600E-03,+10.23671723E+00
+25.12000E-03,+10.23974235E+00
+25.14400E-03,+10.24389311E+00
+25.16800E-03,+10.24640818E+00
+25.19200E-03,+10.24934537E+00
+25.21600E-03,+10.25252878E+00
+25.24000E-03,+10.25565944E+00
+25.26400E-03,+10.25836798E+00
+25.28800E-03,+10.26237803E+00
+25.31200E-03,+10.26622979E+00
+25.33600E-03,+10.27048607E+00
+25.36000E-03,+10.27289562E+00
+25.38400E-03,+10.27548105E+00
+25.40800E-03,+10.27773230E+00
+25.43200E-03,+10.27866446E+00
+25.45600E-03,+10.27906899E+00
+25.48000E-03,+10.28151371E+00
+25.50400E-03,+10.28209411E+00
+25.52800E-03,+10.28540064E+00
+25.55200E-03,+10.28930517E+00
+25.57600E-03,+10.29289311E+00
+25.60000E-03,+10.29707904E+00
+25.62400E-03,+10.29964687E+00
+25.64800E-03,+10.30177502E+00
+25.67200E-03,+10.30390316E+00
+25.69600E-03,+10.30662929E+00
+25.72000E-03,+10.31018205E+00
+25.74400E-03,+10.31514185E+00
+25.76800E-03,+10.31934537E+00
+25.79200E-03,+10.32397099E+00
+25.81600E-03,+10.32829763E+00
+25.84000E-03,+10.33128758E+00
+25.86400E-03,+10.33520969E+00
+25.88800E-03,+10.33800617E+00
+25.91200E-03,+10.34057401E+00
+25.93600E-03,+10.34236798E+00
+25.96000E-03,+10.34483029E+00
+25.98400E-03,+10.34676496E+00
+26.00800E-03,+10.34776748E+00
+26.03200E-03,+10.34945592E+00
+26.05600E-03,+10.35030014E+00
+26.08000E-03,+10.35168959E+00
+26.10400E-03,+10.35248104E+00
+26.12800E-03,+10.35336044E+00
+26.15200E-03,+10.35365944E+00
+26.17600E-03,+10.35350115E+00
+26.20000E-03,+10.35423984E+00
+26.22400E-03,+10.35460919E+00
+26.24800E-03,+10.35467954E+00
+26.27200E-03,+10.35578758E+00
+26.29600E-03,+10.35599863E+00
+26.32000E-03,+10.35643833E+00
+26.34400E-03,+10.35687803E+00
+26.36800E-03,+10.35687803E+00
+26.39200E-03,+10.35744084E+00
+26.41600E-03,+10.35712426E+00
+26.44000E-03,+10.35758155E+00
+26.46400E-03,+10.35731773E+00
+26.48800E-03,+10.35684285E+00
+26.51200E-03,+10.35474989E+00
+26.53600E-03,+10.35336044E+00
+26.56000E-03,+10.35081019E+00
+26.58400E-03,+10.34486547E+00
+26.60800E-03,+10.33579009E+00
+26.63200E-03,+10.32529009E+00
+26.65600E-03,+10.30872225E+00
+26.68000E-03,+10.28511924E+00
+26.70400E-03,+10.26176245E+00
+26.72800E-03,+10.23895090E+00
+26.75200E-03,+10.20796095E+00
+26.77600E-03,+10.16728004E+00
+26.80000E-03,+10.13658909E+00
+26.82400E-03,+10.09817703E+00
+26.84800E-03,+10.04759411E+00
+26.87200E-03,+10.00355391E+00
+26.89600E-03,+9.95552125E+00
+26.92000E-03,+9.90724236E+00
+26.94400E-03,+9.85507653E+00
+26.96800E-03,+9.80769462E+00
+26.99200E-03,+9.76270467E+00
+27.01600E-03,+9.70522728E+00
+27.04000E-03,+9.65168960E+00
+27.06400E-03,+9.59874990E+00
+27.08800E-03,+9.54945090E+00
+27.11200E-03,+9.49832276E+00
+27.13600E-03,+9.45340317E+00
+27.16000E-03,+9.40730518E+00
+27.18400E-03,+9.35870970E+00
+27.20800E-03,+9.31955895E+00
+27.23200E-03,+9.28077754E+00
+27.25600E-03,+9.23566447E+00
+27.28000E-03,+9.19581020E+00
+27.30400E-03,+9.16306146E+00
+27.32800E-03,+9.12308407E+00
+27.35200E-03,+9.08247352E+00
+27.37600E-03,+9.04780769E+00
+27.40000E-03,+9.01315945E+00
+27.42400E-03,+8.97043835E+00
+27.44800E-03,+8.93374990E+00
+27.47200E-03,+8.89797604E+00
+27.49600E-03,+8.85291573E+00
+27.52000E-03,+8.80588558E+00
+27.54400E-03,+8.76472981E+00
+27.56800E-03,+8.71425242E+00
+27.59200E-03,+8.64937051E+00
+27.61600E-03,+8.59166448E+00
+27.64000E-03,+8.53019463E+00
+27.66400E-03,+8.45527001E+00
+27.68800E-03,+8.37950117E+00
+27.71200E-03,+8.31548107E+00
+27.73600E-03,+8.23211423E+00
+27.76000E-03,+8.14009413E+00
+27.78400E-03,+8.06754388E+00
+27.80800E-03,+7.99161675E+00
+27.83200E-03,+7.90286801E+00
+27.85600E-03,+7.82711675E+00
+27.88000E-03,+7.76107404E+00
+27.90400E-03,+7.67566700E+00
+27.92800E-03,+7.59001374E+00
+27.95200E-03,+7.52412932E+00
