x-axis,1,2
second,Volt,Volt
-14.70000E-03,+8.44918949E+00,+5.15758643E+00
-14.68500E-03,+8.45424577E+00,+5.15779309E+00
-14.67000E-03,+8.45891010E+00,+5.15776231E+00
-14.65500E-03,+8.46249000E+00,+5.15798216E+00
-14.64000E-03,+8.46603723E+00,+5.15831193E+00
-14.62500E-03,+8.46996336E+00,+5.15831193E+00
-14.61000E-03,+8.47405281E+00,+5.15860653E+00
-14.59500E-03,+8.47835783E+00,+5.15857135E+00
-14.58000E-03,+8.48329653E+00,+5.15869887E+00
-14.56500E-03,+8.48823522E+00,+5.15875163E+00
-14.55000E-03,+8.49305633E+00,+5.15897148E+00
-14.53500E-03,+8.49760306E+00,+5.15887035E+00
-14.52000E-03,+8.50169251E+00,+5.15898467E+00
-14.50500E-03,+8.50594527E+00,+5.15922211E+00
-14.49000E-03,+8.51026989E+00,+5.15936281E+00
-14.47500E-03,+8.51428748E+00,+5.15934522E+00
-14.46000E-03,+8.51837693E+00,+5.15954748E+00
-14.44500E-03,+8.52277994E+00,+5.15963982E+00
-14.43000E-03,+8.52686939E+00,+5.15985088E+00
-14.41500E-03,+8.53101110E+00,+5.16004434E+00
-14.40000E-03,+8.53506135E+00,+5.16011469E+00
-14.38500E-03,+8.53931411E+00,+5.16018065E+00
-14.37000E-03,+8.54261311E+00,+5.16029057E+00
-14.35500E-03,+8.54565733E+00,+5.16029057E+00
-14.34000E-03,+8.54864929E+00,+5.16050163E+00
-14.32500E-03,+8.55142567E+00,+5.16042248E+00
-14.31000E-03,+8.55410406E+00,+5.16073027E+00
-14.29500E-03,+8.55715482E+00,+5.16056319E+00
-14.28000E-03,+8.56053874E+00,+5.16065552E+00
-14.26500E-03,+8.56400105E+00,+5.16062035E+00
-14.25000E-03,+8.56778999E+00,+5.16073027E+00
-14.23500E-03,+8.57168999E+00,+5.16082261E+00
-14.22000E-03,+8.57564226E+00,+5.16091055E+00
-14.20500E-03,+8.57932668E+00,+5.16106005E+00
-14.19000E-03,+8.58290004E+00,+5.16116997E+00
-14.17500E-03,+8.58611411E+00,+5.16127990E+00
-14.16000E-03,+8.58856386E+00,+5.16138982E+00
-14.14500E-03,+8.59120959E+00,+5.16148655E+00
-14.13000E-03,+8.59385532E+00,+5.16154811E+00
-14.11500E-03,+8.59624628E+00,+5.16160967E+00
-14.10000E-03,+8.59891813E+00,+5.16174158E+00
-14.08500E-03,+8.60175331E+00,+5.16191306E+00
-14.07000E-03,+8.60458849E+00,+5.16193065E+00
-14.05500E-03,+8.60772416E+00,+5.16203178E+00
-14.04000E-03,+8.61067040E+00,+5.16204937E+00
-14.02500E-03,+8.61384527E+00,+5.16215929E+00
-14.01000E-03,+8.61700055E+00,+5.16220766E+00
-13.99500E-03,+8.61983572E+00,+5.16222085E+00
-13.98000E-03,+8.62274276E+00,+5.16246268E+00
-13.96500E-03,+8.62525130E+00,+5.16249346E+00
-13.95000E-03,+8.62789050E+00,+5.16262098E+00
-13.93500E-03,+8.63000055E+00,+5.16256821E+00
-13.92000E-03,+8.63253522E+00,+5.16255062E+00
-13.90500E-03,+8.63463874E+00,+5.16255942E+00
-13.89000E-03,+8.63676185E+00,+5.16281884E+00
-13.87500E-03,+8.63899602E+00,+5.16270892E+00
-13.86000E-03,+8.64134125E+00,+5.16280125E+00
-13.84500E-03,+8.64384979E+00,+5.16292877E+00
-13.83000E-03,+8.64636487E+00,+5.16298153E+00
-13.81500E-03,+8.64886688E+00,+5.16307826E+00
-13.80000E-03,+8.65147341E+00,+5.16306067E+00
-13.78500E-03,+8.65405381E+00,+5.16303869E+00
-13.77000E-03,+8.65641210E+00,+5.16305188E+00
-13.75500E-03,+8.65887492E+00,+5.16333768E+00
-13.74000E-03,+8.66150105E+00,+5.16332010E+00
-13.72500E-03,+8.66378748E+00,+5.16330251E+00
-13.71000E-03,+8.66577341E+00,+5.16336846E+00
-13.69500E-03,+8.66779200E+00,+5.16358831E+00
-13.68000E-03,+8.66966034E+00,+5.16368944E+00
-13.66500E-03,+8.67141763E+00,+5.16339485E+00
-13.65000E-03,+8.67283522E+00,+5.16347839E+00
-13.63500E-03,+8.67441612E+00,+5.16371143E+00
-13.62000E-03,+8.67604276E+00,+5.16383894E+00
-13.60500E-03,+8.67778045E+00,+5.16383454E+00
-13.59000E-03,+8.67914577E+00,+5.16391809E+00
-13.57500E-03,+8.68054376E+00,+5.16402801E+00
-13.56000E-03,+8.68211160E+00,+5.16402801E+00
-13.54500E-03,+8.68365331E+00,+5.16397525E+00
-13.53000E-03,+8.68526034E+00,+5.16406319E+00
-13.51500E-03,+8.68703723E+00,+5.16412035E+00
-13.50000E-03,+8.68880758E+00,+5.16413794E+00
-13.48500E-03,+8.69019904E+00,+5.16415552E+00
-13.47000E-03,+8.69131612E+00,+5.16410276E+00
-13.45500E-03,+8.69256386E+00,+5.16413794E+00
-13.44000E-03,+8.69388346E+00,+5.16424786E+00
-13.42500E-03,+8.69511160E+00,+5.16433580E+00
-13.41000E-03,+8.69583673E+00,+5.16435339E+00
-13.39500E-03,+8.69691462E+00,+5.16434459E+00
-13.38000E-03,+8.69704527E+00,+5.16429623E+00
-13.36500E-03,+8.69737190E+00,+5.16437098E+00
-13.35000E-03,+8.69775733E+00,+5.16429183E+00
-13.33500E-03,+8.69758748E+00,+5.16438417E+00
-13.32000E-03,+8.69713673E+00,+5.16434020E+00
-13.30500E-03,+8.69652266E+00,+5.16434020E+00
-13.29000E-03,+8.69529452E+00,+5.16433140E+00
-13.27500E-03,+8.69390306E+00,+5.16429183E+00
-13.26000E-03,+8.69194979E+00,+5.16408957E+00
-13.24500E-03,+8.68981361E+00,+5.16413794E+00
-13.23000E-03,+8.68742266E+00,+5.16412474E+00
-13.21500E-03,+8.68460708E+00,+5.16402801E+00
-13.20000E-03,+8.68162165E+00,+5.16402801E+00
-13.18500E-03,+8.67870808E+00,+5.16391809E+00
-13.17000E-03,+8.67576185E+00,+5.16380816E+00
-13.15500E-03,+8.67265230E+00,+5.16373781E+00
-13.14000E-03,+8.66926838E+00,+5.16358831E+00
-13.12500E-03,+8.66577994E+00,+5.16358831E+00
-13.11000E-03,+8.66171663E+00,+5.16338605E+00
-13.09500E-03,+8.65700004E+00,+5.16329371E+00
-13.08000E-03,+8.65211361E+00,+5.16336846E+00
-13.06500E-03,+8.64718145E+00,+5.16325854E+00
-13.05000E-03,+8.64314426E+00,+5.16314861E+00
-13.03500E-03,+8.63912014E+00,+5.16314422E+00
-13.02000E-03,+8.63548145E+00,+5.16303869E+00
-13.00500E-03,+8.63171210E+00,+5.16284962E+00
-12.99000E-03,+8.62832165E+00,+5.16283203E+00
-12.97500E-03,+8.62439552E+00,+5.16270892E+00
-12.96000E-03,+8.62026688E+00,+5.16240552E+00
-12.94500E-03,+8.61587693E+00,+5.16248907E+00
-12.93000E-03,+8.61147391E+00,+5.16238794E+00
-12.91500E-03,+8.60718195E+00,+5.16240552E+00
-12.90000E-03,+8.60290306E+00,+5.16204937E+00
-12.88500E-03,+8.59904225E+00,+5.16195263E+00
-12.87000E-03,+8.59572366E+00,+5.16190866E+00
-12.85500E-03,+8.59245733E+00,+5.16184271E+00
-12.84000E-03,+8.58921060E+00,+5.16171520E+00
-12.82500E-03,+8.58552617E+00,+5.16171959E+00
-12.81000E-03,+8.58165231E+00,+5.16157010E+00
-12.79500E-03,+8.57736688E+00,+5.16150414E+00
-12.78000E-03,+8.57260457E+00,+5.16131507E+00
-12.76500E-03,+8.56788145E+00,+5.16129748E+00
-12.75000E-03,+8.56321713E+00,+5.16127990E+00
-12.73500E-03,+8.55882718E+00,+5.16116997E+00
-12.72000E-03,+8.55509703E+00,+5.16116997E+00
-12.70500E-03,+8.55168698E+00,+5.16116997E+00
-12.69000E-03,+8.54861009E+00,+5.16098969E+00
-12.67500E-03,+8.54557894E+00,+5.16092814E+00
-12.66000E-03,+8.54227341E+00,+5.16040929E+00
-12.64500E-03,+8.53838648E+00,+5.16070389E+00
-12.63000E-03,+8.53430356E+00,+5.16066871E+00
-12.61500E-03,+8.52975030E+00,+5.16055879E+00
-12.60000E-03,+8.52516437E+00,+5.16046645E+00
-12.58500E-03,+8.52064376E+00,+5.16026419E+00
-12.57000E-03,+8.51643020E+00,+5.16017186E+00
-12.55500E-03,+8.51202718E+00,+5.16018065E+00
-12.54000E-03,+8.50808798E+00,+5.15979371E+00
-12.52500E-03,+8.50429251E+00,+5.15991683E+00
-12.51000E-03,+8.50023572E+00,+5.15980251E+00
-12.49500E-03,+8.49638145E+00,+5.15949032E+00
-12.48000E-03,+8.49185432E+00,+5.15943756E+00
-12.46500E-03,+8.48731412E+00,+5.15920012E+00
-12.45000E-03,+8.48240809E+00,+5.15936721E+00
-12.43500E-03,+8.47831864E+00,+5.15922211E+00
-12.42000E-03,+8.47422266E+00,+5.15913417E+00
-12.40500E-03,+8.47068195E+00,+5.15900665E+00
-12.39000E-03,+8.46770959E+00,+5.15889673E+00
-12.37500E-03,+8.46457391E+00,+5.15886155E+00
-12.36000E-03,+8.46160155E+00,+5.15876922E+00
-12.34500E-03,+8.45835482E+00,+5.15867688E+00
-12.33000E-03,+8.45474879E+00,+5.15863731E+00
-12.31500E-03,+8.45066587E+00,+5.15849221E+00
-12.30000E-03,+8.44598849E+00,+5.15824598E+00
-12.28500E-03,+8.44151361E+00,+5.15820201E+00
-12.27000E-03,+8.43709100E+00,+5.15799535E+00
-12.25500E-03,+8.43267492E+00,+5.15776231E+00
-12.24000E-03,+8.42865733E+00,+5.15774912E+00
-12.22500E-03,+8.42462668E+00,+5.15767437E+00
-12.21000E-03,+8.42060909E+00,+5.15759962E+00
-12.19500E-03,+8.41678095E+00,+5.15742374E+00
-12.18000E-03,+8.41256738E+00,+5.15741495E+00
-12.16500E-03,+8.40821663E+00,+5.15709836E+00
-12.15000E-03,+8.40388547E+00,+5.15701482E+00
-12.13500E-03,+8.39990708E+00,+5.15699284E+00
-12.12000E-03,+8.39558899E+00,+5.15688291E+00
-12.10500E-03,+8.39147341E+00,+5.15664987E+00
-12.09000E-03,+8.38785432E+00,+5.15666746E+00
-12.07500E-03,+8.38484276E+00,+5.15664108E+00
-12.06000E-03,+8.38147191E+00,+5.15659271E+00
-12.04500E-03,+8.37803572E+00,+5.15633329E+00
-12.03000E-03,+8.37487392E+00,+5.15633329E+00
-12.01500E-03,+8.37102618E+00,+5.15620578E+00
-12.00000E-03,+8.36756387E+00,+5.15600351E+00
-11.98500E-03,+8.36331110E+00,+5.15598593E+00
-11.97000E-03,+8.35933271E+00,+5.15574409E+00
-11.95500E-03,+8.35528899E+00,+5.15567374E+00
-11.94000E-03,+8.35163723E+00,+5.15574409E+00
-11.92500E-03,+8.34812919E+00,+5.15545389E+00
-11.91000E-03,+8.34500005E+00,+5.15523404E+00
-11.89500E-03,+8.34198196E+00,+5.15523404E+00
-11.88000E-03,+8.33883975E+00,+5.15507575E+00
-11.86500E-03,+8.33516839E+00,+5.15473279E+00
-11.85000E-03,+8.33173221E+00,+5.15475037E+00
-11.83500E-03,+8.32804779E+00,+5.15479434E+00
-11.82000E-03,+8.32435683E+00,+5.15467562E+00
-11.80500E-03,+8.32011713E+00,+5.15447336E+00
-11.79000E-03,+8.31619100E+00,+5.15432826E+00
-11.77500E-03,+8.31226487E+00,+5.15428869E+00
-11.76000E-03,+8.30833874E+00,+5.15418316E+00
-11.74500E-03,+8.30513774E+00,+5.15380502E+00
-11.73000E-03,+8.30130306E+00,+5.15380502E+00
-11.71500E-03,+8.29835030E+00,+5.15348844E+00
-11.70000E-03,+8.29488799E+00,+5.15367311E+00
-11.68500E-03,+8.29127542E+00,+5.15344447E+00
-11.67000E-03,+8.28731010E+00,+5.15330377E+00
-11.65500E-03,+8.28341663E+00,+5.15307512E+00
-11.64000E-03,+8.27940557E+00,+5.15316306E+00
-11.62500E-03,+8.27577995E+00,+5.15292562E+00
-11.61000E-03,+8.27169050E+00,+5.15281570E+00
-11.59500E-03,+8.26798648E+00,+5.15270578E+00
-11.58000E-03,+8.26457643E+00,+5.15237160E+00
-11.56500E-03,+8.26170859E+00,+5.15251670E+00
-11.55000E-03,+8.25866437E+00,+5.15244196E+00
-11.53500E-03,+8.25614276E+00,+5.15216055E+00
-11.52000E-03,+8.25362769E+00,+5.15204623E+00
-11.50500E-03,+8.25064879E+00,+5.15198467E+00
-11.49000E-03,+8.24746738E+00,+5.15171645E+00
-11.47500E-03,+8.24409653E+00,+5.15149660E+00
-11.46000E-03,+8.24010507E+00,+5.15132952E+00
-11.44500E-03,+8.23619201E+00,+5.15127676E+00
-11.43000E-03,+8.23226588E+00,+5.15115804E+00
-11.41500E-03,+8.22845080E+00,+5.15108329E+00
-11.40000E-03,+8.22475985E+00,+5.15103492E+00
-11.38500E-03,+8.22152618E+00,+5.15089861E+00
-11.37000E-03,+8.21859955E+00,+5.15066557E+00
-11.35500E-03,+8.21543774E+00,+5.15070075E+00
-11.34000E-03,+8.21276588E+00,+5.15050728E+00
-11.32500E-03,+8.20931010E+00,+5.15022148E+00
-11.31000E-03,+8.20601110E+00,+5.15020829E+00
-11.29500E-03,+8.20182367E+00,+5.15012914E+00
-11.28000E-03,+8.19767543E+00,+5.14973341E+00
-11.26500E-03,+8.19312216E+00,+5.14961030E+00
-11.25000E-03,+8.18873221E+00,+5.14951796E+00
-11.23500E-03,+8.18469502E+00,+5.14924095E+00
-11.22000E-03,+8.18060558E+00,+5.14929811E+00
-11.20500E-03,+8.17695382E+00,+5.14913103E+00
-11.19000E-03,+8.17385733E+00,+5.14889799E+00
-11.17500E-03,+8.17060407E+00,+5.14885841E+00
-11.16000E-03,+8.16745532E+00,+5.14875289E+00
-11.14500E-03,+8.16416940E+00,+5.14877487E+00
-11.13000E-03,+8.16030859E+00,+5.14871771E+00
-11.11500E-03,+8.15642819E+00,+5.14859020E+00
-11.10000E-03,+8.15214929E+00,+5.14841871E+00
-11.08500E-03,+8.14815784E+00,+5.14808894E+00
-11.07000E-03,+8.14455834E+00,+5.14777676E+00
-11.05500E-03,+8.14093271E+00,+5.14786030E+00
-11.04000E-03,+8.13703271E+00,+5.14748216E+00
-11.02500E-03,+8.13392316E+00,+5.14767123E+00
-11.01000E-03,+8.13065030E+00,+5.14758768E+00
-10.99500E-03,+8.12725985E+00,+5.14735025E+00
-10.98000E-03,+8.12410457E+00,+5.14712600E+00
-10.96500E-03,+8.12034176E+00,+5.14731507E+00
-10.95000E-03,+8.11657894E+00,+5.14701168E+00
-10.93500E-03,+8.11269854E+00,+5.14698969E+00
-10.92000E-03,+8.10856337E+00,+5.14671268E+00
-10.90500E-03,+8.10474176E+00,+5.14658517E+00
-10.89000E-03,+8.10120105E+00,+5.14653241E+00
-10.87500E-03,+8.09792819E+00,+5.14644007E+00
-10.86000E-03,+8.09490357E+00,+5.14614547E+00
-10.84500E-03,+8.09242115E+00,+5.14611030E+00
-10.83000E-03,+8.08983422E+00,+5.14583329E+00
-10.81500E-03,+8.08740407E+00,+5.14560025E+00
-10.80000E-03,+8.08479754E+00,+5.14575854E+00
-10.78500E-03,+8.08221060E+00,+5.14566181E+00
-10.77000E-03,+8.07891814E+00,+5.14525728E+00
-10.75500E-03,+8.07533824E+00,+5.14534083E+00
-10.74000E-03,+8.07148397E+00,+5.14512098E+00
-10.72500E-03,+8.06738799E+00,+5.14518693E+00
-10.71000E-03,+8.06339653E+00,+5.14501105E+00
-10.69500E-03,+8.05993422E+00,+5.14490992E+00
-10.68000E-03,+8.05588397E+00,+5.14478241E+00
-10.66500E-03,+8.05247392E+00,+5.14468128E+00
-10.65000E-03,+8.04945583E+00,+5.14439547E+00
-10.63500E-03,+8.04605231E+00,+5.14428995E+00
-10.62000E-03,+8.04294276E+00,+5.14419321E+00
-10.60500E-03,+8.03966990E+00,+5.14402173E+00
-10.59000E-03,+8.03590055E+00,+5.14380628E+00
-10.57500E-03,+8.03201362E+00,+5.14391181E+00
-10.56000E-03,+8.02800910E+00,+5.14384145E+00
-10.54500E-03,+8.02371714E+00,+5.14357763E+00
-10.53000E-03,+8.01971261E+00,+5.14361721E+00
-10.51500E-03,+8.01594980E+00,+5.14323467E+00
-10.50000E-03,+8.01218698E+00,+5.14325226E+00
-10.48500E-03,+8.00872467E+00,+5.14321708E+00
-10.47000E-03,+8.00520357E+00,+5.14277299E+00
-10.45500E-03,+8.00163020E+00,+5.14270703E+00
-10.44000E-03,+7.99773020E+00,+5.14266306E+00
-10.42500E-03,+7.99389553E+00,+5.14259271E+00
-10.41000E-03,+7.98993673E+00,+5.14247839E+00
-10.39500E-03,+7.98586688E+00,+5.14216620E+00
-10.38000E-03,+7.98208447E+00,+5.14194635E+00
-10.36500E-03,+7.97824980E+00,+5.14202990E+00
-10.35000E-03,+7.97514678E+00,+5.14184522E+00
-10.33500E-03,+7.97185432E+00,+5.14176608E+00
-10.32000E-03,+7.96918246E+00,+5.14171331E+00
-10.30500E-03,+7.96652367E+00,+5.14171331E+00
-10.29000E-03,+7.96391714E+00,+5.14151985E+00
-10.27500E-03,+7.96133020E+00,+5.14149346E+00
-10.26000E-03,+7.95858648E+00,+5.14127361E+00
-10.24500E-03,+7.95533322E+00,+5.14104057E+00
-10.23000E-03,+7.95196890E+00,+5.14095703E+00
-10.21500E-03,+7.94821261E+00,+5.14094384E+00
-10.20000E-03,+7.94496588E+00,+5.14083392E+00
-10.18500E-03,+7.94166035E+00,+5.14090427E+00
-10.17000E-03,+7.93781261E+00,+5.14044698E+00
-10.15500E-03,+7.93456588E+00,+5.14028429E+00
-10.14000E-03,+7.93170457E+00,+5.14037663E+00
-10.12500E-03,+7.92873221E+00,+5.14028429E+00
-10.11000E-03,+7.92594930E+00,+5.14017437E+00
-10.09500E-03,+7.92338849E+00,+5.14002927E+00
-10.08000E-03,+7.92055332E+00,+5.13989736E+00
-10.06500E-03,+7.91755483E+00,+5.13973467E+00
-10.05000E-03,+7.91439302E+00,+5.13962475E+00
-10.03500E-03,+7.91074126E+00,+5.13951482E+00
-10.02000E-03,+7.90729201E+00,+5.13950163E+00
-10.00500E-03,+7.90324829E+00,+5.13913668E+00
-9.99000E-03,+7.89918498E+00,+5.13924660E+00
-9.97500E-03,+7.89535030E+00,+5.13896520E+00
-9.96000E-03,+7.89167241E+00,+5.13899158E+00
-9.94500E-03,+7.88813824E+00,+5.13895640E+00
-9.93000E-03,+7.88502869E+00,+5.13875414E+00
-9.91500E-03,+7.88197794E+00,+5.13874535E+00
-9.90000E-03,+7.87898598E+00,+5.13856947E+00
-9.88500E-03,+7.87618347E+00,+5.13842877E+00
-9.87000E-03,+7.87288447E+00,+5.13838480E+00
-9.85500E-03,+7.86949402E+00,+5.13819573E+00
-9.84000E-03,+7.86571814E+00,+5.13809459E+00
-9.82500E-03,+7.86229503E+00,+5.13810779E+00
-9.81000E-03,+7.85847342E+00,+5.13786595E+00
-9.79500E-03,+7.85452769E+00,+5.13781319E+00
-9.78000E-03,+7.85111111E+00,+5.13768128E+00
-9.76500E-03,+7.84778598E+00,+5.13733392E+00
-9.75000E-03,+7.84478749E+00,+5.13742625E+00
-9.73500E-03,+7.84214176E+00,+5.13733392E+00
-9.72000E-03,+7.83954829E+00,+5.13724158E+00
-9.70500E-03,+7.83685684E+00,+5.13698216E+00
-9.69000E-03,+7.83463573E+00,+5.13698655E+00
-9.67500E-03,+7.83191814E+00,+5.13687663E+00
-9.66000E-03,+7.82923975E+00,+5.13676231E+00
-9.64500E-03,+7.82577744E+00,+5.13686344E+00
-9.63000E-03,+7.82259603E+00,+5.13676671E+00
-9.61500E-03,+7.81894427E+00,+5.13654686E+00
-9.60000E-03,+7.81539050E+00,+5.13643693E+00
-9.58500E-03,+7.81209151E+00,+5.13635339E+00
-9.57000E-03,+7.80910608E+00,+5.13632701E+00
-9.55500E-03,+7.80580709E+00,+5.13612475E+00
-9.54000E-03,+7.80269101E+00,+5.13599723E+00
-9.52500E-03,+7.79981010E+00,+5.13606319E+00
-9.51000E-03,+7.79706638E+00,+5.13577738E+00
-9.49500E-03,+7.79425734E+00,+5.13572902E+00
-9.48000E-03,+7.79130458E+00,+5.13566746E+00
-9.46500E-03,+7.78814277E+00,+5.13555753E+00
-9.45000E-03,+7.78520960E+00,+5.13535967E+00
-9.43500E-03,+7.78149252E+00,+5.13522776E+00
-9.42000E-03,+7.77767744E+00,+5.13517500E+00
-9.40500E-03,+7.77408447E+00,+5.13500791E+00
-9.39000E-03,+7.77045885E+00,+5.13480565E+00
-9.37500E-03,+7.76704880E+00,+5.13478806E+00
-9.36000E-03,+7.76393925E+00,+5.13467814E+00
-9.34500E-03,+7.76116287E+00,+5.13482324E+00
-9.33000E-03,+7.75813171E+00,+5.13456821E+00
-9.31500E-03,+7.75548598E+00,+5.13452864E+00
-9.30000E-03,+7.75244829E+00,+5.13437035E+00
-9.28500E-03,+7.74940407E+00,+5.13423404E+00
-9.27000E-03,+7.74658850E+00,+5.13414171E+00
-9.25500E-03,+7.74326990E+00,+5.13404937E+00
-9.24000E-03,+7.73980759E+00,+5.13386030E+00
-9.22500E-03,+7.73611664E+00,+5.13382073E+00
-9.21000E-03,+7.73215131E+00,+5.13355251E+00
-9.19500E-03,+7.72845382E+00,+5.13337663E+00
-9.18000E-03,+7.72482819E+00,+5.13336784E+00
-9.16500E-03,+7.72196689E+00,+5.13327550E+00
-9.15000E-03,+7.71864176E+00,+5.13320515E+00
-9.13500E-03,+7.71596990E+00,+5.13313919E+00
-9.12000E-03,+7.71304327E+00,+5.13291934E+00
-9.10500E-03,+7.71027995E+00,+5.13289296E+00
-9.09000E-03,+7.70747091E+00,+5.13269949E+00
-9.07500E-03,+7.70436789E+00,+5.13269949E+00
-9.06000E-03,+7.70044176E+00,+5.13251922E+00
-9.04500E-03,+7.69684226E+00,+5.13242248E+00
-9.03000E-03,+7.69313171E+00,+5.13233454E+00
-9.01500E-03,+7.68915332E+00,+5.13225980E+00
-9.00000E-03,+7.68555382E+00,+5.13203995E+00
-8.98500E-03,+7.68181714E+00,+5.13196520E+00
-8.97000E-03,+7.67862920E+00,+5.13193002E+00
-8.95500E-03,+7.67549352E+00,+5.13187286E+00
-8.94000E-03,+7.67241664E+00,+5.13178052E+00
-8.92500E-03,+7.66967945E+00,+5.13157826E+00
-8.91000E-03,+7.66672669E+00,+5.13170138E+00
-8.89500E-03,+7.66362367E+00,+5.13140678E+00
-8.88000E-03,+7.66063171E+00,+5.13114296E+00
-8.86500E-03,+7.65724126E+00,+5.13116055E+00
-8.85000E-03,+7.65373975E+00,+5.13094070E+00
-8.83500E-03,+7.65032970E+00,+5.13088794E+00
-8.82000E-03,+7.64648196E+00,+5.13062851E+00
-8.80500E-03,+7.64303272E+00,+5.13061093E+00
-8.79000E-03,+7.64006036E+00,+5.13030753E+00
-8.77500E-03,+7.63704880E+00,+5.13032512E+00
-8.76000E-03,+7.63433121E+00,+5.13017123E+00
-8.74500E-03,+7.63163975E+00,+5.13009208E+00
-8.73000E-03,+7.62894830E+00,+5.12995138E+00
-8.71500E-03,+7.62629603E+00,+5.12983706E+00
-8.70000E-03,+7.62326488E+00,+5.12970954E+00
-8.68500E-03,+7.62040357E+00,+5.12966118E+00
-8.67000E-03,+7.61689553E+00,+5.12940615E+00
-8.65500E-03,+7.61381865E+00,+5.12933140E+00
-8.64000E-03,+7.61032367E+00,+5.12936658E+00
-8.62500E-03,+7.60716186E+00,+5.12929183E+00
-8.61000E-03,+7.60416337E+00,+5.12896206E+00
-8.59500E-03,+7.60111262E+00,+5.12885213E+00
-8.58000E-03,+7.59832970E+00,+5.12857952E+00
-8.56500E-03,+7.59571664E+00,+5.12845201E+00
-8.55000E-03,+7.59334528E+00,+5.12836846E+00
-8.53500E-03,+7.59081714E+00,+5.12819258E+00
-8.52000E-03,+7.58845885E+00,+5.12786281E+00
-8.50500E-03,+7.58587845E+00,+5.12789359E+00
-8.49000E-03,+7.58353322E+00,+5.12792437E+00
-8.47500E-03,+7.58073724E+00,+5.12768693E+00
-8.46000E-03,+7.57789553E+00,+5.12759020E+00
-8.44500E-03,+7.57458347E+00,+5.12741432E+00
-8.43000E-03,+7.57176136E+00,+5.12711093E+00
-8.41500E-03,+7.56820106E+00,+5.12717688E+00
-8.40000E-03,+7.56486287E+00,+5.12707135E+00
-8.38500E-03,+7.56123724E+00,+5.12697022E+00
-8.37000E-03,+7.55831061E+00,+5.12679434E+00
-8.35500E-03,+7.55545583E+00,+5.12684711E+00
-8.34000E-03,+7.55280357E+00,+5.12643819E+00
-8.32500E-03,+7.55009905E+00,+5.12643379E+00
-8.31000E-03,+7.54756438E+00,+5.12636344E+00
-8.29500E-03,+7.54519955E+00,+5.12616118E+00
-8.28000E-03,+7.54271714E+00,+5.12595892E+00
-8.26500E-03,+7.54020860E+00,+5.12588417E+00
-8.25000E-03,+7.53726237E+00,+5.12577424E+00
-8.23500E-03,+7.53393724E+00,+5.12562914E+00
-8.22000E-03,+7.53087995E+00,+5.12548404E+00
-8.20500E-03,+7.52761362E+00,+5.12533015E+00
-8.19000E-03,+7.52400759E+00,+5.12511470E+00
-8.17500E-03,+7.52076739E+00,+5.12491683E+00
-8.16000E-03,+7.51728548E+00,+5.12478052E+00
-8.14500E-03,+7.51414980E+00,+5.12449472E+00
-8.13000E-03,+7.51119704E+00,+5.12448593E+00
-8.11500E-03,+7.50822468E+00,+5.12439359E+00
-8.10000E-03,+7.50528498E+00,+5.12419133E+00
-8.08500E-03,+7.50244327E+00,+5.12404183E+00
-8.07000E-03,+7.49914428E+00,+5.12391432E+00
-8.05500E-03,+7.49614578E+00,+5.12382198E+00
-8.04000E-03,+7.49291212E+00,+5.12371206E+00
-8.02500E-03,+7.48944327E+00,+5.12346583E+00
-8.01000E-03,+7.48594830E+00,+5.12321080E+00
-7.99500E-03,+7.48281262E+00,+5.12313605E+00
-7.98000E-03,+7.47935031E+00,+5.12291620E+00
-7.96500E-03,+7.47653473E+00,+5.12281068E+00
-7.95000E-03,+7.47337292E+00,+5.12241055E+00
-7.93500E-03,+7.47010659E+00,+5.12250728E+00
-7.92000E-03,+7.46762418E+00,+5.12214673E+00
-7.90500E-03,+7.46497845E+00,+5.12214673E+00
-7.89000E-03,+7.46246991E+00,+5.12181696E+00
-7.87500E-03,+7.45985031E+00,+5.12203681E+00
-7.86000E-03,+7.45706739E+00,+5.12170703E+00
-7.84500E-03,+7.45439553E+00,+5.12159711E+00
-7.83000E-03,+7.45158649E+00,+5.12148718E+00
-7.81500E-03,+7.44888197E+00,+5.12141683E+00
-7.80000E-03,+7.44567443E+00,+5.12126733E+00
-7.78500E-03,+7.44282619E+00,+5.12093756E+00
-7.77000E-03,+7.43982116E+00,+5.12084083E+00
-7.75500E-03,+7.43700558E+00,+5.12074849E+00
-7.74000E-03,+7.43409855E+00,+5.12055942E+00
-7.72500E-03,+7.43136790E+00,+5.12023404E+00
-7.71000E-03,+7.42866337E+00,+5.12041872E+00
-7.69500E-03,+7.42612870E+00,+5.12014171E+00
-7.68000E-03,+7.42333272E+00,+5.11983831E+00
-7.66500E-03,+7.42093523E+00,+5.11961846E+00
-7.65000E-03,+7.41849855E+00,+5.11944258E+00
-7.63500E-03,+7.41579403E+00,+5.11922713E+00
-7.62000E-03,+7.41328548E+00,+5.11925791E+00
-7.60500E-03,+7.41059403E+00,+5.11916557E+00
-7.59000E-03,+7.40777192E+00,+5.11884899E+00
-7.57500E-03,+7.40464930E+00,+5.11856319E+00
-7.56000E-03,+7.40179453E+00,+5.11869949E+00
-7.54500E-03,+7.39870458E+00,+5.11835213E+00
-7.53000E-03,+7.39594780E+00,+5.11826419E+00
-7.51500E-03,+7.39278599E+00,+5.11829937E+00
-7.50000E-03,+7.39027744E+00,+5.11807952E+00
-7.48500E-03,+7.38730508E+00,+5.11785967E+00
-7.47000E-03,+7.38493373E+00,+5.11778492E+00
-7.45500E-03,+7.38250357E+00,+5.11758706E+00
-7.44000E-03,+7.37991664E+00,+5.11741118E+00
-7.42500E-03,+7.37799604E+00,+5.11711218E+00
-7.41000E-03,+7.37504981E+00,+5.11676922E+00
-7.39500E-03,+7.37253473E+00,+5.11655377E+00
-7.38000E-03,+7.36976488E+00,+5.11649221E+00
-7.36500E-03,+7.36662920E+00,+5.11621080E+00
-7.35000E-03,+7.36359151E+00,+5.11632073E+00
-7.33500E-03,+7.36056036E+00,+5.11610088E+00
-7.32000E-03,+7.35754880E+00,+5.11610967E+00
-7.30500E-03,+7.35412569E+00,+5.11599975E+00
-7.29000E-03,+7.35131664E+00,+5.11588103E+00
-7.27500E-03,+7.34823976E+00,+5.11566118E+00
-7.26000E-03,+7.34573121E+00,+5.11567437E+00
-7.24500E-03,+7.34301363E+00,+5.11530062E+00
-7.23000E-03,+7.34034830E+00,+5.11520829E+00
-7.21500E-03,+7.33755885E+00,+5.11490050E+00
-7.20000E-03,+7.33517443E+00,+5.11506758E+00
-7.18500E-03,+7.33220860E+00,+5.11485213E+00
-7.17000E-03,+7.32929503E+00,+5.11467186E+00
-7.15500E-03,+7.32653825E+00,+5.11445201E+00
-7.14000E-03,+7.32332418E+00,+5.11443442E+00
-7.12500E-03,+7.31988800E+00,+5.11434208E+00
-7.11000E-03,+7.31628850E+00,+5.11391997E+00
-7.09500E-03,+7.31301564E+00,+5.11393756E+00
-7.08000E-03,+7.30990609E+00,+5.11379246E+00
-7.06500E-03,+7.30673775E+00,+5.11357261E+00
-7.05000E-03,+7.30358900E+00,+5.11352864E+00
-7.03500E-03,+7.30091061E+00,+5.11313731E+00
-7.02000E-03,+7.29826488E+00,+5.11314610E+00
-7.00500E-03,+7.29578247E+00,+5.11300540E+00
-6.99000E-03,+7.29348297E+00,+5.11285150E+00
-6.97500E-03,+7.29081765E+00,+5.11286909E+00
-6.96000E-03,+7.28870106E+00,+5.11252613E+00
-6.94500E-03,+7.28617945E+00,+5.11257449E+00
-6.93000E-03,+7.28384729E+00,+5.11247336E+00
-6.91500E-03,+7.28170458E+00,+5.11236344E+00
-6.90000E-03,+7.27967946E+00,+5.11225351E+00
-6.88500E-03,+7.27826187E+00,+5.11226671E+00
-6.87000E-03,+7.27709905E+00,+5.11214359E+00
-6.85500E-03,+7.27642619E+00,+5.11193693E+00
-6.84000E-03,+7.27660257E+00,+5.11213919E+00
-6.82500E-03,+7.27657644E+00,+5.11205565E+00
-6.81000E-03,+7.27747141E+00,+5.11218316E+00
-6.79500E-03,+7.27913071E+00,+5.11224912E+00
-6.78000E-03,+7.28101212E+00,+5.11232826E+00
-6.76500E-03,+7.28322016E+00,+5.11249095E+00
-6.75000E-03,+7.28575483E+00,+5.11258329E+00
-6.73500E-03,+7.28875332E+00,+5.11289547E+00
-6.72000E-03,+7.29197393E+00,+5.11283831E+00
-6.70500E-03,+7.29541011E+00,+5.11296583E+00
-6.69000E-03,+7.29890508E+00,+5.11321206E+00
-6.67500E-03,+7.30303373E+00,+5.11350666E+00
-6.66000E-03,+7.30785483E+00,+5.11346708E+00
-6.64500E-03,+7.31346639E+00,+5.11380565E+00
-6.63000E-03,+7.31922167E+00,+5.11420138E+00
-6.61500E-03,+7.32484629E+00,+5.11446520E+00
-6.60000E-03,+7.33004629E+00,+5.11480377E+00
-6.58500E-03,+7.33518749E+00,+5.11502801E+00
-6.57000E-03,+7.34039403E+00,+5.11542374E+00
-6.55500E-03,+7.34539805E+00,+5.11555125E+00
-6.54000E-03,+7.35072870E+00,+5.11596457E+00
-6.52500E-03,+7.35683021E+00,+5.11627676E+00
-6.51000E-03,+7.36290558E+00,+5.11635590E+00
-6.49500E-03,+7.36934026E+00,+5.11665050E+00
-6.48000E-03,+7.37508247E+00,+5.11701985E+00
-6.46500E-03,+7.38058297E+00,+5.11731005E+00
-6.45000E-03,+7.38665182E+00,+5.11770578E+00
-6.43500E-03,+7.39295584E+00,+5.11811909E+00
-6.42000E-03,+7.40003724E+00,+5.11857198E+00
-6.40500E-03,+7.40767393E+00,+5.11884899E+00
-6.39000E-03,+7.41454629E+00,+5.11912160E+00
-6.37500E-03,+7.42163423E+00,+5.11961846E+00
-6.36000E-03,+7.42831714E+00,+5.12004057E+00
-6.34500E-03,+7.43603222E+00,+5.12053304E+00
-6.33000E-03,+7.44438749E+00,+5.12083203E+00
-6.31500E-03,+7.45321965E+00,+5.12148718E+00
-6.30000E-03,+7.46141815E+00,+5.12210276E+00
-6.28500E-03,+7.46990408E+00,+5.12248090E+00
-6.27000E-03,+7.47946136E+00,+5.12298655E+00
-6.25500E-03,+7.49050156E+00,+5.12348341E+00
-6.24000E-03,+7.50111061E+00,+5.12398027E+00
-6.22500E-03,+7.51201362E+00,+5.12447713E+00
-6.21000E-03,+7.52298197E+00,+5.12505753E+00
-6.19500E-03,+7.53457091E+00,+5.12554560E+00
-6.18000E-03,+7.54476840E+00,+5.12599409E+00
-6.16500E-03,+7.55476337E+00,+5.12668442E+00
-6.15000E-03,+7.56639804E+00,+5.12678555E+00
-6.13500E-03,+7.57849654E+00,+5.12740992E+00
-6.12000E-03,+7.58922970E+00,+5.12789359E+00
-6.10500E-03,+7.59906136E+00,+5.12852236E+00
-6.09000E-03,+7.61144076E+00,+5.12906319E+00
-6.07500E-03,+7.62414679E+00,+5.12968756E+00
-6.06000E-03,+7.63603624E+00,+5.12999095E+00
-6.04500E-03,+7.64946739E+00,+5.13038668E+00
-6.03000E-03,+7.66318598E+00,+5.13097588E+00
-6.01500E-03,+7.67548699E+00,+5.13161784E+00
-6.00000E-03,+7.68931010E+00,+5.13203995E+00
-5.98500E-03,+7.70413925E+00,+5.13238731E+00
-5.97000E-03,+7.71694980E+00,+5.13287977E+00
-5.95500E-03,+7.73021111E+00,+5.13335904E+00
-5.94000E-03,+7.74454377E+00,+5.13383831E+00
-5.92500E-03,+7.75672719E+00,+5.13408454E+00
-5.91000E-03,+7.76915885E+00,+5.13457261E+00
-5.89500E-03,+7.78292970E+00,+5.13499472E+00
-5.88000E-03,+7.79532216E+00,+5.13546520E+00
-5.86500E-03,+7.80700256E+00,+5.13588731E+00
-5.85000E-03,+7.81937543E+00,+5.13612914E+00
-5.83500E-03,+7.83153272E+00,+5.13657324E+00
-5.82000E-03,+7.84171714E+00,+5.13689422E+00
-5.80500E-03,+7.85316890E+00,+5.13731633E+00
-5.79000E-03,+7.86642367E+00,+5.13778681E+00
-5.77500E-03,+7.87794076E+00,+5.13793191E+00
-5.76000E-03,+7.88934025E+00,+5.13830565E+00
-5.74500E-03,+7.90232719E+00,+5.13879372E+00
-5.73000E-03,+7.91469352E+00,+5.13918505E+00
-5.71500E-03,+7.92503472E+00,+5.13940929E+00
-5.70000E-03,+7.93474226E+00,+5.13975665E+00
-5.68500E-03,+7.94624628E+00,+5.14035464E+00
-5.67000E-03,+7.95718196E+00,+5.14072399E+00
-5.65500E-03,+7.96609905E+00,+5.14101419E+00
-5.64000E-03,+7.97555834E+00,+5.14130879E+00
-5.62500E-03,+7.98687291E+00,+5.14160339E+00
-5.61000E-03,+7.99865131E+00,+5.14204309E+00
-5.59500E-03,+8.00911663E+00,+5.14236846E+00
-5.58000E-03,+8.02016337E+00,+5.14297964E+00
-5.56500E-03,+8.03153673E+00,+5.14321268E+00
-5.55000E-03,+8.04210658E+00,+5.14340615E+00
-5.53500E-03,+8.05147442E+00,+5.14380628E+00
-5.52000E-03,+8.06086839E+00,+5.14399535E+00
-5.50500E-03,+8.07102015E+00,+5.14446143E+00
-5.49000E-03,+8.08040759E+00,+5.14474284E+00
-5.47500E-03,+8.08780256E+00,+5.14496708E+00
-5.46000E-03,+8.09480558E+00,+5.14542437E+00
-5.44500E-03,+8.10267090E+00,+5.14567060E+00
-5.43000E-03,+8.11177744E+00,+5.14597399E+00
-5.41500E-03,+8.12044628E+00,+5.14630377E+00
-5.40000E-03,+8.12869703E+00,+5.14661595E+00
-5.38500E-03,+8.13626186E+00,+5.14698969E+00
-5.37000E-03,+8.14462367E+00,+5.14724032E+00
-5.35500E-03,+8.15354728E+00,+5.14753932E+00
-5.34000E-03,+8.16217693E+00,+5.14797462E+00
-5.32500E-03,+8.16955884E+00,+5.14813291E+00
-5.31000E-03,+8.17659452E+00,+5.14844949E+00
-5.29500E-03,+8.18453171E+00,+5.14880125E+00
-5.28000E-03,+8.19327241E+00,+5.14903869E+00
-5.26500E-03,+8.20200005E+00,+5.14953555E+00
-5.25000E-03,+8.20947341E+00,+5.14962789E+00
-5.23500E-03,+8.21609754E+00,+5.14975540E+00
-5.22000E-03,+8.22245382E+00,+5.15006758E+00
-5.20500E-03,+8.22926738E+00,+5.15017751E+00
-5.19000E-03,+8.23659050E+00,+5.15061721E+00
-5.17500E-03,+8.24406387E+00,+5.15103492E+00
-5.16000E-03,+8.25019804E+00,+5.15106570E+00
-5.14500E-03,+8.25535231E+00,+5.15147022E+00
-5.13000E-03,+8.26022568E+00,+5.15173404E+00
-5.11500E-03,+8.26582417E+00,+5.15165490E+00
-5.10000E-03,+8.27189301E+00,+5.15189233E+00
-5.08500E-03,+8.27915080E+00,+5.15231884E+00
-5.07000E-03,+8.28589904E+00,+5.15246834E+00
-5.05500E-03,+8.29247090E+00,+5.15250351E+00
-5.04000E-03,+8.29836990E+00,+5.15281570E+00
-5.02500E-03,+8.30436035E+00,+5.15290364E+00
-5.01000E-03,+8.31032467E+00,+5.15330377E+00
-4.99500E-03,+8.31685733E+00,+5.15347525E+00
-4.98000E-03,+8.32350105E+00,+5.15370829E+00
-4.96500E-03,+8.32977241E+00,+5.15391934E+00
-4.95000E-03,+8.33552115E+00,+5.15417877E+00
-4.93500E-03,+8.34057743E+00,+5.15428429E+00
-4.92000E-03,+8.34590155E+00,+5.15429748E+00
-4.90500E-03,+8.35099703E+00,+5.15478995E+00
-4.89000E-03,+8.35671964E+00,+5.15490427E+00
-4.87500E-03,+8.36282768E+00,+5.15512412E+00
-4.86000E-03,+8.36874628E+00,+5.15541871E+00
-4.84500E-03,+8.37395281E+00,+5.15548907E+00
-4.83000E-03,+8.37910055E+00,+5.15556382E+00
-4.81500E-03,+8.38360809E+00,+5.15567374E+00
-4.80000E-03,+8.38859904E+00,+5.15571771E+00
-4.78500E-03,+8.39375985E+00,+5.15632449E+00
-4.77000E-03,+8.39988748E+00,+5.15611344E+00
-4.75500E-03,+8.40606738E+00,+5.15638165E+00
-4.74000E-03,+8.41184879E+00,+5.15649158E+00
-4.72500E-03,+8.41734276E+00,+5.15677299E+00
-4.71000E-03,+8.42266688E+00,+5.15690929E+00
-4.69500E-03,+8.42780809E+00,+5.15679937E+00
-4.68000E-03,+8.43327593E+00,+5.15740615E+00
-4.66500E-03,+8.43935783E+00,+5.15748969E+00
-4.65000E-03,+8.44494326E+00,+5.15765238E+00
-4.63500E-03,+8.45037844E+00,+5.15777550E+00
-4.62000E-03,+8.45553924E+00,+5.15790301E+00
-4.60500E-03,+8.45966788E+00,+5.15807889E+00
-4.59000E-03,+8.46340457E+00,+5.15819761E+00
-4.57500E-03,+8.46695834E+00,+5.15833392E+00
-4.56000E-03,+8.47042718E+00,+5.15838228E+00
-4.54500E-03,+8.47435331E+00,+5.15841746E+00
-4.53000E-03,+8.47898497E+00,+5.15856696E+00
-4.51500E-03,+8.48389100E+00,+5.15891871E+00
-4.50000E-03,+8.48874477E+00,+5.15875163E+00
-4.48500E-03,+8.49351361E+00,+5.15889673E+00
-4.47000E-03,+8.49839351E+00,+5.15912098E+00
-4.45500E-03,+8.50264628E+00,+5.15930565E+00
-4.44000E-03,+8.50679452E+00,+5.15926168E+00
-4.42500E-03,+8.51059653E+00,+5.15960904E+00
-4.41000E-03,+8.51490809E+00,+5.15951670E+00
-4.39500E-03,+8.51867743E+00,+5.15960464E+00
-4.38000E-03,+8.52328296E+00,+5.15980251E+00
-4.36500E-03,+8.52769251E+00,+5.15986407E+00
-4.35000E-03,+8.53208899E+00,+5.16002676E+00
-4.33500E-03,+8.53601512E+00,+5.16012349E+00
-4.32000E-03,+8.53962768E+00,+5.16040050E+00
-4.30500E-03,+8.54320105E+00,+5.16029057E+00
-4.29000E-03,+8.54616035E+00,+5.16031696E+00
-4.27500E-03,+8.54887793E+00,+5.16044447E+00
-4.26000E-03,+8.55172618E+00,+5.16055879E+00
-4.24500E-03,+8.55467241E+00,+5.16047964E+00
-4.23000E-03,+8.55778195E+00,+5.16052361E+00
-4.21500E-03,+8.56138145E+00,+5.16083580E+00
-4.20000E-03,+8.56530758E+00,+5.16081821E+00
-4.18500E-03,+8.56950155E+00,+5.16091934E+00
-4.17000E-03,+8.57307492E+00,+5.16111281E+00
-4.15500E-03,+8.57708597E+00,+5.16127990E+00
-4.14000E-03,+8.58054829E+00,+5.16116997E+00
-4.12500E-03,+8.58412165E+00,+5.16116997E+00
-4.11000E-03,+8.58681964E+00,+5.16148216E+00
-4.09500E-03,+8.58951763E+00,+5.16146017E+00
-4.08000E-03,+8.59237894E+00,+5.16166683E+00
-4.06500E-03,+8.59491361E+00,+5.16179874E+00
-4.05000E-03,+8.59751361E+00,+5.16174158E+00
-4.03500E-03,+8.60016587E+00,+5.16183392E+00
-4.02000E-03,+8.60327542E+00,+5.16185590E+00
-4.00500E-03,+8.60614979E+00,+5.16212851E+00
-3.99000E-03,+8.60933120E+00,+5.16222085E+00
-3.97500E-03,+8.61247341E+00,+5.16231319E+00
-3.96000E-03,+8.61563522E+00,+5.16229560E+00
-3.94500E-03,+8.61863371E+00,+5.16237914E+00
-3.93000E-03,+8.62193271E+00,+5.16259899E+00
-3.91500E-03,+8.62455230E+00,+5.16251545E+00
-3.90000E-03,+8.62674728E+00,+5.16259899E+00
-3.88500E-03,+8.62932115E+00,+5.16259899E+00
-3.87000E-03,+8.63154879E+00,+5.16270892E+00
-3.85500E-03,+8.63366537E+00,+5.16270892E+00
-3.84000E-03,+8.63603019E+00,+5.16281884E+00
-3.82500E-03,+8.63834276E+00,+5.16273090E+00
-3.81000E-03,+8.64055733E+00,+5.16278806E+00
-3.79500E-03,+8.64306587E+00,+5.16293316E+00
-3.78000E-03,+8.64562668E+00,+5.16300351E+00
-3.76500E-03,+8.64854678E+00,+5.16314861E+00
-3.75000E-03,+8.65108145E+00,+5.16314861E+00
-3.73500E-03,+8.65386436E+00,+5.16324095E+00
-3.72000E-03,+8.65658849E+00,+5.16325854E+00
-3.70500E-03,+8.65918195E+00,+5.16325854E+00
-3.69000E-03,+8.66160557E+00,+5.16344761E+00
-3.67500E-03,+8.66375482E+00,+5.16339045E+00
-3.66000E-03,+8.66596939E+00,+5.16368944E+00
-3.64500E-03,+8.66784426E+00,+5.16356193E+00
-3.63000E-03,+8.66963421E+00,+5.16350917E+00
-3.61500E-03,+8.67169854E+00,+5.16364987E+00
-3.60000E-03,+8.67316185E+00,+5.16365427E+00
-3.58500E-03,+8.67471663E+00,+5.16364108E+00
-3.57000E-03,+8.67628447E+00,+5.16369824E+00
-3.55500E-03,+8.67800256E+00,+5.16411155E+00
-3.54000E-03,+8.67974678E+00,+5.16394447E+00
-3.52500E-03,+8.68132768E+00,+5.16387412E+00
-3.51000E-03,+8.68288899E+00,+5.16393128E+00
-3.49500E-03,+8.68448949E+00,+5.16394887E+00
-3.48000E-03,+8.68619452E+00,+5.16412474E+00
-3.46500E-03,+8.68764477E+00,+5.16403241E+00
-3.45000E-03,+8.68946085E+00,+5.16415992E+00
-3.43500E-03,+8.69075431E+00,+5.16431821E+00
-3.42000E-03,+8.69223070E+00,+5.16424346E+00
-3.40500E-03,+8.69321060E+00,+5.16432261E+00
-3.39000E-03,+8.69408597E+00,+5.16426545E+00
-3.37500E-03,+8.69468698E+00,+5.16424786E+00
-3.36000E-03,+8.69531411E+00,+5.16426545E+00
-3.34500E-03,+8.69545130E+00,+5.16424786E+00
-3.33000E-03,+8.69583019E+00,+5.16425226E+00
-3.31500E-03,+8.69577140E+00,+5.16442814E+00
-3.30000E-03,+8.69543823E+00,+5.16433580E+00
-3.28500E-03,+8.69469351E+00,+5.16425226E+00
-3.27000E-03,+8.69333472E+00,+5.16413794E+00
-3.25500E-03,+8.69218497E+00,+5.16424786E+00
-3.24000E-03,+8.69065632E+00,+5.16424786E+00
-3.22500E-03,+8.68854627E+00,+5.16420389E+00
-3.21000E-03,+8.68636436E+00,+5.16388731E+00
-3.19500E-03,+8.68385582E+00,+5.16413794E+00
-3.18000E-03,+8.68103371E+00,+5.16422148E+00
-3.16500E-03,+8.67843371E+00,+5.16383454E+00
-3.15000E-03,+8.67570959E+00,+5.16385213E+00
-3.13500E-03,+8.67269803E+00,+5.16369824E+00
-3.12000E-03,+8.66947090E+00,+5.16350917E+00
-3.10500E-03,+8.66553823E+00,+5.16358831E+00
-3.09000E-03,+8.66174276E+00,+5.16337286E+00
-3.07500E-03,+8.65732014E+00,+5.16336846E+00
-3.06000E-03,+8.65253170E+00,+5.16336846E+00
-3.04500E-03,+8.64784778E+00,+5.16320138E+00
-3.03000E-03,+8.64347743E+00,+5.16311344E+00
-3.01500E-03,+8.63946638E+00,+5.16313103E+00
-3.00000E-03,+8.63540306E+00,+5.16292877E+00
-2.98500E-03,+8.63194075E+00,+5.16292877E+00
-2.97000E-03,+8.62836738E+00,+5.16285402E+00
-2.95500E-03,+8.62460457E+00,+5.16276168E+00
-2.94000E-03,+8.62056085E+00,+5.16266934E+00
-2.92500E-03,+8.61613170E+00,+5.16257701E+00
-2.91000E-03,+8.61135633E+00,+5.16237914E+00
-2.89500E-03,+8.60699904E+00,+5.16228241E+00
-2.88000E-03,+8.60294225E+00,+5.16204937E+00
-2.86500E-03,+8.59899653E+00,+5.16204937E+00
-2.85000E-03,+8.59578246E+00,+5.16198341E+00
-2.83500E-03,+8.59249653E+00,+5.16185590E+00
-2.82000E-03,+8.58926939E+00,+5.16171959E+00
-2.80500E-03,+8.58536939E+00,+5.16162726E+00
-2.79000E-03,+8.58149552E+00,+5.16152613E+00
-2.77500E-03,+8.57716437E+00,+5.16160967E+00
-2.76000E-03,+8.57278748E+00,+5.16145138E+00
-2.74500E-03,+8.56763321E+00,+5.16135904E+00
-2.73000E-03,+8.56324326E+00,+5.16118316E+00
-2.71500E-03,+8.55868346E+00,+5.16116997E+00
-2.70000E-03,+8.55505130E+00,+5.16108203E+00
-2.68500E-03,+8.55196135E+00,+5.16098969E+00
-2.67000E-03,+8.54870155E+00,+5.16100289E+00
-2.65500E-03,+8.54553321E+00,+5.16098969E+00
-2.64000E-03,+8.54229301E+00,+5.16082261E+00
-2.62500E-03,+8.53822969E+00,+5.16073027E+00
-2.61000E-03,+8.53435582E+00,+5.16063794E+00
-2.59500E-03,+8.52961311E+00,+5.16036532E+00
-2.58000E-03,+8.52505984E+00,+5.16034773E+00
-2.56500E-03,+8.52066989E+00,+5.16033015E+00
-2.55000E-03,+8.51601864E+00,+5.16013668E+00
-2.53500E-03,+8.51191613E+00,+5.15996520E+00
-2.52000E-03,+8.50829703E+00,+5.16014108E+00
-2.50500E-03,+8.50446236E+00,+5.16007072E+00
-2.49000E-03,+8.50051663E+00,+5.15991243E+00
-2.47500E-03,+8.49632266E+00,+5.15974095E+00
-2.46000E-03,+8.49124678E+00,+5.15952110E+00
-2.44500E-03,+8.48715733E+00,+5.15941997E+00
-2.43000E-03,+8.48229050E+00,+5.15929246E+00
-2.41500E-03,+8.47803773E+00,+5.15924409E+00
-2.40000E-03,+8.47407894E+00,+5.15923530E+00
-2.38500E-03,+8.47081914E+00,+5.15912977E+00
-2.37000E-03,+8.46765733E+00,+5.15894070E+00
-2.35500E-03,+8.46465884E+00,+5.15884836E+00
-2.34000E-03,+8.46183020E+00,+5.15865490E+00
-2.32500E-03,+8.45866185E+00,+5.15864170E+00
-2.31000E-03,+8.45490557E+00,+5.15871206E+00
-2.29500E-03,+8.45095984E+00,+5.15847462E+00
-2.28000E-03,+8.44613874E+00,+5.15846143E+00
-2.26500E-03,+8.44155281E+00,+5.15823718E+00
-2.25000E-03,+8.43713673E+00,+5.15831193E+00
-2.23500E-03,+8.43272065E+00,+5.15809208E+00
-2.22000E-03,+8.42879452E+00,+5.15787223E+00
-2.20500E-03,+8.42470507E+00,+5.15786344E+00
-2.19000E-03,+8.42088346E+00,+5.15776231E+00
-2.17500E-03,+8.41685281E+00,+5.15776231E+00
-2.16000E-03,+8.41291361E+00,+5.15786344E+00
-2.14500E-03,+8.40865432E+00,+5.15741934E+00
-2.13000E-03,+8.40385934E+00,+5.15743253E+00
-2.11500E-03,+8.39965884E+00,+5.15721268E+00
-2.10000E-03,+8.39545834E+00,+5.15714673E+00
-2.08500E-03,+8.39149954E+00,+5.15707638E+00
-2.07000E-03,+8.38821361E+00,+5.15698404E+00
-2.05500E-03,+8.38446387E+00,+5.15677299E+00
-2.04000E-03,+8.38140005E+00,+5.15668944E+00
-2.02500E-03,+8.37801613E+00,+5.15644321E+00
-2.01000E-03,+8.37471713E+00,+5.15649158E+00
-1.99500E-03,+8.37137241E+00,+5.15622336E+00
-1.98000E-03,+8.36728296E+00,+5.15610025E+00
-1.96500E-03,+8.36336336E+00,+5.15600791E+00
-1.95000E-03,+8.35939804E+00,+5.15580565E+00
-1.93500E-03,+8.35560909E+00,+5.15578366E+00
-1.92000E-03,+8.35157844E+00,+5.15562098E+00
-1.90500E-03,+8.34808346E+00,+5.15549346E+00
-1.89000E-03,+8.34473221E+00,+5.15504937E+00
-1.87500E-03,+8.34175985E+00,+5.15523404E+00
-1.86000E-03,+8.33846085E+00,+5.15521645E+00
-1.84500E-03,+8.33532517E+00,+5.15512412E+00
-1.83000E-03,+8.33178447E+00,+5.15478995E+00
-1.81500E-03,+8.32817844E+00,+5.15475477E+00
-1.80000E-03,+8.32451361E+00,+5.15477236E+00
-1.78500E-03,+8.32016939E+00,+5.15446897E+00
-1.77000E-03,+8.31611261E+00,+5.15446457E+00
-1.75500E-03,+8.31226487E+00,+5.15432387E+00
-1.74000E-03,+8.30840407E+00,+5.15396331E+00
-1.72500E-03,+8.30491562E+00,+5.15409083E+00
-1.71000E-03,+8.30138799E+00,+5.15402487E+00
-1.69500E-03,+8.29838949E+00,+5.15400728E+00
-1.68000E-03,+8.29479000E+00,+5.15379623E+00
-1.66500E-03,+8.29136688E+00,+5.15352801E+00
-1.65000E-03,+8.28760407E+00,+5.15347525E+00
-1.63500E-03,+8.28369753E+00,+5.15336532E+00
-1.62000E-03,+8.27954276E+00,+5.15322462E+00
-1.60500E-03,+8.27537492E+00,+5.15293882E+00
-1.59000E-03,+8.27157944E+00,+5.15292562E+00
-1.57500E-03,+8.26781010E+00,+5.15285967E+00
-1.56000E-03,+8.26453723E+00,+5.15285527E+00
-1.54500E-03,+8.26150608E+00,+5.15260464E+00
-1.53000E-03,+8.25847492E+00,+5.15256067E+00
-1.51500E-03,+8.25591412E+00,+5.15224849E+00
-1.50000E-03,+8.25340558E+00,+5.15215615E+00
-1.48500E-03,+8.25073372E+00,+5.15195389E+00
-1.47000E-03,+8.24757191E+00,+5.15193630E+00
-1.45500E-03,+8.24391362E+00,+5.15171645E+00
-1.44000E-03,+8.24025532E+00,+5.15167688E+00
-1.42500E-03,+8.23622467E+00,+5.15158454E+00
-1.41000E-03,+8.23245532E+00,+5.15159334E+00
-1.39500E-03,+8.22853573E+00,+5.15128995E+00
-1.38000E-03,+8.22500809E+00,+5.15113605E+00
-1.36500E-03,+8.22140859E+00,+5.15110527E+00
-1.35000E-03,+8.21835784E+00,+5.15081507E+00
-1.33500E-03,+8.21568598E+00,+5.15078429E+00
-1.32000E-03,+8.21266135E+00,+5.15062600E+00
-1.30500E-03,+8.20953874E+00,+5.15039736E+00
-1.29000E-03,+8.20595231E+00,+5.15034020E+00
-1.27500E-03,+8.20183020E+00,+5.15035339E+00
-1.26000E-03,+8.19772115E+00,+5.15017751E+00
-1.24500E-03,+8.19347492E+00,+5.15003681E+00
-1.23000E-03,+8.18906537E+00,+5.14975100E+00
-1.21500E-03,+8.18485181E+00,+5.14983894E+00
-1.20000E-03,+8.18063171E+00,+5.14934208E+00
-1.18500E-03,+8.17726739E+00,+5.14932889E+00
-1.17000E-03,+8.17405331E+00,+5.14907826E+00
-1.15500E-03,+8.17055834E+00,+5.14896834E+00
-1.14000E-03,+8.16774929E+00,+5.14882324E+00
-1.12500E-03,+8.16439804E+00,+5.14863856E+00
-1.11000E-03,+8.16079854E+00,+5.14852864E+00
-1.09500E-03,+8.15686588E+00,+5.14838354E+00
-1.08000E-03,+8.15261311E+00,+5.14830439E+00
-1.06500E-03,+8.14890256E+00,+5.14812851E+00
-1.05000E-03,+8.14493070E+00,+5.14806696E+00
-1.03500E-03,+8.14085432E+00,+5.14808015E+00
-1.02000E-03,+8.13740507E+00,+5.14799221E+00
-1.00500E-03,+8.13436739E+00,+5.14782073E+00
-990.00E-06,+8.13062417E+00,+5.14775917E+00
-975.00E-06,+8.12739050E+00,+5.14767123E+00
-960.00E-06,+8.12447693E+00,+5.14742939E+00
-945.00E-06,+8.12071412E+00,+5.14731067E+00
-930.00E-06,+8.11695131E+00,+5.14720075E+00
-915.00E-06,+8.11277693E+00,+5.14709962E+00
-900.00E-06,+8.10877241E+00,+5.14685779E+00
-885.00E-06,+8.10502919E+00,+5.14670829E+00
-870.00E-06,+8.10145583E+00,+5.14656319E+00
-855.00E-06,+8.09813724E+00,+5.14633015E+00
-840.00E-06,+8.09517794E+00,+5.14622462E+00
-825.00E-06,+8.09221211E+00,+5.14617625E+00
-810.00E-06,+8.08977543E+00,+5.14593002E+00
-795.00E-06,+8.08740407E+00,+5.14583768E+00
-780.00E-06,+8.08486940E+00,+5.14571017E+00
-765.00E-06,+8.08211914E+00,+5.14546834E+00
-750.00E-06,+8.07882015E+00,+5.14545075E+00
-735.00E-06,+8.07568447E+00,+5.14513856E+00
-720.00E-06,+8.07145784E+00,+5.14523090E+00
-705.00E-06,+8.06761663E+00,+5.14490113E+00
-690.00E-06,+8.06360558E+00,+5.14486155E+00
-675.00E-06,+8.05994075E+00,+5.14461532E+00
-660.00E-06,+8.05624980E+00,+5.14467688E+00
-645.00E-06,+8.05295080E+00,+5.14446143E+00
-630.00E-06,+8.04937090E+00,+5.14446143E+00
-615.00E-06,+8.04618950E+00,+5.14435150E+00
-600.00E-06,+8.04289050E+00,+5.14395578E+00
-585.00E-06,+8.03971563E+00,+5.14399535E+00
-570.00E-06,+8.03641663E+00,+5.14381067E+00
-555.00E-06,+8.03219000E+00,+5.14381067E+00
-540.00E-06,+8.02813975E+00,+5.14369196E+00
-525.00E-06,+8.02407643E+00,+5.14362600E+00
-510.00E-06,+8.02001312E+00,+5.14347211E+00
-495.00E-06,+8.01599553E+00,+5.14341055E+00
-480.00E-06,+8.01253975E+00,+5.14314233E+00
-465.00E-06,+8.00863975E+00,+5.14302801E+00
-450.00E-06,+8.00545834E+00,+5.14305439E+00
-435.00E-06,+8.00176085E+00,+5.14289170E+00
-420.00E-06,+7.99808950E+00,+5.14270263E+00
-405.00E-06,+7.99423523E+00,+5.14270263E+00
-390.00E-06,+7.99055734E+00,+5.14266746E+00
-375.00E-06,+7.98654628E+00,+5.14259271E+00
-360.00E-06,+7.98262015E+00,+5.14228052E+00
-345.00E-06,+7.97853070E+00,+5.14226294E+00
-330.00E-06,+7.97509452E+00,+5.14193316E+00
-315.00E-06,+7.97210256E+00,+5.14182324E+00
-300.00E-06,+7.96939804E+00,+5.14171331E+00
-285.00E-06,+7.96658900E+00,+5.14139233E+00
-270.00E-06,+7.96406739E+00,+5.14170012E+00
-255.00E-06,+7.96129754E+00,+5.14147588E+00
-240.00E-06,+7.95857995E+00,+5.14149346E+00
-225.00E-06,+7.95551613E+00,+5.14122964E+00
-210.00E-06,+7.95221714E+00,+5.14102299E+00
-195.00E-06,+7.94887895E+00,+5.14115490E+00
-180.00E-06,+7.94482869E+00,+5.14092625E+00
-165.00E-06,+7.94150357E+00,+5.14066683E+00
-150.00E-06,+7.93804126E+00,+5.14059208E+00
-135.00E-06,+7.93474226E+00,+5.14062726E+00
-120.00E-06,+7.93160658E+00,+5.14055251E+00
-105.00E-06,+7.92881714E+00,+5.14039422E+00
-90.00E-06,+7.92597543E+00,+5.14038542E+00
-75.00E-06,+7.92334276E+00,+5.13997650E+00
-60.00E-06,+7.92080156E+00,+5.13999409E+00
-45.00E-06,+7.91748297E+00,+5.13995892E+00
-30.00E-06,+7.91470005E+00,+5.13969949E+00
-15.00E-06,+7.91093724E+00,+5.13951482E+00
-0.0E+00,+7.90701111E+00,+5.13940490E+00
+15.00E-06,+7.90352266E+00,+5.13938731E+00
+30.00E-06,+7.89915885E+00,+5.13922022E+00
+45.00E-06,+7.89515432E+00,+5.13929497E+00
+60.00E-06,+7.89157442E+00,+5.13937412E+00
+75.00E-06,+7.88793573E+00,+5.13914108E+00
+90.00E-06,+7.88509402E+00,+5.13896959E+00
+105.00E-06,+7.88210206E+00,+5.13877173E+00
+120.00E-06,+7.87910357E+00,+5.13880691E+00
+135.00E-06,+7.87592216E+00,+5.13874535E+00
+150.00E-06,+7.87281261E+00,+5.13852550E+00
+165.00E-06,+7.86966387E+00,+5.13844196E+00
+180.00E-06,+7.86595332E+00,+5.13851671E+00
+195.00E-06,+7.86232769E+00,+5.13820452E+00
+210.00E-06,+7.85857794E+00,+5.13827927E+00
+225.00E-06,+7.85474980E+00,+5.13797588E+00
+240.00E-06,+7.85112417E+00,+5.13792751E+00
+255.00E-06,+7.84775332E+00,+5.13791432E+00
+270.00E-06,+7.84456538E+00,+5.13764610E+00
+285.00E-06,+7.84235734E+00,+5.13764610E+00
+300.00E-06,+7.83982267E+00,+5.13744824E+00
+315.00E-06,+7.83739251E+00,+5.13728555E+00
+330.00E-06,+7.83459000E+00,+5.13720640E+00
+345.00E-06,+7.83195081E+00,+5.13717123E+00
+360.00E-06,+7.82895231E+00,+5.13696897E+00
+375.00E-06,+7.82584277E+00,+5.13687663E+00
+390.00E-06,+7.82270709E+00,+5.13687663E+00
+405.00E-06,+7.81913372E+00,+5.13680188E+00
+420.00E-06,+7.81561915E+00,+5.13671394E+00
+435.00E-06,+7.81220256E+00,+5.13632701E+00
+450.00E-06,+7.80885784E+00,+5.13630502E+00
+465.00E-06,+7.80572870E+00,+5.13611155E+00
+480.00E-06,+7.80273020E+00,+5.13608078E+00
+495.00E-06,+7.79970558E+00,+5.13591809E+00
+510.00E-06,+7.79707945E+00,+5.13596206E+00
+525.00E-06,+7.79425734E+00,+5.13588731E+00
+540.00E-06,+7.79110206E+00,+5.13564108E+00
+555.00E-06,+7.78805131E+00,+5.13554874E+00
+570.00E-06,+7.78491563E+00,+5.13556633E+00
+585.00E-06,+7.78174076E+00,+5.13544761E+00
+600.00E-06,+7.77805633E+00,+5.13531570E+00
+615.00E-06,+7.77445684E+00,+5.13516620E+00
+630.00E-06,+7.77053071E+00,+5.13519698E+00
+645.00E-06,+7.76711412E+00,+5.13502110E+00
+660.00E-06,+7.76397191E+00,+5.13490238E+00
+675.00E-06,+7.76100608E+00,+5.13491997E+00
+690.00E-06,+7.75797493E+00,+5.13478806E+00
+705.00E-06,+7.75546638E+00,+5.13456821E+00
+720.00E-06,+7.75274226E+00,+5.13445829E+00
+735.00E-06,+7.74968498E+00,+5.13425603E+00
+750.00E-06,+7.74663422E+00,+5.13434836E+00
+765.00E-06,+7.74347241E+00,+5.13403618E+00
+780.00E-06,+7.73970960E+00,+5.13416369E+00
+795.00E-06,+7.73615583E+00,+5.13390866E+00
+810.00E-06,+7.73234076E+00,+5.13372839E+00
+825.00E-06,+7.72863674E+00,+5.13364485E+00
+840.00E-06,+7.72520709E+00,+5.13357889E+00
+855.00E-06,+7.72192769E+00,+5.13357889E+00
+870.00E-06,+7.71865483E+00,+5.13335904E+00
+885.00E-06,+7.71589151E+00,+5.13331067E+00
+900.00E-06,+7.71341563E+00,+5.13331507E+00
+915.00E-06,+7.71026035E+00,+5.13311281E+00
+930.00E-06,+7.70753623E+00,+5.13292814E+00
+945.00E-06,+7.70407392E+00,+5.13270829E+00
+960.00E-06,+7.70085985E+00,+5.13261595E+00
+975.00E-06,+7.69698598E+00,+5.13245766E+00
+990.00E-06,+7.69314478E+00,+5.13254120E+00
+1.00500E-03,+7.68964327E+00,+5.13244887E+00
+1.02000E-03,+7.68576287E+00,+5.13245326E+00
+1.03500E-03,+7.68215031E+00,+5.13236972E+00
+1.05000E-03,+7.67869453E+00,+5.13214987E+00
+1.06500E-03,+7.67566337E+00,+5.13196959E+00
+1.08000E-03,+7.67274327E+00,+5.13182010E+00
+1.09500E-03,+7.66982970E+00,+5.13167500E+00
+1.11000E-03,+7.66696840E+00,+5.13161784E+00
+1.12500E-03,+7.66399603E+00,+5.13149032E+00
+1.14000E-03,+7.66099754E+00,+5.13128806E+00
+1.15500E-03,+7.65739151E+00,+5.13123090E+00
+1.17000E-03,+7.65418397E+00,+5.13116055E+00
+1.18500E-03,+7.65069553E+00,+5.13094070E+00
+1.20000E-03,+7.64704377E+00,+5.13074284E+00
+1.21500E-03,+7.64355533E+00,+5.13072085E+00
+1.23000E-03,+7.64041312E+00,+5.13050100E+00
+1.24500E-03,+7.63732317E+00,+5.13053178E+00
+1.26000E-03,+7.63430508E+00,+5.13048781E+00
+1.27500E-03,+7.63146337E+00,+5.13028115E+00
+1.29000E-03,+7.62909855E+00,+5.13017123E+00
+1.30500E-03,+7.62635483E+00,+5.13036470E+00
+1.32000E-03,+7.62338247E+00,+5.12974032E+00
+1.33500E-03,+7.62022066E+00,+5.12975791E+00
+1.35000E-03,+7.61705885E+00,+5.12975351E+00
+1.36500E-03,+7.61389704E+00,+5.12952487E+00
+1.38000E-03,+7.61068950E+00,+5.12927424E+00
+1.39500E-03,+7.60739051E+00,+5.12927864E+00
+1.41000E-03,+7.60409151E+00,+5.12896645E+00
+1.42500E-03,+7.60102116E+00,+5.12887412E+00
+1.44000E-03,+7.59831010E+00,+5.12870263E+00
+1.45500E-03,+7.59574277E+00,+5.12863228E+00
+1.47000E-03,+7.59318196E+00,+5.12855753E+00
+1.48500E-03,+7.59075181E+00,+5.12830251E+00
+1.50000E-03,+7.58870709E+00,+5.12819258E+00
+1.51500E-03,+7.58619855E+00,+5.12817500E+00
+1.53000E-03,+7.58357895E+00,+5.12793756E+00
+1.54500E-03,+7.58117493E+00,+5.12774849E+00
+1.56000E-03,+7.57801965E+00,+5.12760339E+00
+1.57500E-03,+7.57485784E+00,+5.12757701E+00
+1.59000E-03,+7.57185282E+00,+5.12731319E+00
+1.60500E-03,+7.56842970E+00,+5.12720326E+00
+1.62000E-03,+7.56513724E+00,+5.12709334E+00
+1.63500E-03,+7.56228247E+00,+5.12714171E+00
+1.65000E-03,+7.55875483E+00,+5.12702738E+00
+1.66500E-03,+7.55568448E+00,+5.12682073E+00
+1.68000E-03,+7.55321513E+00,+5.12665364E+00
+1.69500E-03,+7.55037995E+00,+5.12644258E+00
+1.71000E-03,+7.54770810E+00,+5.12613040E+00
+1.72500E-03,+7.54529754E+00,+5.12619196E+00
+1.74000E-03,+7.54271061E+00,+5.12600728E+00
+1.75500E-03,+7.53994729E+00,+5.12587098E+00
+1.77000E-03,+7.53745181E+00,+5.12555439E+00
+1.78500E-03,+7.53451865E+00,+5.12555439E+00
+1.80000E-03,+7.53105634E+00,+5.12564233E+00
+1.81500E-03,+7.52759403E+00,+5.12533454E+00
+1.83000E-03,+7.52413171E+00,+5.12517186E+00
+1.84500E-03,+7.52100257E+00,+5.12504434E+00
+1.86000E-03,+7.51767091E+00,+5.12480251E+00
+1.87500E-03,+7.51423473E+00,+5.12467500E+00
+1.89000E-03,+7.51123624E+00,+5.12445515E+00
+1.90500E-03,+7.50817895E+00,+5.12445515E+00
+1.92000E-03,+7.50523272E+00,+5.12423090E+00
+1.93500E-03,+7.50239101E+00,+5.12434522E+00
+1.95000E-03,+7.49891563E+00,+5.12401545E+00
+1.96500E-03,+7.49607393E+00,+5.12380439E+00
+1.98000E-03,+7.49277493E+00,+5.12387914E+00
+1.99500E-03,+7.48926689E+00,+5.12352738E+00
+2.01000E-03,+7.48585031E+00,+5.12330753E+00
+2.02500E-03,+7.48248599E+00,+5.12326796E+00
+2.04000E-03,+7.47925232E+00,+5.12308329E+00
+2.05500E-03,+7.47595332E+00,+5.12290741E+00
+2.07000E-03,+7.47280458E+00,+5.12269635E+00
+2.08500E-03,+7.47029604E+00,+5.12264359E+00
+2.10000E-03,+7.46736287E+00,+5.12245452E+00
+2.11500E-03,+7.46478900E+00,+5.12219510E+00
+2.13000E-03,+7.46228046E+00,+5.12208517E+00
+2.14500E-03,+7.45977192E+00,+5.12203681E+00
+2.16000E-03,+7.45758347E+00,+5.12193128E+00
+2.17500E-03,+7.45442820E+00,+5.12170703E+00
+2.19000E-03,+7.45190659E+00,+5.12152676E+00
+2.20500E-03,+7.44859453E+00,+5.12137726E+00
+2.22000E-03,+7.44587041E+00,+5.12126733E+00
+2.23500E-03,+7.44257141E+00,+5.12097274E+00
+2.25000E-03,+7.43992568E+00,+5.12093756E+00
+2.26500E-03,+7.43665282E+00,+5.12090238E+00
+2.28000E-03,+7.43381764E+00,+5.12060779E+00
+2.29500E-03,+7.43109352E+00,+5.12038794E+00
+2.31000E-03,+7.42852619E+00,+5.12012851E+00
+2.32500E-03,+7.42571714E+00,+5.11990427E+00
+2.34000E-03,+7.42324780E+00,+5.11984271E+00
+2.35500E-03,+7.42075232E+00,+5.11971520E+00
+2.37000E-03,+7.41834177E+00,+5.11942939E+00
+2.38500E-03,+7.41597041E+00,+5.11935025E+00
+2.40000E-03,+7.41337041E+00,+5.11911281E+00
+2.41500E-03,+7.41041111E+00,+5.11926231E+00
+2.43000E-03,+7.40737342E+00,+5.11895892E+00
+2.44500E-03,+7.40470156E+00,+5.11874786E+00
+2.46000E-03,+7.40182719E+00,+5.11851922E+00
+2.47500E-03,+7.39847594E+00,+5.11856319E+00
+2.49000E-03,+7.39570609E+00,+5.11829937E+00
+2.50500E-03,+7.39294277E+00,+5.11829937E+00
+2.52000E-03,+7.38989202E+00,+5.11816306E+00
+2.53500E-03,+7.38752066E+00,+5.11807952E+00
+2.55000E-03,+7.38482267E+00,+5.11763982E+00
+2.56500E-03,+7.38245131E+00,+5.11756947E+00
+2.58000E-03,+7.38007996E+00,+5.11753429E+00
+2.59500E-03,+7.37749302E+00,+5.11731005E+00
+2.61000E-03,+7.37495835E+00,+5.11698027E+00
+2.62500E-03,+7.37214930E+00,+5.11709020E+00
+2.64000E-03,+7.36950357E+00,+5.11677801E+00
+2.65500E-03,+7.36658347E+00,+5.11661093E+00
+2.67000E-03,+7.36363724E+00,+5.11665490E+00
+2.68500E-03,+7.36048197E+00,+5.11636030E+00
+2.70000E-03,+7.35748347E+00,+5.11629874E+00
+2.71500E-03,+7.35415182E+00,+5.11598655E+00
+2.73000E-03,+7.35134277E+00,+5.11588103E+00
+2.74500E-03,+7.34820709E+00,+5.11561281E+00
+2.76000E-03,+7.34558096E+00,+5.11572274E+00
+2.77500E-03,+7.34301363E+00,+5.11561721E+00
+2.79000E-03,+7.34047242E+00,+5.11508517E+00
+2.80500E-03,+7.33778749E+00,+5.11500163E+00
+2.82000E-03,+7.33497845E+00,+5.11501042E+00
+2.83500E-03,+7.33237192E+00,+5.11486532E+00
+2.85000E-03,+7.32945835E+00,+5.11460590E+00
+2.86500E-03,+7.32638800E+00,+5.11440364E+00
+2.88000E-03,+7.32332418E+00,+5.11426294E+00
+2.89500E-03,+7.31980961E+00,+5.11432889E+00
+2.91000E-03,+7.31666086E+00,+5.11391118E+00
+2.92500E-03,+7.31335533E+00,+5.11394635E+00
+2.94000E-03,+7.30995182E+00,+5.11375289E+00
+2.95500E-03,+7.30692066E+00,+5.11374409E+00
+2.97000E-03,+7.30389604E+00,+5.11338794E+00
+2.98500E-03,+7.30111312E+00,+5.11346269E+00
+3.00000E-03,+7.29833021E+00,+5.11324284E+00
+3.01500E-03,+7.29579554E+00,+5.11305816E+00
+3.03000E-03,+7.29320207E+00,+5.11313291E+00
+3.04500E-03,+7.29104629E+00,+5.11286030E+00
+3.06000E-03,+7.28866840E+00,+5.11273279E+00
+3.07500E-03,+7.28614679E+00,+5.11269321E+00
+3.09000E-03,+7.28410860E+00,+5.11247776E+00
+3.10500E-03,+7.28176991E+00,+5.11248655E+00
+3.12000E-03,+7.28022167E+00,+5.11247336E+00
+3.13500E-03,+7.27878448E+00,+5.11247336E+00
+3.15000E-03,+7.27775232E+00,+5.11231947E+00
+3.16500E-03,+7.27730157E+00,+5.11242060E+00
+3.18000E-03,+7.27758900E+00,+5.11237223E+00
+3.19500E-03,+7.27819001E+00,+5.11246457E+00
+3.21000E-03,+7.27943121E+00,+5.11247336E+00
+3.22500E-03,+7.28082267E+00,+5.11225351E+00
+3.24000E-03,+7.28277594E+00,+5.11235025E+00
+3.25500E-03,+7.28484026E+00,+5.11261407E+00
+3.27000E-03,+7.28748599E+00,+5.11288668E+00
+3.28500E-03,+7.29045835E+00,+5.11280314E+00
+3.30000E-03,+7.29359403E+00,+5.11311093E+00
+3.31500E-03,+7.29732418E+00,+5.11317248E+00
+3.33000E-03,+7.30108699E+00,+5.11351545E+00
+3.34500E-03,+7.30593423E+00,+5.11375289E+00
+3.36000E-03,+7.31081413E+00,+5.11381005E+00
+3.37500E-03,+7.31629503E+00,+5.11412223E+00
+3.39000E-03,+7.32240307E+00,+5.11452676E+00
+3.40500E-03,+7.32802116E+00,+5.11460150E+00
+3.42000E-03,+7.33297945E+00,+5.11494887E+00
+3.43500E-03,+7.33815986E+00,+5.11522148E+00
+3.45000E-03,+7.34320961E+00,+5.11546331E+00
+3.46500E-03,+7.34884729E+00,+5.11587663E+00
+3.48000E-03,+7.35466136E+00,+5.11617123E+00
+3.49500E-03,+7.36056036E+00,+5.11639987E+00
+3.51000E-03,+7.36720408E+00,+5.11671206E+00
+3.52500E-03,+7.37329252E+00,+5.11695829E+00
+3.54000E-03,+7.37936136E+00,+5.11733643E+00
+3.55500E-03,+7.38520810E+00,+5.11765741E+00
+3.57000E-03,+7.39176689E+00,+5.11817186E+00
+3.58500E-03,+7.39911614E+00,+5.11840929E+00
+3.60000E-03,+7.40660910E+00,+5.11887098E+00
+3.61500E-03,+7.41416739E+00,+5.11909083E+00
+3.63000E-03,+7.42160156E+00,+5.11964924E+00
+3.64500E-03,+7.42903573E+00,+5.12015490E+00
+3.66000E-03,+7.43722769E+00,+5.12028681E+00
+3.67500E-03,+7.44600106E+00,+5.12104748E+00
+3.69000E-03,+7.45504880E+00,+5.12151796E+00
+3.70500E-03,+7.46339754E+00,+5.12203681E+00
+3.72000E-03,+7.47234076E+00,+5.12262160E+00
+3.73500E-03,+7.48253171E+00,+5.12295138E+00
+3.75000E-03,+7.49414679E+00,+5.12368568E+00
+3.76500E-03,+7.50502367E+00,+5.12398027E+00
+3.78000E-03,+7.51618146E+00,+5.12449032E+00
+3.79500E-03,+7.52833875E+00,+5.12522902E+00
+3.81000E-03,+7.53967292E+00,+5.12585339E+00
+3.82500E-03,+7.54973975E+00,+5.12623593E+00
+3.84000E-03,+7.56058397E+00,+5.12655691E+00
+3.85500E-03,+7.57310709E+00,+5.12727361E+00
+3.87000E-03,+7.58478096E+00,+5.12799032E+00
+3.88500E-03,+7.59474327E+00,+5.12858392E+00
+3.90000E-03,+7.60624729E+00,+5.12894007E+00
+3.91500E-03,+7.61954126E+00,+5.12934459E+00
+3.93000E-03,+7.63208397E+00,+5.12985904E+00
+3.94500E-03,+7.64526689E+00,+5.13039108E+00
+3.96000E-03,+7.65995232E+00,+5.13094070E+00
+3.97500E-03,+7.67307644E+00,+5.13138040E+00
+3.99000E-03,+7.68725885E+00,+5.13203995E+00
+4.00500E-03,+7.70265633E+00,+5.13232135E+00
+4.02000E-03,+7.71613975E+00,+5.13271268E+00
+4.03500E-03,+7.72981262E+00,+5.13313919E+00
+4.05000E-03,+7.74451111E+00,+5.13360088E+00
+4.06500E-03,+7.75723020E+00,+5.13419007E+00
+4.08000E-03,+7.77040005E+00,+5.13462098E+00
+4.09500E-03,+7.78502015E+00,+5.13504309E+00
+4.11000E-03,+7.79768045E+00,+5.13546520E+00
+4.12500E-03,+7.80983774E+00,+5.13588731E+00
+4.14000E-03,+7.82333422E+00,+5.13640176E+00
+4.15500E-03,+7.83502769E+00,+5.13669635E+00
+4.17000E-03,+7.84574779E+00,+5.13715364E+00
+4.18500E-03,+7.85861060E+00,+5.13753618E+00
+4.20000E-03,+7.87235533E+00,+5.13780000E+00
+4.21500E-03,+7.88412065E+00,+5.13829246E+00
+4.23000E-03,+7.89647392E+00,+5.13851231E+00
+4.24500E-03,+7.91034276E+00,+5.13904434E+00
+4.26000E-03,+7.92195784E+00,+5.13934334E+00
+4.27500E-03,+7.93203121E+00,+5.13980062E+00
+4.29000E-03,+7.94368548E+00,+5.14014799E+00
+4.30500E-03,+7.95541161E+00,+5.14053052E+00
+4.32000E-03,+7.96496889E+00,+5.14114610E+00
+4.33500E-03,+7.97452618E+00,+5.14140992E+00
+4.35000E-03,+7.98599101E+00,+5.14180125E+00
+4.36500E-03,+7.99852719E+00,+5.14204309E+00
+4.38000E-03,+8.01023372E+00,+5.14248279E+00
+4.39500E-03,+8.02199251E+00,+5.14283894E+00
+4.41000E-03,+8.03379050E+00,+5.14335339E+00
+4.42500E-03,+8.04436035E+00,+5.14364799E+00
+4.44000E-03,+8.05387191E+00,+5.14381067E+00
+4.45500E-03,+8.06438950E+00,+5.14418442E+00
+4.47000E-03,+8.07503121E+00,+5.14453618E+00
+4.48500E-03,+8.08422266E+00,+5.14482638E+00
+4.50000E-03,+8.09139553E+00,+5.14534083E+00
+4.51500E-03,+8.09922166E+00,+5.14572776E+00
+4.53000E-03,+8.10824980E+00,+5.14589045E+00
+4.54500E-03,+8.11789854E+00,+5.14622462E+00
+4.56000E-03,+8.12651512E+00,+5.14665992E+00
+4.57500E-03,+8.13444578E+00,+5.14687977E+00
+4.59000E-03,+8.14309502E+00,+5.14720515E+00
+4.60500E-03,+8.15214276E+00,+5.14745578E+00
+4.62000E-03,+8.16084427E+00,+5.14771080E+00
+4.63500E-03,+8.16867040E+00,+5.14808894E+00
+4.65000E-03,+8.17596085E+00,+5.14826482E+00
+4.66500E-03,+8.18426387E+00,+5.14882763E+00
+4.68000E-03,+8.19318749E+00,+5.14919698E+00
+4.69500E-03,+8.20211764E+00,+5.14949158E+00
+4.71000E-03,+8.21014628E+00,+5.14965427E+00
+4.72500E-03,+8.21672467E+00,+5.14989170E+00
+4.74000E-03,+8.22349251E+00,+5.15011595E+00
+4.75500E-03,+8.23036487E+00,+5.15023907E+00
+4.77000E-03,+8.23816487E+00,+5.15061721E+00
+4.78500E-03,+8.24516789E+00,+5.15093819E+00
+4.80000E-03,+8.25118447E+00,+5.15107889E+00
+4.81500E-03,+8.25691362E+00,+5.15131633E+00
+4.83000E-03,+8.26203522E+00,+5.15165929E+00
+4.84500E-03,+8.26769904E+00,+5.15186155E+00
+4.86000E-03,+8.27459753E+00,+5.15208140E+00
+4.87500E-03,+8.28198598E+00,+5.15226608E+00
+4.89000E-03,+8.28874728E+00,+5.15246834E+00
+4.90500E-03,+8.29518196E+00,+5.15278052E+00
+4.92000E-03,+8.30104829E+00,+5.15298279E+00
+4.93500E-03,+8.30707140E+00,+5.15325540E+00
+4.95000E-03,+8.31337542E+00,+5.15347525E+00
+4.96500E-03,+8.32010407E+00,+5.15358957E+00
+4.98000E-03,+8.32653874E+00,+5.15392814E+00
+4.99500E-03,+8.33292768E+00,+5.15410402E+00
+5.01000E-03,+8.33817341E+00,+5.15429309E+00
+5.02500E-03,+8.34332768E+00,+5.15464045E+00
+5.04000E-03,+8.34835784E+00,+5.15473718E+00
+5.05500E-03,+8.35398899E+00,+5.15489547E+00
+5.07000E-03,+8.35994678E+00,+5.15500540E+00
+5.08500E-03,+8.36606789E+00,+5.15526482E+00
+5.10000E-03,+8.37187542E+00,+5.15523404E+00
+5.11500E-03,+8.37686638E+00,+5.15561218E+00
+5.13000E-03,+8.38213824E+00,+5.15600351E+00
+5.14500E-03,+8.38684829E+00,+5.15583643E+00
+5.16000E-03,+8.39216588E+00,+5.15643442E+00
+5.17500E-03,+8.39764678E+00,+5.15642123E+00
+5.19000E-03,+8.40393120E+00,+5.15640364E+00
+5.20500E-03,+8.40983020E+00,+5.15676859E+00
+5.22000E-03,+8.41566386E+00,+5.15677299E+00
+5.23500E-03,+8.42090306E+00,+5.15699284E+00
+5.25000E-03,+8.42652115E+00,+5.15710276E+00
+5.26500E-03,+8.43183874E+00,+5.15741495E+00
+5.28000E-03,+8.43743070E+00,+5.15746771E+00
+5.29500E-03,+8.44304879E+00,+5.15782387E+00
+5.31000E-03,+8.44899351E+00,+5.15787223E+00
+5.32500E-03,+8.45405633E+00,+5.15789422E+00
+5.34000E-03,+8.45858346E+00,+5.15809208E+00
+5.35500E-03,+8.46251613E+00,+5.15818882E+00
+5.37000E-03,+8.46630507E+00,+5.15839108E+00
+5.38500E-03,+8.47034879E+00,+5.15859334E+00
+5.40000E-03,+8.47394829E+00,+5.15861972E+00
+5.41500E-03,+8.47856688E+00,+5.15861532E+00
+5.43000E-03,+8.48327040E+00,+5.15865929E+00
+5.44500E-03,+8.48832668E+00,+5.15886155E+00
+5.46000E-03,+8.49353974E+00,+5.15902424E+00
+5.47500E-03,+8.49792316E+00,+5.15910339E+00
+5.49000E-03,+8.50231311E+00,+5.15925289E+00
+5.50500E-03,+8.50621311E+00,+5.15938040E+00
+5.52000E-03,+8.51007391E+00,+5.15930125E+00
+5.53500E-03,+8.51401964E+00,+5.15940678E+00
+5.55000E-03,+8.51807643E+00,+5.15956507E+00
+5.56500E-03,+8.52246638E+00,+5.15974095E+00
+5.58000E-03,+8.52701964E+00,+5.15985088E+00
+5.59500E-03,+8.53124628E+00,+5.15985088E+00
+5.61000E-03,+8.53544678E+00,+5.16007072E+00
+5.62500E-03,+8.53904628E+00,+5.16007072E+00
+5.64000E-03,+8.54234527E+00,+5.16029057E+00
+5.65500E-03,+8.54559200E+00,+5.16036532E+00
+5.67000E-03,+8.54836839E+00,+5.16040050E+00
+5.68500E-03,+8.55120356E+00,+5.16058078E+00
+5.70000E-03,+8.55407140E+00,+5.16079623E+00
+5.71500E-03,+8.55690004E+00,+5.16093693E+00
+5.73000E-03,+8.56050607E+00,+5.16082701E+00
+5.74500E-03,+8.56404025E+00,+5.16085779E+00
+5.76000E-03,+8.56810356E+00,+5.16088856E+00
+5.77500E-03,+8.57177492E+00,+5.16106005E+00
+5.79000E-03,+8.57553773E+00,+5.16106005E+00
+5.80500E-03,+8.57943773E+00,+5.16116118E+00
+5.82000E-03,+8.58262567E+00,+5.16116118E+00
+5.83500E-03,+8.58567643E+00,+5.16138982E+00
+5.85000E-03,+8.58846587E+00,+5.16152173E+00
+5.86500E-03,+8.59126839E+00,+5.16165804E+00
+5.88000E-03,+8.59354175E+00,+5.16165804E+00
+5.89500E-03,+8.59597844E+00,+5.16182952E+00
+5.91000E-03,+8.59848045E+00,+5.16182952E+00
+5.92500E-03,+8.60149854E+00,+5.16193944E+00
+5.94000E-03,+8.60451009E+00,+5.16200980E+00
+5.95500E-03,+8.60754125E+00,+5.16215490E+00
+5.97000E-03,+8.61062467E+00,+5.16215929E+00
+5.98500E-03,+8.61381261E+00,+5.16217688E+00
+6.00000E-03,+8.61678497E+00,+5.16226922E+00
+6.01500E-03,+8.61980959E+00,+5.16232198E+00
+6.03000E-03,+8.62256638E+00,+5.16237914E+00
+6.04500E-03,+8.62537542E+00,+5.16243630E+00
+6.06000E-03,+8.62775331E+00,+5.16241871E+00
+6.07500E-03,+8.62998095E+00,+5.16259899E+00
+6.09000E-03,+8.63231964E+00,+5.16270892E+00
+6.10500E-03,+8.63465180E+00,+5.16261218E+00
+6.12000E-03,+8.63648095E+00,+5.16262977E+00
+6.13500E-03,+8.63854527E+00,+5.16277047E+00
+6.15000E-03,+8.64108648E+00,+5.16297273E+00
+6.16500E-03,+8.64343823E+00,+5.16314861E+00
+6.18000E-03,+8.64592065E+00,+5.16335088E+00
+6.19500E-03,+8.64870356E+00,+5.16314861E+00
+6.21000E-03,+8.65104225E+00,+5.16325854E+00
+6.22500E-03,+8.65369452E+00,+5.16325854E+00
+6.24000E-03,+8.65603321E+00,+5.16332010E+00
+6.25500E-03,+8.65861361E+00,+5.16347839E+00
+6.27000E-03,+8.66126587E+00,+5.16353555E+00
+6.28500E-03,+8.66315381E+00,+5.16336846E+00
+6.30000E-03,+8.66568195E+00,+5.16347839E+00
+6.31500E-03,+8.66772668E+00,+5.16347839E+00
+6.33000E-03,+8.66960808E+00,+5.16336407E+00
+6.34500E-03,+8.67127391E+00,+5.16358831E+00
+6.36000E-03,+8.67301813E+00,+5.16371583E+00
+6.37500E-03,+8.67459904E+00,+5.16380816E+00
+6.39000E-03,+8.67568999E+00,+5.16369824E+00
+6.40500E-03,+8.67744075E+00,+5.16380816E+00
+6.42000E-03,+8.67877341E+00,+5.16392248E+00
+6.43500E-03,+8.68032818E+00,+5.16387851E+00
+6.45000E-03,+8.68201361E+00,+5.16391809E+00
+6.46500E-03,+8.68358798E+00,+5.16392248E+00
+6.48000E-03,+8.68499251E+00,+5.16402801E+00
+6.49500E-03,+8.68666487E+00,+5.16410716E+00
+6.51000E-03,+8.68799100E+00,+5.16407638E+00
+6.52500E-03,+8.68982014E+00,+5.16411595E+00
+6.54000E-03,+8.69121160E+00,+5.16422148E+00
+6.55500E-03,+8.69256386E+00,+5.16423907E+00
+6.57000E-03,+8.69353070E+00,+5.16414673E+00
+6.58500E-03,+8.69464778E+00,+5.16433140E+00
+6.60000E-03,+8.69583019E+00,+5.16431382E+00
+6.61500E-03,+8.69639200E+00,+5.16418630E+00
+6.63000E-03,+8.69685582E+00,+5.16424786E+00
+6.64500E-03,+8.69715632E+00,+5.16448090E+00
+6.66000E-03,+8.69746336E+00,+5.16467877E+00
+6.67500E-03,+8.69700607E+00,+5.16446771E+00
+6.69000E-03,+8.69664678E+00,+5.16438856E+00
+6.70500E-03,+8.69600658E+00,+5.16430502E+00
+6.72000E-03,+8.69469351E+00,+5.16413794E+00
+6.73500E-03,+8.69341311E+00,+5.16412035E+00
+6.75000E-03,+8.69142065E+00,+5.16424786E+00
+6.76500E-03,+8.68948698E+00,+5.16434020E+00
+6.78000E-03,+8.68695230E+00,+5.16428304E+00
+6.79500E-03,+8.68397341E+00,+5.16430502E+00
+6.81000E-03,+8.68122316E+00,+5.16402801E+00
+6.82500E-03,+8.67851864E+00,+5.16394007E+00
+6.84000E-03,+8.67570959E+00,+5.16381256E+00
+6.85500E-03,+8.67228648E+00,+5.16372462E+00
+6.87000E-03,+8.66927492E+00,+5.16375980E+00
+6.88500E-03,+8.66539452E+00,+5.16368505E+00
+6.90000E-03,+8.66120708E+00,+5.16354434E+00
+6.91500E-03,+8.65660808E+00,+5.16350917E+00
+6.93000E-03,+8.65198296E+00,+5.16347839E+00
+6.94500E-03,+8.64693974E+00,+5.16325854E+00
+6.96000E-03,+8.64270004E+00,+5.16306507E+00
+6.97500E-03,+8.63883271E+00,+5.16297273E+00
+6.99000E-03,+8.63504376E+00,+5.16300351E+00
+7.00500E-03,+8.63153572E+00,+5.16289799E+00
+7.02000E-03,+8.62779251E+00,+5.16283203E+00
+7.03500E-03,+8.62402316E+00,+5.16292877E+00
+7.05000E-03,+8.61978999E+00,+5.16270892E+00
+7.06500E-03,+8.61560909E+00,+5.16256821E+00
+7.08000E-03,+8.61116688E+00,+5.16237914E+00
+7.09500E-03,+8.60667241E+00,+5.16226922E+00
+7.11000E-03,+8.60217140E+00,+5.16215929E+00
+7.12500E-03,+8.59849351E+00,+5.16215929E+00
+7.14000E-03,+8.59519452E+00,+5.16199221E+00
+7.15500E-03,+8.59205884E+00,+5.16193944E+00
+7.17000E-03,+8.58883824E+00,+5.16177676E+00
+7.18500E-03,+8.58546085E+00,+5.16182072E+00
+7.20000E-03,+8.58141060E+00,+5.16169761E+00
+7.21500E-03,+8.57688346E+00,+5.16139422E+00
+7.23000E-03,+8.57233673E+00,+5.16148655E+00
+7.24500E-03,+8.56745683E+00,+5.16135904E+00
+7.26000E-03,+8.56239401E+00,+5.16131507E+00
+7.27500E-03,+8.55831763E+00,+5.16099409E+00
+7.29000E-03,+8.55489452E+00,+5.16097650E+00
+7.30500E-03,+8.55154326E+00,+5.16116118E+00
+7.32000E-03,+8.54869502E+00,+5.16073907E+00
+7.33500E-03,+8.54557241E+00,+5.16073027E+00
+7.35000E-03,+8.54214929E+00,+5.16070829E+00
+7.36500E-03,+8.53837994E+00,+5.16066871E+00
+7.38000E-03,+8.53406185E+00,+5.16043128E+00
+7.39500E-03,+8.52943673E+00,+5.16059397E+00
+7.41000E-03,+8.52472668E+00,+5.16040050E+00
+7.42500E-03,+8.52006889E+00,+5.16026859E+00
+7.44000E-03,+8.51594025E+00,+5.16032135E+00
+7.45500E-03,+8.51196185E+00,+5.16012789E+00
+7.47000E-03,+8.50792467E+00,+5.15989045E+00
+7.48500E-03,+8.50407693E+00,+5.15985088E+00
+7.50000E-03,+8.50034025E+00,+5.15985088E+00
+7.51500E-03,+8.49592417E+00,+5.15963103E+00
+7.53000E-03,+8.49139703E+00,+5.15955628E+00
+7.54500E-03,+8.48651713E+00,+5.15935841E+00
+7.56000E-03,+8.48196386E+00,+5.15926168E+00
+7.57500E-03,+8.47796587E+00,+5.15934522E+00
+7.59000E-03,+8.47352366E+00,+5.15876482E+00
+7.60500E-03,+8.47024427E+00,+5.15904183E+00
+7.62000E-03,+8.46741562E+00,+5.15884397E+00
+7.63500E-03,+8.46444326E+00,+5.15875163E+00
+7.65000E-03,+8.46153623E+00,+5.15859773E+00
+7.66500E-03,+8.45833522E+00,+5.15867248E+00
+7.68000E-03,+8.45484678E+00,+5.15841306E+00
+7.69500E-03,+8.45045683E+00,+5.15821080E+00
+7.71000E-03,+8.44619100E+00,+5.15814485E+00
+7.72500E-03,+8.44112165E+00,+5.15820201E+00
+7.74000E-03,+8.43670557E+00,+5.15809208E+00
+7.75500E-03,+8.43233522E+00,+5.15817123E+00
+7.77000E-03,+8.42836336E+00,+5.15795578E+00
+7.78500E-03,+8.42443723E+00,+5.15796897E+00
+7.80000E-03,+8.42051110E+00,+5.15765238E+00
+7.81500E-03,+8.41658497E+00,+5.15757324E+00
+7.83000E-03,+8.41257392E+00,+5.15732261E+00
+7.84500E-03,+8.40791613E+00,+5.15735779E+00
+7.86000E-03,+8.40366336E+00,+5.15726985E+00
+7.87500E-03,+8.39924728E+00,+5.15699284E+00
+7.89000E-03,+8.39474628E+00,+5.15697525E+00
+7.90500E-03,+8.39134276E+00,+5.15688291E+00
+7.92000E-03,+8.38771713E+00,+5.15677299E+00
+7.93500E-03,+8.38447693E+00,+5.15655314E+00
+7.95000E-03,+8.38108648E+00,+5.15635527E+00
+7.96500E-03,+8.37782015E+00,+5.15644321E+00
+7.98000E-03,+8.37409000E+00,+5.15623655E+00
+7.99500E-03,+8.37068648E+00,+5.15622336E+00
+8.01000E-03,+8.36694326E+00,+5.15589359E+00
+8.02500E-03,+8.36302366E+00,+5.15589359E+00
+8.04000E-03,+8.35892115E+00,+5.15578366E+00
+8.05500E-03,+8.35507341E+00,+5.15576608E+00
+8.07000E-03,+8.35131060E+00,+5.15545389E+00
+8.08500E-03,+8.34775030E+00,+5.15520766E+00
+8.10000E-03,+8.34469954E+00,+5.15523404E+00
+8.11500E-03,+8.34165532E+00,+5.15526042E+00
+8.13000E-03,+8.33795784E+00,+5.15485590E+00
+8.14500E-03,+8.33496588E+00,+5.15508454E+00
+8.16000E-03,+8.33151010E+00,+5.15479434E+00
+8.17500E-03,+8.32794326E+00,+5.15475037E+00
+8.19000E-03,+8.32403020E+00,+5.15460527E+00
+8.20500E-03,+8.31997995E+00,+5.15435464E+00
+8.22000E-03,+8.31592316E+00,+5.15435464E+00
+8.23500E-03,+8.31185331E+00,+5.15435464E+00
+8.25000E-03,+8.30795331E+00,+5.15413480E+00
+8.26500E-03,+8.30430155E+00,+5.15411721E+00
+8.28000E-03,+8.30102869E+00,+5.15387977E+00
+8.29500E-03,+8.29772970E+00,+5.15386218E+00
+8.31000E-03,+8.29437191E+00,+5.15383580E+00
+8.32500E-03,+8.29106638E+00,+5.15371708E+00
+8.34000E-03,+8.28702266E+00,+5.15347964E+00
+8.35500E-03,+8.28295934E+00,+5.15328178E+00
+8.37000E-03,+8.27924879E+00,+5.15312789E+00
+8.38500E-03,+8.27513975E+00,+5.15304874E+00
+8.40000E-03,+8.27130507E+00,+5.15292562E+00
+8.41500E-03,+8.26741814E+00,+5.15278932E+00
+8.43000E-03,+8.26429552E+00,+5.15269698E+00
+8.44500E-03,+8.26129703E+00,+5.15258706E+00
+8.46000E-03,+8.25862517E+00,+5.15234962E+00
+8.47500E-03,+8.25588799E+00,+5.15220012E+00
+8.49000E-03,+8.25346437E+00,+5.15204623E+00
+8.50500E-03,+8.25056387E+00,+5.15188794E+00
+8.52000E-03,+8.24738899E+00,+5.15175603E+00
+8.53500E-03,+8.24365231E+00,+5.15161532E+00
+8.55000E-03,+8.24001362E+00,+5.15147462E+00
+8.56500E-03,+8.23606135E+00,+5.15135590E+00
+8.58000E-03,+8.23186738E+00,+5.15132952E+00
+8.59500E-03,+8.22815683E+00,+5.15131193E+00
+8.61000E-03,+8.22469452E+00,+5.15118442E+00
+8.62500E-03,+8.22123221E+00,+5.15083706E+00
+8.64000E-03,+8.21825985E+00,+5.15085464E+00
+8.65500E-03,+8.21522869E+00,+5.15065238E+00
+8.67000E-03,+8.21247844E+00,+5.15061721E+00
+8.68500E-03,+8.20922517E+00,+5.15060841E+00
+8.70000E-03,+8.20542316E+00,+5.15052927E+00
+8.71500E-03,+8.20158849E+00,+5.15018630E+00
+8.73000E-03,+8.19759050E+00,+5.15027424E+00
+8.74500E-03,+8.19292618E+00,+5.14990929E+00
+8.76000E-03,+8.18854276E+00,+5.15019070E+00
+8.77500E-03,+8.18409402E+00,+5.14973781E+00
+8.79000E-03,+8.18061864E+00,+5.14946080E+00
+8.80500E-03,+8.17689502E+00,+5.14951796E+00
+8.82000E-03,+8.17377241E+00,+5.14952676E+00
+8.83500E-03,+8.17059754E+00,+5.14929811E+00
+8.85000E-03,+8.16733774E+00,+5.14901231E+00
+8.86500E-03,+8.16396688E+00,+5.14898153E+00
+8.88000E-03,+8.16034125E+00,+5.14874849E+00
+8.89500E-03,+8.15644125E+00,+5.14850226E+00
+8.91000E-03,+8.15251512E+00,+5.14831319E+00
+8.92500E-03,+8.14829502E+00,+5.14830879E+00
+8.94000E-03,+8.14460407E+00,+5.14793944E+00
+8.95500E-03,+8.14065834E+00,+5.14775917E+00
+8.97000E-03,+8.13713723E+00,+5.14768442E+00
+8.98500E-03,+8.13389050E+00,+5.14764924E+00
+9.00000E-03,+8.13059151E+00,+5.14753932E+00
+9.01500E-03,+8.12726638E+00,+5.14755691E+00
+9.03000E-03,+8.12371261E+00,+5.14738982E+00
+9.04500E-03,+8.12019804E+00,+5.14725791E+00
+9.06000E-03,+8.11635683E+00,+5.14724032E+00
+9.07500E-03,+8.11259402E+00,+5.14707763E+00
+9.09000E-03,+8.10850457E+00,+5.14698090E+00
+9.10500E-03,+8.10472216E+00,+5.14675665E+00
+9.12000E-03,+8.10114226E+00,+5.14658078E+00
+9.13500E-03,+8.09796085E+00,+5.14631696E+00
+9.15000E-03,+8.09466186E+00,+5.14635213E+00
+9.16500E-03,+8.09209452E+00,+5.14627738E+00
+9.18000E-03,+8.08972316E+00,+5.14599158E+00
+9.19500E-03,+8.08736487E+00,+5.14598279E+00
+9.21000E-03,+8.08469301E+00,+5.14597399E+00
+9.22500E-03,+8.08185784E+00,+5.14560464E+00
+9.24000E-03,+8.07878749E+00,+5.14571897E+00
+9.25500E-03,+8.07511613E+00,+5.14545075E+00
+9.27000E-03,+8.07131412E+00,+5.14532763E+00
+9.28500E-03,+8.06742065E+00,+5.14523090E+00
+9.30000E-03,+8.06350105E+00,+5.14509899E+00
+9.31500E-03,+8.05935281E+00,+5.14512098E+00
+9.33000E-03,+8.05572719E+00,+5.14484836E+00
+9.34500E-03,+8.05226487E+00,+5.14471645E+00
+9.36000E-03,+8.04896588E+00,+5.14458894E+00
+9.37500E-03,+8.04566688E+00,+5.14446143E+00
+9.39000E-03,+8.04269452E+00,+5.14444384E+00
+9.40500E-03,+8.03923221E+00,+5.14424158E+00
+9.42000E-03,+8.03576990E+00,+5.14424158E+00
+9.43500E-03,+8.03175884E+00,+5.14395138E+00
+9.45000E-03,+8.02783271E+00,+5.14380188E+00
+9.46500E-03,+8.02342970E+00,+5.14379748E+00
+9.48000E-03,+8.01965382E+00,+5.14369196E+00
+9.49500E-03,+8.01561010E+00,+5.14339296E+00
+9.51000E-03,+8.01165784E+00,+5.14330062E+00
+9.52500E-03,+8.00830005E+00,+5.14331821E+00
+9.54000E-03,+8.00472668E+00,+5.14322588E+00
+9.55500E-03,+8.00132970E+00,+5.14293128E+00
+9.57000E-03,+7.99741663E+00,+5.14281256E+00
+9.58500E-03,+7.99343824E+00,+5.14278618E+00
+9.60000E-03,+7.98977995E+00,+5.14252676E+00
+9.61500E-03,+7.98587995E+00,+5.14238605E+00
+9.63000E-03,+7.98209754E+00,+5.14231130E+00
+9.64500E-03,+7.97799503E+00,+5.14204309E+00
+9.66000E-03,+7.97481362E+00,+5.14203869E+00
+9.67500E-03,+7.97158648E+00,+5.14180125E+00
+9.69000E-03,+7.96877090E+00,+5.14167374E+00
+9.70500E-03,+7.96622970E+00,+5.14176608E+00
+9.72000E-03,+7.96363623E+00,+5.14160339E+00
+9.73500E-03,+7.96112769E+00,+5.14140113E+00
+9.75000E-03,+7.95812920E+00,+5.14127361E+00
+9.76500E-03,+7.95501965E+00,+5.14127361E+00
+9.78000E-03,+7.95158347E+00,+5.14098341E+00
+9.79500E-03,+7.94814729E+00,+5.14094824E+00
+9.81000E-03,+7.94471111E+00,+5.14101419E+00
+9.82500E-03,+7.94098096E+00,+5.14076796E+00
+9.84000E-03,+7.93768196E+00,+5.14061846E+00
+9.85500E-03,+7.93452668E+00,+5.14061407E+00
+9.87000E-03,+7.93112970E+00,+5.14026670E+00
+9.88500E-03,+7.92845784E+00,+5.14034585E+00
+9.90000E-03,+7.92559653E+00,+5.14010841E+00
+9.91500E-03,+7.92294427E+00,+5.14009083E+00
+9.93000E-03,+7.92016136E+00,+5.13994573E+00
+9.94500E-03,+7.91733925E+00,+5.13964233E+00
+9.96000E-03,+7.91414477E+00,+5.13973467E+00
+9.97500E-03,+7.91024477E+00,+5.13962475E+00
+9.99000E-03,+7.90656035E+00,+5.13946645E+00
+10.00500E-03,+7.90272568E+00,+5.13945326E+00
+10.02000E-03,+7.89872769E+00,+5.13929497E+00
+10.03500E-03,+7.89497141E+00,+5.13908392E+00
+10.05000E-03,+7.89130005E+00,+5.13898718E+00
+10.06500E-03,+7.88775282E+00,+5.13900477E+00
+10.08000E-03,+7.88464980E+00,+5.13869698E+00
+10.09500E-03,+7.88176236E+00,+5.13856067E+00
+10.11000E-03,+7.87881613E+00,+5.13854309E+00
+10.12500E-03,+7.87581764E+00,+5.13874535E+00
+10.14000E-03,+7.87284528E+00,+5.13843316E+00
+10.15500E-03,+7.86927191E+00,+5.13845075E+00
+10.17000E-03,+7.86558749E+00,+5.13813856E+00
+10.18500E-03,+7.86190960E+00,+5.13805502E+00
+10.20000E-03,+7.85785282E+00,+5.13797588E+00
+10.21500E-03,+7.85422719E+00,+5.13787035E+00
+10.23000E-03,+7.85076488E+00,+5.13785276E+00
+10.24500E-03,+7.84753774E+00,+5.13778681E+00
+10.26000E-03,+7.84449352E+00,+5.13774284E+00
+10.27500E-03,+7.84188045E+00,+5.13749221E+00
+10.29000E-03,+7.83936538E+00,+5.13737349E+00
+10.30500E-03,+7.83688297E+00,+5.13741746E+00
+10.32000E-03,+7.83421111E+00,+5.13721520E+00
+10.33500E-03,+7.83171563E+00,+5.13728995E+00
+10.35000E-03,+7.82874980E+00,+5.13698655E+00
+10.36500E-03,+7.82555533E+00,+5.13693819E+00
+10.38000E-03,+7.82230206E+00,+5.13676671E+00
+10.39500E-03,+7.81890508E+00,+5.13676671E+00
+10.41000E-03,+7.81526638E+00,+5.13655125E+00
+10.42500E-03,+7.81202618E+00,+5.13628304E+00
+10.44000E-03,+7.80866186E+00,+5.13632701E+00
+10.45500E-03,+7.80559804E+00,+5.13621708E+00
+10.47000E-03,+7.80255382E+00,+5.13610716E+00
+10.48500E-03,+7.79947040E+00,+5.13586972E+00
+10.50000E-03,+7.79677241E+00,+5.13588731E+00
+10.51500E-03,+7.79423774E+00,+5.13586972E+00
+10.53000E-03,+7.79110206E+00,+5.13555753E+00
+10.54500E-03,+7.78801865E+00,+5.13561030E+00
+10.56000E-03,+7.78451061E+00,+5.13537726E+00
+10.57500E-03,+7.78093071E+00,+5.13531570E+00
+10.59000E-03,+7.77730508E+00,+5.13523216E+00
+10.60500E-03,+7.77367945E+00,+5.13504748E+00
+10.62000E-03,+7.77026287E+00,+5.13497713E+00
+10.63500E-03,+7.76659151E+00,+5.13489799E+00
+10.65000E-03,+7.76352116E+00,+5.13496394E+00
+10.66500E-03,+7.76052267E+00,+5.13478806E+00
+10.68000E-03,+7.75785081E+00,+5.13477047E+00
+10.69500E-03,+7.75502870E+00,+5.13435716E+00
+10.71000E-03,+7.75221965E+00,+5.13443191E+00
+10.72500E-03,+7.74950860E+00,+5.13412851E+00
+10.74000E-03,+7.74620307E+00,+5.13430000E+00
+10.75500E-03,+7.74313925E+00,+5.13412851E+00
+10.77000E-03,+7.73949402E+00,+5.13412851E+00
+10.78500E-03,+7.73590106E+00,+5.13390866E+00
+10.80000E-03,+7.73196839E+00,+5.13390866E+00
+10.81500E-03,+7.72810106E+00,+5.13372839E+00
+10.83000E-03,+7.72476287E+00,+5.13358329E+00
+10.84500E-03,+7.72149654E+00,+5.13350854E+00
+10.86000E-03,+7.71843925E+00,+5.13337663E+00
+10.87500E-03,+7.71560407E+00,+5.13324912E+00
+10.89000E-03,+7.71279503E+00,+5.13315678E+00
+10.90500E-03,+7.71026035E+00,+5.13303366E+00
+10.92000E-03,+7.70717694E+00,+5.13291495E+00
+10.93500E-03,+7.70398247E+00,+5.13273907E+00
+10.95000E-03,+7.70038297E+00,+5.13269949E+00
+10.96500E-03,+7.69645030E+00,+5.13269070E+00
+10.98000E-03,+7.69269402E+00,+5.13249284E+00
+10.99500E-03,+7.68909453E+00,+5.13247964E+00
+11.01000E-03,+7.68514880E+00,+5.13225980E+00
+11.02500E-03,+7.68137292E+00,+5.13212789E+00
+11.04000E-03,+7.67817191E+00,+5.13203995E+00
+11.05500E-03,+7.67521262E+00,+5.13203115E+00
+11.07000E-03,+7.67237744E+00,+5.13203115E+00
+11.08500E-03,+7.66954226E+00,+5.13176294E+00
+11.10000E-03,+7.66664176E+00,+5.13142437E+00
+11.11500E-03,+7.66354528E+00,+5.13144196E+00
+11.13000E-03,+7.66045533E+00,+5.13127047E+00
+11.14500E-03,+7.65685583E+00,+5.13105062E+00
+11.16000E-03,+7.65357644E+00,+5.13105502E+00
+11.17500E-03,+7.64952618E+00,+5.13094070E+00
+11.19000E-03,+7.64627945E+00,+5.13097148E+00
+11.20500E-03,+7.64286287E+00,+5.13066809E+00
+11.22000E-03,+7.63994930E+00,+5.13076042E+00
+11.23500E-03,+7.63678096E+00,+5.13051859E+00
+11.25000E-03,+7.63410910E+00,+5.13017123E+00
+11.26500E-03,+7.63132618E+00,+5.13028115E+00
+11.28000E-03,+7.62870659E+00,+5.13020640E+00
+11.29500E-03,+7.62601513E+00,+5.12995138E+00
+11.31000E-03,+7.62309503E+00,+5.12977110E+00
+11.32500E-03,+7.62009654E+00,+5.12981947E+00
+11.34000E-03,+7.61677141E+00,+5.12951608E+00
+11.35500E-03,+7.61346588E+00,+5.12951168E+00
+11.37000E-03,+7.61028448E+00,+5.12921269E+00
+11.38500E-03,+7.60679603E+00,+5.12912035E+00
+11.40000E-03,+7.60396086E+00,+5.12900603E+00
+11.41500E-03,+7.60096237E+00,+5.12907198E+00
+11.43000E-03,+7.59830357E+00,+5.12875100E+00
+11.44500E-03,+7.59561865E+00,+5.12864108E+00
+11.46000E-03,+7.59331915E+00,+5.12849598E+00
+11.47500E-03,+7.59079754E+00,+5.12847839E+00
+11.49000E-03,+7.58858297E+00,+5.12831570E+00
+11.50500E-03,+7.58623774E+00,+5.12816181E+00
+11.52000E-03,+7.58340257E+00,+5.12806947E+00
+11.53500E-03,+7.58089402E+00,+5.12786281E+00
+11.55000E-03,+7.57776488E+00,+5.12773090E+00
+11.56500E-03,+7.57462920E+00,+5.12753304E+00
+11.58000E-03,+7.57148699E+00,+5.12736595E+00
+11.59500E-03,+7.56797242E+00,+5.12734836E+00
+11.61000E-03,+7.56462116E+00,+5.12700100E+00
+11.62500E-03,+7.56110659E+00,+5.12698341E+00
+11.64000E-03,+7.55797091E+00,+5.12689108E+00
+11.65500E-03,+7.55521413E+00,+5.12687349E+00
+11.67000E-03,+7.55235282E+00,+5.12692625E+00
+11.68500E-03,+7.54992920E+00,+5.12650414E+00
+11.70000E-03,+7.54729000E+00,+5.12649975E+00
+11.71500E-03,+7.54459855E+00,+5.12621394E+00
+11.73000E-03,+7.54254729E+00,+5.12617437E+00
+11.74500E-03,+7.53973171E+00,+5.12599409E+00
+11.76000E-03,+7.53705985E+00,+5.12576105E+00
+11.77500E-03,+7.53406136E+00,+5.12551042E+00
+11.79000E-03,+7.53082116E+00,+5.12530816E+00
+11.80500E-03,+7.52739805E+00,+5.12511470E+00
+11.82000E-03,+7.52377242E+00,+5.12523341E+00
+11.83500E-03,+7.52063674E+00,+5.12492123E+00
+11.85000E-03,+7.51727242E+00,+5.12482889E+00
+11.86500E-03,+7.51394729E+00,+5.12472336E+00
+11.88000E-03,+7.51094880E+00,+5.12467500E+00
+11.89500E-03,+7.50793071E+00,+5.12446834E+00
+11.91000E-03,+7.50464478E+00,+5.12435402E+00
+11.92500E-03,+7.50192066E+00,+5.12419133E+00
+11.94000E-03,+7.49895483E+00,+5.12416495E+00
+11.95500E-03,+7.49579955E+00,+5.12373844E+00
+11.97000E-03,+7.49252669E+00,+5.12379560E+00
+11.98500E-03,+7.48895332E+00,+5.12355816E+00
+12.00000E-03,+7.48565433E+00,+5.12357575E+00
+12.01500E-03,+7.48219202E+00,+5.12346583E+00
+12.03000E-03,+7.47921965E+00,+5.12310088E+00
+12.04500E-03,+7.47583573E+00,+5.12292060E+00
+12.06000E-03,+7.47294830E+00,+5.12273593E+00
+12.07500E-03,+7.46987795E+00,+5.12258643E+00
+12.09000E-03,+7.46733021E+00,+5.12246771E+00
+12.10500E-03,+7.46497192E+00,+5.12217311E+00
+12.12000E-03,+7.46220207E+00,+5.12203681E+00
+12.13500E-03,+7.45955634E+00,+5.12217311E+00
+12.15000E-03,+7.45681262E+00,+5.12197085E+00
+12.16500E-03,+7.45434327E+00,+5.12184334E+00
+12.18000E-03,+7.45130558E+00,+5.12157952E+00
+12.19500E-03,+7.44847041E+00,+5.12136846E+00
+12.21000E-03,+7.44526940E+00,+5.12126733E+00
+12.22500E-03,+7.44227744E+00,+5.12104748E+00
+12.24000E-03,+7.43933121E+00,+5.12081444E+00
+12.25500E-03,+7.43654830E+00,+5.12071771E+00
+12.27000E-03,+7.43347795E+00,+5.12062098E+00
+12.28500E-03,+7.43096940E+00,+5.12060779E+00
+12.30000E-03,+7.42859151E+00,+5.12027801E+00
+12.31500E-03,+7.42578900E+00,+5.12012851E+00
+12.33000E-03,+7.42319553E+00,+5.11983831E+00
+12.34500E-03,+7.42088297E+00,+5.11965804E+00
+12.36000E-03,+7.41828950E+00,+5.11978555E+00
+12.37500E-03,+7.41542820E+00,+5.11939861E+00
+12.39000E-03,+7.41275634E+00,+5.11936344E+00
+12.40500E-03,+7.41035885E+00,+5.11899409E+00
+12.42000E-03,+7.40741262E+00,+5.11890176E+00
+12.43500E-03,+7.40429654E+00,+5.11873907E+00
+12.45000E-03,+7.40161161E+00,+5.11869510E+00
+12.46500E-03,+7.39856739E+00,+5.11850603E+00
+12.48000E-03,+7.39574528E+00,+5.11839610E+00
+12.49500E-03,+7.39274679E+00,+5.11818944E+00
+12.51000E-03,+7.38991161E+00,+5.11812789E+00
+12.52500E-03,+7.38740307E+00,+5.11812349E+00
+12.54000E-03,+7.38452870E+00,+5.11785967E+00
+12.55500E-03,+7.38235986E+00,+5.11774975E+00
+12.57000E-03,+7.37971413E+00,+5.11753869E+00
+12.58500E-03,+7.37708146E+00,+5.11741997E+00
+12.60000E-03,+7.37463172E+00,+5.11733203E+00
+12.61500E-03,+7.37184227E+00,+5.11729686E+00
+12.63000E-03,+7.36947091E+00,+5.11710779E+00
+12.64500E-03,+7.36647895E+00,+5.11695389E+00
+12.66000E-03,+7.36351312E+00,+5.11675603E+00
+12.67500E-03,+7.36032518E+00,+5.11656256E+00
+12.69000E-03,+7.35719604E+00,+5.11628995E+00
+12.70500E-03,+7.35412569E+00,+5.11621520E+00
+12.72000E-03,+7.35114679E+00,+5.11595578E+00
+12.73500E-03,+7.34820056E+00,+5.11569635E+00
+12.75000E-03,+7.34520207E+00,+5.11566118E+00
+12.76500E-03,+7.34250408E+00,+5.11544133E+00
+12.78000E-03,+7.33985835E+00,+5.11529623E+00
+12.79500E-03,+7.33743473E+00,+5.11494447E+00
+12.81000E-03,+7.33457342E+00,+5.11519070E+00
+12.82500E-03,+7.33187543E+00,+5.11500163E+00
+12.84000E-03,+7.32949101E+00,+5.11468505E+00
+12.85500E-03,+7.32651865E+00,+5.11467186E+00
+12.87000E-03,+7.32317393E+00,+5.11461030E+00
+12.88500E-03,+7.31966589E+00,+5.11439045E+00
+12.90000E-03,+7.31636036E+00,+5.11429811E+00
+12.91500E-03,+7.31287192E+00,+5.11420578E+00
+12.93000E-03,+7.30971011E+00,+5.11389359E+00
+12.94500E-03,+7.30623473E+00,+5.11370012E+00
+12.96000E-03,+7.30338649E+00,+5.11359899E+00
+12.97500E-03,+7.30071463E+00,+5.11359459E+00
+12.99000E-03,+7.29806237E+00,+5.11330439E+00
+13.00500E-03,+7.29548850E+00,+5.11340113E+00
+13.02000E-03,+7.29290157E+00,+5.11306256E+00
+13.03500E-03,+7.29082418E+00,+5.11311972E+00
+13.05000E-03,+7.28859654E+00,+5.11293505E+00
+13.06500E-03,+7.28582669E+00,+5.11277236E+00
+13.08000E-03,+7.28372971E+00,+5.11264045E+00
+13.09500E-03,+7.28135182E+00,+5.11250854E+00
+13.11000E-03,+7.27965986E+00,+5.11238103E+00
+13.12500E-03,+7.27807895E+00,+5.11236344E+00
+13.14000E-03,+7.27698800E+00,+5.11234585E+00
+13.15500E-03,+7.27644579E+00,+5.11225351E+00
+13.17000E-03,+7.27595584E+00,+5.11214359E+00
+13.18500E-03,+7.27645885E+00,+5.11240301E+00
+13.20000E-03,+7.27762167E+00,+5.11238542E+00
+13.21500E-03,+7.27890207E+00,+5.11237663E+00
+13.23000E-03,+7.28065282E+00,+5.11248655E+00
+13.24500E-03,+7.28300458E+00,+5.11247336E+00
+13.26000E-03,+7.28565031E+00,+5.11269321E+00
+13.27500E-03,+7.28846589E+00,+5.11275917E+00
+13.29000E-03,+7.29154277E+00,+5.11296583E+00
+13.30500E-03,+7.29481564E+00,+5.11312412E+00
+13.32000E-03,+7.29825182E+00,+5.11344510E+00
+13.33500E-03,+7.30217795E+00,+5.11357261E+00
+13.35000E-03,+7.30714930E+00,+5.11379246E+00
+13.36500E-03,+7.31238850E+00,+5.11412223E+00
+13.38000E-03,+7.31808498E+00,+5.11426294E+00
+13.39500E-03,+7.32371614E+00,+5.11457512E+00
+13.41000E-03,+7.32931463E+00,+5.11467625E+00
+13.42500E-03,+7.33432518E+00,+5.11522148E+00
+13.44000E-03,+7.33912016E+00,+5.11518191E+00
+13.45500E-03,+7.34418950E+00,+5.11566557E+00
+13.47000E-03,+7.34975533E+00,+5.11591620E+00
+13.48500E-03,+7.35572619E+00,+5.11650540E+00
+13.50000E-03,+7.36202368E+00,+5.11665050E+00
+13.51500E-03,+7.36826890E+00,+5.11674284E+00
+13.53000E-03,+7.37402418E+00,+5.11705502E+00
+13.54500E-03,+7.37977945E+00,+5.11742437E+00
+13.56000E-03,+7.38558046E+00,+5.11760904E+00
+13.57500E-03,+7.39174729E+00,+5.11799158E+00
+13.59000E-03,+7.39885483E+00,+5.11851922E+00
+13.60500E-03,+7.40621061E+00,+5.11905565E+00
+13.62000E-03,+7.41340960E+00,+5.11933706E+00
+13.63500E-03,+7.42035383E+00,+5.11963165E+00
+13.65000E-03,+7.42725232E+00,+5.12003618E+00
+13.66500E-03,+7.43492166E+00,+5.12052424E+00
+13.68000E-03,+7.44353825E+00,+5.12127613E+00
+13.69500E-03,+7.45261865E+00,+5.12168944E+00
+13.71000E-03,+7.46081061E+00,+5.12212035E+00
+13.72500E-03,+7.46912669E+00,+5.12238856E+00
+13.74000E-03,+7.47871011E+00,+5.12307449E+00
+13.75500E-03,+7.48937141E+00,+5.12330753E+00
+13.77000E-03,+7.50033975E+00,+5.12401545E+00
+13.78500E-03,+7.51085081E+00,+5.12423530E+00
+13.80000E-03,+7.52197593E+00,+5.12496080E+00
+13.81500E-03,+7.53375433E+00,+5.12541369E+00
+13.83000E-03,+7.54415433E+00,+5.12587977E+00
+13.84500E-03,+7.55394026E+00,+5.12631947E+00
+13.86000E-03,+7.56516990E+00,+5.12679874E+00
+13.87500E-03,+7.57727493E+00,+5.12742311E+00
+13.89000E-03,+7.58793624E+00,+5.12793756E+00
+13.90500E-03,+7.59805533E+00,+5.12859711E+00
+13.92000E-03,+7.61008196E+00,+5.12901922E+00
+13.93500E-03,+7.62260508E+00,+5.12973153E+00
+13.95000E-03,+7.63472970E+00,+5.13019321E+00
+13.96500E-03,+7.64763825E+00,+5.13061093E+00
+13.98000E-03,+7.66113473E+00,+5.13103743E+00
+13.99500E-03,+7.67402367E+00,+5.13153869E+00
+14.01000E-03,+7.68789252E+00,+5.13193002E+00
+14.02500E-03,+7.70289804E+00,+5.13239171E+00
+14.04000E-03,+7.71536890E+00,+5.13291934E+00
+14.05500E-03,+7.72817945E+00,+5.13335904E+00
+14.07000E-03,+7.74276689E+00,+5.13368002E+00
+14.08500E-03,+7.75498950E+00,+5.13412851E+00
+14.10000E-03,+7.76724478E+00,+5.13456821E+00
+14.11500E-03,+7.78113322E+00,+5.13493316E+00
+14.13000E-03,+7.79400257E+00,+5.13544761E+00
+14.14500E-03,+7.80547392E+00,+5.13587412E+00
+14.16000E-03,+7.81821262E+00,+5.13621268E+00
+14.17500E-03,+7.83035030E+00,+5.13650289E+00
+14.19000E-03,+7.84068498E+00,+5.13690741E+00
+14.20500E-03,+7.85183623E+00,+5.13758894E+00
+14.22000E-03,+7.86471864E+00,+5.13760653E+00
+14.23500E-03,+7.87696739E+00,+5.13802864E+00
+14.25000E-03,+7.88790307E+00,+5.13830565E+00
+14.26500E-03,+7.90079854E+00,+5.13880251E+00
+14.28000E-03,+7.91364176E+00,+5.13926419E+00
+14.29500E-03,+7.92412015E+00,+5.13962475E+00
+14.31000E-03,+7.93408246E+00,+5.13981382E+00
+14.32500E-03,+7.94519452E+00,+5.14030628E+00
+14.34000E-03,+7.95594729E+00,+5.14051294E+00
+14.35500E-03,+7.96520407E+00,+5.14094384E+00
+14.37000E-03,+7.97450005E+00,+5.14130439E+00
+14.38500E-03,+7.98548799E+00,+5.14172650E+00
+14.40000E-03,+7.99693322E+00,+5.14186721E+00
+14.41500E-03,+8.00807794E+00,+5.14247839E+00
+14.43000E-03,+8.01910508E+00,+5.14293128E+00
+14.44500E-03,+8.03056990E+00,+5.14325226E+00
+14.46000E-03,+8.04119854E+00,+5.14360841E+00
+14.47500E-03,+8.05053372E+00,+5.14377990E+00
+14.49000E-03,+8.05979050E+00,+5.14413165E+00
+14.50500E-03,+8.07012518E+00,+5.14455377E+00
+14.52000E-03,+8.07923824E+00,+5.14472085E+00
+14.53500E-03,+8.08723422E+00,+5.14511218E+00
+14.55000E-03,+8.09351864E+00,+5.14536281E+00
+14.56500E-03,+8.10157342E+00,+5.14578052E+00
+14.58000E-03,+8.11037945E+00,+5.14605314E+00
+14.59500E-03,+8.11934879E+00,+5.14636532E+00
+14.61000E-03,+8.12750156E+00,+5.14664233E+00
+14.62500E-03,+8.13500105E+00,+5.14687977E+00
+14.64000E-03,+8.14315382E+00,+5.14720954E+00
+14.65500E-03,+8.15190759E+00,+5.14728429E+00
+14.67000E-03,+8.16069402E+00,+5.14781193E+00
+14.68500E-03,+8.16853321E+00,+5.14822964E+00
+14.70000E-03,+8.17556889E+00,+5.14822085E+00
+14.71500E-03,+8.18326437E+00,+5.14875289E+00
+14.73000E-03,+8.19221412E+00,+5.14877487E+00
+14.74500E-03,+8.20087643E+00,+5.14928052E+00
+14.76000E-03,+8.20899000E+00,+5.14946959E+00
+14.77500E-03,+8.21545080E+00,+5.14989170E+00
+14.79000E-03,+8.22154578E+00,+5.15006758E+00
+14.80500E-03,+8.22778447E+00,+5.15029623E+00
+14.82000E-03,+8.23531010E+00,+5.15061721E+00
+14.83500E-03,+8.24256135E+00,+5.15061721E+00
+14.85000E-03,+8.24915934E+00,+5.15068316E+00
+14.86500E-03,+8.25445080E+00,+5.15088542E+00
+14.88000E-03,+8.25948748E+00,+5.15149660E+00
+14.89500E-03,+8.26501412E+00,+5.15161972E+00
+14.91000E-03,+8.27113522E+00,+5.15183078E+00
+14.92500E-03,+8.27800105E+00,+5.15215615E+00
+14.94000E-03,+8.28515432E+00,+5.15226608E+00
+14.95500E-03,+8.29158899E+00,+5.15248593E+00
+14.97000E-03,+8.29753372E+00,+5.15263103E+00
+14.98500E-03,+8.30331512E+00,+5.15300037E+00
+15.00000E-03,+8.30958648E+00,+5.15325540E+00
+15.01500E-03,+8.31585784E+00,+5.15356758E+00
+15.03000E-03,+8.32267140E+00,+5.15369510E+00
+15.04500E-03,+8.32889050E+00,+5.15391495E+00
+15.06000E-03,+8.33456738E+00,+5.15402487E+00
+15.07500E-03,+8.33973472E+00,+5.15435464E+00
+15.09000E-03,+8.34475181E+00,+5.15458329E+00
+15.10500E-03,+8.35007593E+00,+5.15479434E+00
+15.12000E-03,+8.35588346E+00,+5.15509334E+00
+15.13500E-03,+8.36152768E+00,+5.15513731E+00
+15.15000E-03,+8.36766186E+00,+5.15519007E+00
+15.16500E-03,+8.37310356E+00,+5.15550665E+00
+15.18000E-03,+8.37842115E+00,+5.15566495E+00
+15.19500E-03,+8.38312467E+00,+5.15576608E+00
+15.21000E-03,+8.38795231E+00,+5.15597713E+00
+15.22500E-03,+8.39346588E+00,+5.15606947E+00
+15.24000E-03,+8.39905784E+00,+5.15643002E+00
+15.25500E-03,+8.40521160E+00,+5.15647399E+00
+15.27000E-03,+8.41087542E+00,+5.15668944E+00
+15.28500E-03,,
