0.0,8.768
2e-05,8.74694483222104
4e-05,8.72590545370228
6.000000000000001e-05,8.704881852603364
8e-05,8.68387401709281
0.0001,8.662881935348013
0.00012000000000000002,8.641905595555231
0.00014000000000000001,8.620944985909583
0.00016,8.600000094615037
0.00018,8.579070909884411
0.0002,8.55815741993936
0.00022,8.537259613010368
0.00024000000000000003,8.516377477336754
0.00026000000000000003,8.495511001166648
0.00028000000000000003,8.474660172756998
0.00030000000000000003,8.453824980373554
0.00032,8.43300541229087
0.00034,8.412201456792287
0.00036,8.391413102169938
0.00038,8.370640336724733
0.0004,8.349883148766356
0.00042,8.329141526613256
0.00044,8.308415458592643
0.00046,8.287704933040482
0.00048000000000000007,8.267009938301483
0.0005,8.246330462729095
0.0005200000000000001,8.225666494685504
0.00054,8.205018022541621
0.0005600000000000001,8.184385034677078
0.00058,8.163767519480222
0.0006000000000000001,8.143165465348106
0.00062,8.122578860686486
0.00064,8.102007693909812
0.0006600000000000001,8.08145195344122
0.00068,8.06091162771253
0.0007000000000000001,8.040386705164236
0.00072,8.019877174245499
0.0007400000000000001,7.999383023414145
0.00076,7.978904241136654
0.0007800000000000001,7.958440815888153
0.0008,7.937992736152415
0.0008200000000000001,7.9175599904218465
0.00084,7.897142567197485
0.0008600000000000001,7.87674045498899
0.00088,7.856353642314638
0.0009000000000000001,7.835982117701317
0.00092,7.815625869684515
0.0009400000000000001,7.7952848868083215
0.0009600000000000001,7.774959157625414
0.0009800000000000002,7.754648670697056
0.001,7.7343534145930875
0.00102,7.71407337789192
0.0010400000000000001,7.693808549180533
0.0010600000000000002,7.67355891705446
0.00108,7.65332447011779
0.0011,7.633105196983156
0.0011200000000000001,7.612901086271731
0.0011400000000000002,7.592712126613222
0.00116,7.572538306645861
0.00118,7.552379615016402
0.0012000000000000001,7.532236040380111
0.0012200000000000002,7.512107571400762
0.00124,7.49199419675063
0.00126,7.471895905110485
0.00128,7.451812685169585
0.0013000000000000002,7.43174452562567
0.0013200000000000002,7.411691415184956
0.00134,7.391653342562127
0.00136,7.371630296480331
0.0013800000000000002,7.351622265671171
0.0014000000000000002,7.331629238874703
0.00142,7.311651204839423
0.00144,7.291688152322269
0.0014600000000000001,7.271740070088606
0.0014800000000000002,7.251806946912227
0.0015,7.231888771575341
0.00152,7.211985532868571
0.0015400000000000001,7.192097219590945
0.0015600000000000002,7.17222382054989
0.00158,7.152365324561228
0.0016,7.1325217204491675
0.0016200000000000001,7.112692997046297
0.0016400000000000002,7.0928791431935805
0.0016600000000000002,7.073080147740348
0.00168,7.053295999544294
0.0017000000000000001,7.0335266874714675
0.0017200000000000002,7.013772200396266
0.0017400000000000002,6.994032527201432
0.00176,6.974307656778042
0.0017800000000000001,6.954597578025507
0.0018000000000000002,6.934902279851559
0.0018200000000000002,6.915221751172249
0.00184,6.89555598091194
0.00186,6.875904958003302
0.0018800000000000002,6.856268671387301
0.0019000000000000002,6.8366471100132005
0.0019200000000000003,6.817040262838547
0.00194,6.79744811882917
0.0019600000000000004,6.777870666959172
0.00198,6.758307896210927
0.002,6.738759795575067
0.00202,6.719226354050482
0.00204,6.699707560644312
0.00206,6.68020340437194
0.0020800000000000003,6.660713874256985
0.0021000000000000003,6.641238959331301
0.0021200000000000004,6.621778648634963
0.00214,6.602332931216266
0.00216,6.582901796131719
0.00218,6.563485232446037
0.0022,6.544083229232134
0.00222,6.524695775571121
0.0022400000000000002,6.505322860552292
0.0022600000000000003,6.485964473273129
0.0022800000000000003,6.466620602839287
0.0023000000000000004,6.447291238364588
0.00232,6.427976368971024
0.00234,6.408675983788737
0.00236,6.389390071956027
0.00238,6.370118622619334
0.0024000000000000002,6.3508616249332395
0.0024200000000000003,6.3316190680604585
0.0024400000000000003,6.312390941171832
0.0024600000000000004,6.293177233446321
0.00248,6.273977934071002
0.0025,6.254793032241061
0.00252,6.2356225171597846
0.00254,6.216466378038557
0.00256,6.197324604096854
0.0025800000000000003,6.178197184562234
0.0026000000000000003,6.159084108670332
0.0026200000000000004,6.1399853656648595
0.0026400000000000004,6.120900944797591
0.00266,6.101830835328362
0.00268,6.082775026525062
0.0027,6.0637335076636285
0.00272,6.044706268028041
0.0027400000000000002,6.025693296910315
0.0027600000000000003,6.0066945836104955
0.0027800000000000004,5.987710117436651
0.0028000000000000004,5.968739887704871
0.00282,5.949783883739252
0.00284,5.930842094871899
0.00286,5.911914510442918
0.00288,5.893001119800407
0.0029000000000000002,5.874101912300452
0.0029200000000000003,5.855216877307121
0.0029400000000000003,5.836346004192459
0.0029600000000000004,5.817489282336479
0.0029800000000000004,5.79864670112716
0.003,5.779818249960436
0.00302,5.761003918240196
0.00304,5.742203695378275
0.0030600000000000002,5.723417570794445
0.0030800000000000003,5.704645533916415
0.0031000000000000003,5.685887574179822
0.0031200000000000004,5.6671436810282225
0.0031400000000000004,5.648413843913093
0.00316,5.629698052293817
0.00318,5.610996295637684
0.0032,5.592308563419883
0.00322,5.573634845123494
0.0032400000000000003,5.554975130239484
0.0032600000000000003,5.536329408266701
0.0032800000000000004,5.517697668711866
0.0033000000000000004,5.499079901089573
0.0033200000000000005,5.480476094922275
0.00334,5.461886239740283
0.00336,5.443310325081762
0.00338,5.424748340492719
0.0034000000000000002,5.406200275527
0.0034200000000000003,5.387666119746289
0.0034400000000000003,5.369145862720093
0.0034600000000000004,5.350639494025743
0.0034800000000000005,5.332147003248386
0.0035,5.313668379980979
0.00352,5.295203613824282
0.00354,5.276752694386855
0.0035600000000000002,5.258315611285049
0.0035800000000000003,5.239892354143003
0.0036000000000000003,5.221482912592637
0.0036200000000000004,5.203087276273645
0.0036400000000000004,5.18470543483349
0.0036600000000000005,5.166337377927401
0.00368,5.14798309521836
0.0037,5.129642576377106
0.00372,5.111315811082118
0.0037400000000000003,5.093002789019621
0.0037600000000000003,5.07470349988357
0.0037800000000000004,5.05641793337565
0.0038000000000000004,5.03814607920527
0.0038200000000000005,5.019887927089553
0.0038400000000000005,5.001643466753337
0.00386,4.983412687929161
0.00388,4.965195580357267
0.0039000000000000003,4.946992133785589
0.003920000000000001,4.928802337969748
0.00394,4.9106261826730515
0.00396,4.89246365766648
0.00398,4.874314752728684
0.004,4.856179457645982
0.00402,4.838057762212349
0.00404,4.819949656229416
0.00406,4.8018551295064595
0.00408,4.783774171860399
0.0041,4.765706773115791
0.00412,4.747652923104821
0.0041400000000000005,4.7296126116673
0.0041600000000000005,4.71158582865066
0.0041800000000000006,4.693572563909942
0.004200000000000001,4.6755728073078
0.004220000000000001,4.657586548714486
0.004240000000000001,4.639613778007849
0.004260000000000001,4.621654485073331
0.00428,4.6037086598039565
0.0043,4.58577629210033
0.00432,4.567857371870629
0.00434,4.5499518890305986
0.00436,4.532059833503547
0.00438,4.51418119522034
0.0044,4.496315964119392
0.00442,4.478464130146664
0.00444,4.460625683255655
0.00446,4.4428006134074
0.0044800000000000005,4.424988910570459
0.0045000000000000005,4.407190564720919
0.004520000000000001,4.38940556584238
0.004540000000000001,4.3716339039259555
0.004560000000000001,4.353875568970264
0.004580000000000001,4.336130550981424
0.004600000000000001,4.318398839973049
0.00462,4.300680425966239
0.00464,4.282975298989581
0.00466,4.265283449079137
0.00468,4.24760486627844
0.0047,4.229939540638492
0.00472,4.212287462217755
0.00474,4.194648621082145
0.00476,4.177023007305028
0.00478,4.159410610967214
0.0048000000000000004,4.141811422156953
0.0048200000000000005,4.124225430969925
0.0048400000000000006,4.106652627509239
0.004860000000000001,4.089093001885425
0.004880000000000001,4.071546544216431
0.004900000000000001,4.054013244627613
0.004920000000000001,4.036493093251733
0.004940000000000001,4.018986080228952
0.00496,4.001492195706827
0.00498,3.984011429840299
0.005,3.9665437727916966
0.00502,3.9490892147307224
0.00504,3.9316477458344523
0.00506,3.914219356287328
0.00508,3.8968040362811522
0.0051,3.879401776015082
0.00512,3.8620125656956246
0.0051400000000000005,3.8446363955366314
0.0051600000000000005,3.8272732557592923
0.005180000000000001,3.8099231365921304
0.005200000000000001,3.7925860282709962
0.005220000000000001,3.7752619210390628
0.005240000000000001,3.757950805146819
0.005260000000000001,3.740652670852066
0.005280000000000001,3.7233675084199103
0.0053,3.706095308122758
0.00532,3.6888360602403103
0.00534,3.6715897550595575
0.00536,3.654356382874774
0.00538,3.6371359339875124
0.0054,3.619928398706598
0.00542,3.602733767348124
0.00544,3.585552030235444
0.0054600000000000004,3.568383177699171
0.0054800000000000005,3.551227200077166
0.0055000000000000005,3.534084087714537
0.005520000000000001,3.516953830963633
0.005540000000000001,3.499836420184036
0.005560000000000001,3.4827318457425593
0.005580000000000001,3.4656400980132385
0.005600000000000001,3.448561167377328
0.005620000000000001,3.4314950442232965
0.00564,3.414441718946819
0.00566,3.3974011819507735
0.00568,3.380373423645234
0.0057,3.363358434447467
0.00572,3.3463562047819253
0.00574,3.329366725080241
0.00576,3.3123899857812225
0.00578,3.295425977330848
0.0058000000000000005,3.278474690182261
0.0058200000000000005,3.2615361147957618
0.005840000000000001,3.2446102416388074
0.005860000000000001,3.2276970611860016
0.005880000000000001,3.2107965639190916
0.005900000000000001,3.1939087403269624
0.005920000000000001,3.1770335809056314
0.005940000000000001,3.160171076158243
0.005960000000000001,3.1433212165950635
0.00598,3.126483992733475
0.006,3.109659395097971
0.00602,3.092847414220151
0.00604,3.076048040638714
0.00606,3.0592612648994546
0.00608,3.0424870775552573
0.0061,3.0257254691660904
0.0061200000000000004,3.008976430299002
0.0061400000000000005,2.992239951528113
0.0061600000000000005,2.975516023434613
0.006180000000000001,2.958804636606756
0.006200000000000001,2.942105781639852
0.006220000000000001,2.9254194491362653
0.006240000000000001,2.908745629705406
0.006260000000000001,2.8920843139637276
0.006280000000000001,2.8754354925347188
0.006300000000000001,2.8587991560489012
0.00632,2.8421752951438215
0.00634,2.8255639004640476
0.00636,2.8089649626611637
0.00638,2.7923784723937635
0.0064,2.7758044203274457
0.00642,2.7592427971348097
0.00644,2.7426935934954493
0.0064600000000000005,2.726156800095947
0.0064800000000000005,2.70963240762987
0.006500000000000001,2.6931204067977643
0.006520000000000001,2.67662078830715
0.006540000000000001,2.6601335428725146
0.006560000000000001,2.6436586612153095
0.006580000000000001,2.627196134063944
0.006600000000000001,2.6107459521537804
0.006620000000000001,2.594308106227128
0.006640000000000001,2.5778825870332382
0.00666,2.5614693853283006
0.00668,2.545068491875436
0.0067,2.5286798974446922
0.00672,2.5123035928130384
0.00674,2.49593956876436
0.00676,2.4795878160894538
0.0067800000000000004,2.4632483255860227
0.0068000000000000005,2.44692108805867
0.0068200000000000005,2.4306060943188945
0.006840000000000001,2.4143033351850867
0.006860000000000001,2.398012801482521
0.006880000000000001,2.381734484043352
0.006900000000000001,2.3654683737066096
0.006920000000000001,2.3492144613181942
0.006940000000000001,2.33297273773087
0.006960000000000001,2.316743193804261
0.006980000000000001,2.300525820404845
0.007,2.2843206084059497
0.00702,2.268127548687747
0.00704,2.251946632137247
0.00706,2.2357778496482945
0.00708,2.2196211921215623
0.0071,2.2034766504645473
0.0071200000000000005,2.1873442155915646
0.0071400000000000005,2.171223878423742
0.0071600000000000006,2.1551156298890173
0.007180000000000001,2.1390194609221296
0.007200000000000001,2.122935362464617
0.007220000000000001,2.1068633254648104
0.007240000000000001,2.090803340877828
0.007260000000000001,2.0747553996655714
0.007280000000000001,2.0587194927967203
0.007300000000000001,2.042695611246726
0.007320000000000001,2.0266837459978073
0.00734,2.010683888038946
0.00736,1.9946960283658814
0.00738,1.9787201579811045
0.0074,1.9627562678938535
0.00742,1.9468043491201095
0.00744,1.93086439268259
0.0074600000000000005,1.9149363896107447
0.0074800000000000005,1.8990203309407507
0.007500000000000001,1.8831162077155066
0.007520000000000001,1.867224010984628
0.007540000000000001,1.851343731804443
0.007560000000000001,1.8354753612379857
0.007580000000000001,1.8196188903549924
0.007600000000000001,1.8037743102318962
0.007620000000000001,1.7879416119518219
0.007640000000000001,1.7721207866045814
0.007660000000000001,1.7563118252866678
0.007680000000000001,1.7405147191012513
0.0077,1.7247294591581739
0.00772,1.7089560365739438
0.00774,1.6931944424717316
0.00776,1.6774446679813642
0.0077800000000000005,1.6617067042393203
0.0078000000000000005,1.6459805423887255
0.00782,1.6302661735793469
0.007840000000000001,1.6145635889675887
0.00786,1.5988727797164868
0.00788,1.5831937369957039
0.0079,1.5675264519815244
0.00792,1.55187091585685
0.007940000000000001,1.536227119811194
0.00796,1.5205950550406768
0.007980000000000001,1.5049747127480209
0.008,1.4893660841425456
0.008020000000000001,1.4737691604401626
0.00804,1.4581839328633706
0.008060000000000001,1.4426103926412508
0.00808,1.4270485310094614
0.008100000000000001,1.4114983392102332
0.00812,1.3959598084923643
0.008140000000000001,1.3804329301112155
0.00816,1.364917695328705
0.008180000000000002,1.3494140954133038
0.0082,1.3339221216400308
0.00822,1.3184417652904474
0.00824,1.3029730176526533
0.00826,1.287515870021281
0.008280000000000001,1.2720703136974911
0.0083,1.256636339988968
0.008320000000000001,1.2412139402099138
0.00834,1.2258031056810446
0.008360000000000001,1.2104038277295845
0.00838,1.1950160976892619
0.008400000000000001,1.1796399069003036
0.00842,1.1642752467094308
0.008440000000000001,1.1489221084698533
0.00846,1.1335804835412655
0.008480000000000001,1.1182503632898408
0.0085,1.1029317390882276
0.008520000000000002,1.0876246023155436
0.00854,1.0723289443573714
0.00856,1.0570447566057533
0.00858,1.041772030459187
0.0086,1.0265107573226206
0.008620000000000001,1.0112609286074472
0.00864,0.9960225357315007
0.008660000000000001,0.9807955701190507
0.00868,0.9655800232007979
0.008700000000000001,0.950375886413869
0.00872,0.9351831512018121
0.008740000000000001,0.9200018090145915
0.00876,0.9048318513085835
0.008780000000000001,0.8896732695465709
0.0088,0.874526055197739
0.008820000000000001,0.85939019973767
0.00884,0.8442656946483386
0.008860000000000002,0.8291525314181073
0.00888,0.8140507015417215
0.0089,0.7989601965203046
0.00892,0.7838810078613532
0.00894,0.7688131270787325
0.008960000000000001,0.7537565456926716
0.00898,0.7387112552297583
0.009000000000000001,0.7236772472229349
0.00902,0.7086545132114929
0.009040000000000001,0.6936430447410685
0.00906,0.6786428333636381
0.009080000000000001,0.6636538706375129
0.0091,0.6486761481273349
0.009120000000000001,0.6337096574040714
0.00914,0.6187543900450108
0.009160000000000001,0.6038103376337577
0.00918,0.5888774917602281
0.009200000000000002,0.5739558440206448
0.00922,0.5590453860175325
0.00924,0.5441461093597132
0.009260000000000001,0.5292580056623014
0.00928,0.5143810665466996
0.009300000000000001,0.49951528364059306
0.00932,0.4846606485779458
0.009340000000000001,0.4698171529989953
0.00936,0.4549847885502481
0.009380000000000001,0.440163546884475
0.0094,0.4253534196607064
0.009420000000000001,0.41055439854422754
0.00944,0.395766475206574
0.009460000000000001,0.38098964132552665
0.00948,0.3662238885851074
0.009500000000000001,0.3514692086755742
0.00952,0.33672559329341645
0.009540000000000002,0.3219930341413504
0.00956,0.3072715229283144
0.00958,0.2925610513694643
0.009600000000000001,0.27786161118616876
0.00962,0.2631731941060045
0.009640000000000001,0.24849579186275178
0.00966,0.23382939619638973
0.009680000000000001,0.21917399885309163
0.0097,0.20452959158522027
0.009720000000000001,0.18989616615132338
0.00974,0.17527371431612893
0.009760000000000001,0.16066222785054052
0.00978,0.14606169853163278
0.009800000000000001,0.13147211814264664
0.00982,0.11689347847298484
0.009840000000000002,0.1023257713182072
0.00986,0.08776898848002608
0.009880000000000002,0.07322312176630169
0.0099,0.05868816299103756
0.00992,0.044164103974375875
0.009940000000000001,0.02965093654259289
0.00996,0.015148652528094341
0.009980000000000001,0.0006572437694108372
0.01,-0.013823297888806735
0.010020000000000001,-0.028292980595791793
0.01004,-0.042751812494666655
0.010060000000000001,-0.0571998017224471
0.01008,-0.07163695641004697
0.010100000000000001,-0.08606328468228276
0.01012,-0.10047879465787814
0.010140000000000001,-0.11488349444946855
0.01016,-0.1292773921636058
0.010180000000000002,-0.14366049590076255
0.0102,-0.15803281375533698
0.010220000000000002,-0.17239435381565726
0.01024,-0.18674512416398614
0.01026,-0.20108513287652544
0.010280000000000001,-0.21541438802342067
0.0103,-0.22973289766876553
0.010320000000000001,-0.2440406698706065
0.01034,-0.2583377126809473
0.010360000000000001,-0.2726240341457534
0.01038,-0.2868996423049568
0.010400000000000001,-0.30116454519246005
0.01042,-0.3154187508361414
0.010440000000000001,-0.3296622672578588
0.01046,-0.3438951024734546
0.010480000000000001,-0.35811726449276027
0.0105,-0.37232876131960047
0.010520000000000002,-0.38652960095179795
0.01054,-0.40071979138117786
0.010560000000000002,-0.41489934059357225
0.01058,-0.42906825656882464
0.0106,-0.44322654728079447
0.010620000000000001,-0.45737422069736156
0.01064,-0.47151128478043064
0.010660000000000001,-0.4856377474859358
0.01068,-0.49975361676384494
0.010700000000000001,-0.5138589005581644
0.01072,-0.5279536068069431
0.010740000000000001,-0.5420377434422775
0.01076,-0.5561113183903156
0.010780000000000001,-0.5701743395712616
0.0108,-0.5842268148993804
0.010820000000000001,-0.598268752283002
0.01084,-0.6123001596245259
0.010860000000000002,-0.6263210448204256
0.01088,-0.6403314157612531
0.010900000000000002,-0.6543312803316431
0.010920000000000001,-0.6683206464103179
0.01094,-0.6822995218700911
0.010960000000000001,-0.6962679145778732
0.01098,-0.7102258323946745
0.011000000000000001,-0.7241732831756109
0.01102,-0.7381102747699076
0.011040000000000001,-0.7520368150209036
0.01106,-0.7659529117660562
0.011080000000000001,-0.7798585728369454
0.0111,-0.7937538060592783
0.011120000000000001,-0.8076386192528935
0.01114,-0.8215130202317656
0.011160000000000002,-0.8353770168040096
0.01118,-0.8492306167718846
0.011200000000000002,-0.8630738279317995
0.01122,-0.8769066580743164
0.011240000000000002,-0.8907291149841553
0.011260000000000001,-0.9045412064401983
0.01128,-0.9183429402154942
0.011300000000000001,-0.9321343240772629
0.01132,-0.9459153657868996
0.011340000000000001,-0.9596860730999791
0.01136,-0.9734464537662605
0.011380000000000001,-0.9871965155296912
0.0114,-1.0009362661284116
0.011420000000000001,-1.014665713294759
0.01144,-1.0283848647552725
0.011460000000000001,-1.042093728230697
0.01148,-1.0557923114359875
0.011500000000000002,-1.0694806220803137
0.01152,-1.0831586678670642
0.011540000000000002,-1.0968264564938506
0.01156,-1.110483995652512
0.011580000000000002,-1.1241312930291203
0.011600000000000001,-1.1377683563039824
0.01162,-1.1513951931516464
0.011640000000000001,-1.1650118112409051
0.01166,-1.1786182182348006
0.011680000000000001,-1.1922144217906285
0.0117,-1.205800429559942
0.011720000000000001,-1.2193762491885565
0.01174,-1.2329418883165537
0.011760000000000001,-1.2464973545782863
0.01178,-1.2600426556023818
0.011800000000000001,-1.273577799011747
0.01182,-1.2871027924235723
0.011840000000000002,-1.300617643449336
0.01186,-1.3141223596948084
0.011880000000000002,-1.3276169487600564
0.0119,-1.3411014182394478
0.011920000000000002,-1.354575775721655
0.011940000000000001,-1.36804002878966
0.01196,-1.3814941850207578
0.011980000000000001,-1.3949382519865619
0.012,-1.4083722372530072
0.012020000000000001,-1.4217961483803556
0.01204,-1.435209992923199
0.012060000000000001,-1.448613778430464
0.01208,-1.4620075124454168
0.012100000000000001,-1.4753912025056668
0.01212,-1.4887648561431706
0.012140000000000001,-1.5021284808842368
0.01216,-1.51548208424953
0.012180000000000002,-1.528825673754075
0.0122,-1.5421592569072615
0.012220000000000002,-1.5554828412128474
0.012240000000000001,-1.5687964341689635
0.012260000000000002,-1.5821000432681183
0.012280000000000001,-1.5953936759972012
0.0123,-1.6086773398374872
0.012320000000000001,-1.6219510422646413
0.01234,-1.6352147907487224
0.012360000000000001,-1.6484685927541878
0.01238,-1.6617124557398968
0.012400000000000001,-1.6749463871591157
0.01242,-1.6881703944595214
0.012440000000000001,-1.7013844850832058
0.01246,-1.71458866646668
0.012480000000000002,-1.7277829460408787
0.0125,-1.7409673312311635
0.012520000000000002,-1.7541418294573285
0.01254,-1.7673064481336032
0.012560000000000002,-1.7804611946686573
0.012580000000000001,-1.7936060764656048
0.012600000000000002,-1.806741100922008
0.012620000000000001,-1.819866275429882
0.01264,-1.8329816073756984
0.012660000000000001,-1.8460871041403897
0.01268,-1.8591827730993535
0.012700000000000001,-1.8722686216224567
0.01272,-1.885344657074039
0.012740000000000001,-1.8984108868129186
0.01276,-1.9114673181923945
0.012780000000000001,-1.9245139585602518
0.0128,-1.9375508152587653
0.012820000000000002,-1.950577895624704
0.01284,-1.9635952069893348
0.012860000000000002,-1.9766027566784272
0.01288,-1.9896005520122573
0.012900000000000002,-2.0025886003056113
0.012920000000000001,-2.0155669088677897
0.012940000000000002,-2.0285354850026125
0.012960000000000001,-2.0414943360084226
0.01298,-2.0544434691780893
0.013000000000000001,-2.067382891799013
0.01302,-2.0803126111531305
0.013040000000000001,-2.093232634516916
0.01306,-2.106142969161388
0.013080000000000001,-2.119043622352113
0.0131,-2.131934601349208
0.013120000000000001,-2.1448159134073466
0.01314,-2.1576875657757615
0.013160000000000002,-2.170549565698249
0.01318,-2.183401920413174
0.013200000000000002,-2.196244637153473
0.01322,-2.2090777231466587
0.013240000000000002,-2.221901185614824
0.013260000000000001,-2.2347150317746447
0.013280000000000002,-2.2475192688373866
0.013300000000000001,-2.260313904008907
0.01332,-2.273098944489659
0.013340000000000001,-2.285874397474697
0.01336,-2.298640270153679
0.013380000000000001,-2.311396569710873
0.0134,-2.3241433033251573
0.013420000000000001,-2.3368804781700283
0.01344,-2.3496081014136023
0.013460000000000001,-2.362326180218621
0.01348,-2.3750347217424537
0.013500000000000002,-2.3877337331371034
0.01352,-2.400423221549209
0.013540000000000002,-2.4131031941200516
0.013560000000000001,-2.425773657985555
0.013580000000000002,-2.438434620276293
0.013600000000000001,-2.451086088117492
0.013620000000000002,-2.463728068629035
0.013640000000000001,-2.476360568925466
0.01366,-2.488983596115994
0.013680000000000001,-2.5015971573044964
0.0137,-2.5142012595895236
0.013720000000000001,-2.5267959100643025
0.01374,-2.539381115816741
0.013760000000000001,-2.551956883929433
0.01378,-2.5645232214796585
0.013800000000000002,-2.5770801355393926
0.01382,-2.589627633175306
0.013840000000000002,-2.602165721448771
0.01386,-2.614694407415863
0.013880000000000002,-2.6272136981273677
0.013900000000000001,-2.6397236006287823
0.013920000000000002,-2.6522241219603213
0.013940000000000001,-2.6647152691569196
0.013960000000000002,-2.6771970492482366
0.013980000000000001,-2.68966946925866
0.014,-2.7021325362073094
0.014020000000000001,-2.7145862571080417
0.01404,-2.727030638969454
0.014060000000000001,-2.739465688794887
0.01408,-2.75189141358243
0.014100000000000001,-2.764307820324925
0.01412,-2.776714916009969
0.014140000000000002,-2.7891127076199194
0.01416,-2.801501202131898
0.014180000000000002,-2.813880406517794
0.0142,-2.826250327744268
0.014220000000000002,-2.8386109727727575
0.014240000000000001,-2.8509623485594786
0.014260000000000002,-2.8633044620554315
0.014280000000000001,-2.8756373202064034
0.014300000000000002,-2.887960929952973
0.014320000000000001,-2.900275298230514
0.01434,-2.9125804319692006
0.014360000000000001,-2.924876338094008
0.01438,-2.93716302352472
0.014400000000000001,-2.94944049517593
0.01442,-2.9617087599570477
0.014440000000000001,-2.9739678247723003
0.01446,-2.9862176965207374
0.014480000000000002,-2.998458382096236
0.0145,-3.010689888387502
0.014520000000000002,-3.0229122222780767
0.01454,-3.035125390646339
0.014560000000000002,-3.0473294003655096
0.014580000000000001,-3.059524258303655
0.014600000000000002,-3.0717099713236915
0.014620000000000001,-3.083886546283389
0.014640000000000002,-3.096053990035374
0.014660000000000001,-3.108212309427135
0.01468,-3.1203615113010255
0.014700000000000001,-3.132501602494268
0.01472,-3.144632589838957
0.014740000000000001,-3.156754480162064
0.01476,-3.168867280285442
0.014780000000000001,-3.1809709970258266
0.0148,-3.193065637194843
0.014820000000000002,-3.205151207599007
0.01484,-3.2172277150397317
0.014860000000000002,-3.2292951663133285
0.01488,-3.2413535682110126
0.014900000000000002,-3.253402927518907
0.014920000000000001,-3.2654432510180453
0.014940000000000002,-3.277474545484376
0.014960000000000001,-3.289496817688767
0.014980000000000002,-3.301510074397008
0.015000000000000001,-3.313514322369815
0.01502,-3.3255095683628344
0.015040000000000001,-3.3374958191266466
0.01506,-3.3494730814067695
0.015080000000000001,-3.361441361943663
0.0151,-3.373400667472732
0.015120000000000001,-3.3853510047243303
0.01514,-3.397292380423765
0.015160000000000002,-3.4092248012913
0.01518,-3.421148274042159
0.015200000000000002,-3.4330628053865304
0.015220000000000001,-3.444968402029571
0.015240000000000002,-3.4568650706714092
0.015260000000000001,-3.468752818007148
0.015280000000000002,-3.4806316507268713
0.015300000000000001,-3.492501575515645
0.015320000000000002,-3.5043625990535228
0.015340000000000001,-3.5162147280155476
0.015360000000000002,-3.528057969071758
0.015380000000000001,-3.5398923288871904
0.0154,-3.551717814121883
0.015420000000000001,-3.5635344314308792
0.01544,-3.5753421874642326
0.015460000000000002,-3.587141088867009
0.01548,-3.5989311422792927
0.015500000000000002,-3.6107123543361865
0.01552,-3.6224847316678193
0.015540000000000002,-3.634248280899347
0.015560000000000001,-3.646003008650957
0.015580000000000002,-3.6577489215378742
0.015600000000000001,-3.6694860261703606
0.015620000000000002,-3.681214329153722
0.01564,-3.6929338370883107
0.01566,-3.7046445565695296
0.015680000000000003,-3.716346494187836
0.015700000000000002,-3.7280396565287446
0.01572,-3.7397240501728315
0.01574,-3.7513996816957382
0.01576,-3.7630665576681754
0.015780000000000002,-3.774724684655926
0.0158,-3.7863740692198498
0.01582,-3.7980147179158856
0.01584,-3.8096466372950566
0.015860000000000003,-3.821269833903474
0.015880000000000002,-3.8328843142823383
0.0159,-3.844490084967947
0.01592,-3.856087152491694
0.015940000000000003,-3.867675523380077
0.015960000000000002,-3.879255204154698
0.01598,-3.8908262013322696
0.016,-3.902388521424617
0.016020000000000003,-3.913942170938682
0.016040000000000002,-3.9254871563765272
0.01606,-3.9370234842353393
0.01608,-3.9485511610074324
0.0161,-3.9600701931802527
0.016120000000000002,-3.9715805872363803
0.01614,-3.9830823496535355
0.01616,-3.99457548690458
0.01618,-4.006060005457521
0.016200000000000003,-4.017535911775518
0.016220000000000002,-4.02900321231688
0.01624,-4.040461913535075
0.01626,-4.0519120218787315
0.016280000000000003,-4.063353543791642
0.016300000000000002,-4.074786485712767
0.01632,-4.0862108540762385
0.01634,-4.097626655311363
0.016360000000000003,-4.109033895842626
0.016380000000000002,-4.120432582089695
0.0164,-4.131822720467423
0.01642,-4.143204317385854
0.01644,-4.154577379250225
0.016460000000000002,-4.165941912460967
0.01648,-4.177297923413715
0.0165,-4.188645418499305
0.01652,-4.199984404103781
0.016540000000000003,-4.211314886608401
0.016560000000000002,-4.222636872389634
0.01658,-4.233950367819169
0.0166,-4.245255379263917
0.016620000000000003,-4.256551913086015
0.016640000000000002,-4.267839975642826
0.01666,-4.279119573286948
0.01668,-4.290390712366217
0.016700000000000003,-4.301653399223706
0.016720000000000002,-4.31290764019773
0.01674,-4.324153441621856
0.01676,-4.335390809824896
0.01678,-4.34661975113092
0.016800000000000002,-4.357840271859253
0.01682,-4.369052378324483
0.01684,-4.380256076836461
0.01686,-4.391451373700308
0.016880000000000003,-4.4026382752164155
0.016900000000000002,-4.41381678768045
0.01692,-4.424986917383359
0.01694,-4.43614867061137
0.016960000000000003,-4.447302053645998
0.016980000000000002,-4.458447072764047
0.017,-4.469583734237613
0.01702,-4.480712044334091
0.017040000000000003,-4.491832009316173
0.017060000000000002,-4.502943635441858
0.01708,-4.514046928964451
0.0171,-4.525141896132565
0.01712,-4.536228543190131
0.017140000000000002,-4.5473068763763935
0.01716,-4.558376901925922
0.01718,-4.56943862606861
0.0172,-4.580492055029678
0.017220000000000003,-4.591537195029678
0.017240000000000002,-4.602574052284499
0.01726,-4.613602633005367
0.01728,-4.624622943398851
0.017300000000000003,-4.635634989666865
0.017320000000000002,-4.646638778006674
0.01734,-4.657634314610893
0.01736,-4.668621605667495
0.017380000000000003,-4.679600657359813
0.017400000000000002,-4.690571475866541
0.01742,-4.7015340673617425
0.01744,-4.712488438014848
0.01746,-4.723434593990664
0.017480000000000002,-4.734372541449372
0.0175,-4.745302286546536
0.01752,-4.7562238354331035
0.01754,-4.767137194255407
0.017560000000000003,-4.778042369155173
0.017580000000000002,-4.788939366269521
0.0176,-4.799828191730969
0.01762,-4.8107088516674334
0.017640000000000003,-4.82158135220224
0.017660000000000002,-4.8324456994541185
0.01768,-4.843301899537213
0.0177,-4.854149958561081
0.017720000000000003,-4.864989882630698
0.017740000000000002,-4.875821677846464
0.01776,-4.8866453503042
0.01778,-4.897460906095161
0.0178,-4.908268351306031
0.017820000000000003,-4.919067692018929
0.01784,-4.929858934311415
0.01786,-4.940642084256491
0.01788,-4.951417147922603
0.017900000000000003,-4.962184131373649
0.017920000000000002,-4.972943040668978
0.01794,-4.983693881863395
0.01796,-4.994436661007166
0.017980000000000003,-5.005171384146018
0.018000000000000002,-5.015898057321145
0.01802,-5.026616686569212
0.01804,-5.037327277922356
0.018060000000000003,-5.04802983740819
0.018080000000000002,-5.058724371049807
0.0181,-5.069410884865784
0.01812,-5.080089384870185
0.01814,-5.090759877072562
0.018160000000000003,-5.101422367477964
0.01818,-5.1120768620869335
0.0182,-5.1227233668955146
0.01822,-5.133361887895255
0.018240000000000003,-5.143992431073208
0.018260000000000002,-5.15461500241194
0.01828,-5.165229607889528
0.0183,-5.175836253479568
0.018320000000000003,-5.186434945151176
0.018340000000000002,-5.197025688868992
0.01836,-5.207608490593182
0.01838,-5.218183356279443
0.018400000000000003,-5.228750291879007
0.018420000000000002,-5.239309303338641
0.01844,-5.2498603966006545
0.01846,-5.2604035776029
0.01848,-5.2709388522787775
0.018500000000000003,-5.281466226557237
0.018520000000000002,-5.291985706362783
0.01854,-5.302497297615476
0.01856,-5.313001006230939
0.018580000000000003,-5.323496838120358
0.018600000000000002,-5.333984799190485
0.01862,-5.344464895343645
0.01864,-5.354937132477734
0.018660000000000003,-5.365401516486228
0.018680000000000002,-5.375858053258182
0.0187,-5.3863067486782334
0.01872,-5.39674760862661
0.018740000000000003,-5.407180638979127
0.018760000000000002,-5.417605845607195
0.01878,-5.428023234377822
0.0188,-5.438432811153614
0.01882,-5.4488345817927835
0.018840000000000003,-5.459228552149148
0.018860000000000002,-5.469614728072136
0.01888,-5.4799931154067885
0.0189,-5.490363719993765
0.018920000000000003,-5.500726547669345
0.018940000000000002,-5.511081604265429
0.01896,-5.521428895609547
0.01898,-5.531768427524857
0.019000000000000003,-5.542100205830151
0.019020000000000002,-5.552424236339857
0.01904,-5.562740524864045
0.01906,-5.573049077208425
0.019080000000000003,-5.583349899174354
0.019100000000000002,-5.59364299655884
0.01912,-5.603928375154543
0.01914,-5.614206040749778
0.01916,-5.624475999128521
0.019180000000000003,-5.63473825607041
0.019200000000000002,-5.644992817350748
0.01922,-5.655239688740509
0.01924,-5.665478876006338
0.019260000000000003,-5.6757103849105555
0.019280000000000002,-5.685934221211161
0.0193,-5.6961503906618365
0.01932,-5.706358899011949
0.019340000000000003,-5.716559752006555
0.019360000000000002,-5.726752955386401
0.01938,-5.73693851488793
0.0194,-5.747116436243282
0.019420000000000003,-5.757286725180299
0.019440000000000002,-5.767449387422529
0.01946,-5.777604428689226
0.01948,-5.7877518546953555
0.0195,-5.797891671151598
0.019520000000000003,-5.808023883764352
0.019540000000000002,-5.818148498235735
0.01956,-5.828265520263591
0.01958,-5.8383749555414886
0.019600000000000003,-5.848476809758728
0.019620000000000002,-5.8585710886003435
0.01964,-5.8686577977471055
0.01966,-5.878736942875524
0.019680000000000003,-5.888808529657854
0.019700000000000002,-5.898872563762094
0.01972,-5.908929050851994
0.01974,-5.918977996587057
0.019760000000000003,-5.929019406622541
0.019780000000000002,-5.9390532866094645
0.0198,-5.949079642194606
0.01982,-5.959098479020511
0.01984,-5.969109802725494
0.019860000000000003,-5.97911361894364
0.019880000000000002,-5.98910993330481
0.0199,-5.999098751434644
0.01992,-6.009080078954561
0.019940000000000003,-6.019053921481766
0.019960000000000002,-6.029020284629252
0.01998,-6.038979174005801
