-19.95000E-03,-462.46605E-03
-19.92700E-03,-408.18732E-03
-19.90400E-03,-333.25746E-03
-19.88100E-03,-281.38111E-03
-19.85800E-03,-214.84267E-03
-19.83500E-03,-155.36464E-03
-19.81200E-03,-97.87314E-03
-19.78900E-03,-23.61503E-03
-19.76600E-03,+24.54268E-03
-19.74300E-03,+101.10733E-03
-19.72000E-03,+163.51645E-03
-19.69700E-03,+231.80175E-03
-19.67400E-03,+311.51060E-03
-19.65100E-03,+369.77416E-03
-19.62800E-03,+437.99604E-03
-19.60500E-03,+507.10724E-03
-19.58200E-03,+557.04129E-03
-19.55900E-03,+624.36876E-03
-19.53600E-03,+685.55529E-03
-19.51300E-03,+757.38739E-03
-19.49000E-03,+817.27247E-03
-19.46700E-03,+880.33193E-03
-19.44400E-03,+957.15910E-03
-19.42100E-03,+1.01652577E+00
-19.39800E-03,+1.08824431E+00
-19.37500E-03,+1.15953597E+00
-19.35200E-03,+1.21880309E+00
-19.32900E-03,+1.29988418E+00
-19.30600E-03,+1.36717996E+00
-19.28300E-03,+1.43167878E+00
-19.26000E-03,+1.51103514E+00
-19.23700E-03,+1.56076131E+00
-19.21400E-03,+1.63335734E+00
-19.19100E-03,+1.70968310E+00
-19.16800E-03,+1.76999802E+00
-19.14500E-03,+1.84519481E+00
-19.12200E-03,+1.91226495E+00
-19.09900E-03,+1.96907877E+00
-19.07600E-03,+2.04670673E+00
-19.05300E-03,+2.11387566E+00
-19.03000E-03,+2.18813670E+00
-19.00700E-03,+2.27090348E+00
-18.98400E-03,+2.34259406E+00
-18.96100E-03,+2.41857100E+00
-18.93800E-03,+2.50298137E+00
-18.91500E-03,+2.58313779E+00
-18.89200E-03,+2.64288055E+00
-18.86900E-03,+2.71590131E+00
-18.84600E-03,+2.79465972E+00
-18.82300E-03,+2.86151966E+00
-18.80000E-03,+2.93305161E+00
-18.77700E-03,+3.00419728E+00
-18.75400E-03,+3.06836723E+00
-18.73100E-03,+3.14563311E+00
-18.70800E-03,+3.21746751E+00
-18.68500E-03,+3.28952453E+00
-18.66200E-03,+3.36754691E+00
-18.63900E-03,+3.44057808E+00
-18.61600E-03,+3.51378175E+00
-18.59300E-03,+3.59162274E+00
-18.57000E-03,+3.66998074E+00
-18.54700E-03,+3.74570480E+00
-18.52400E-03,+3.81616165E+00
-18.50100E-03,+3.89719557E+00
-18.47800E-03,+3.97056884E+00
-18.45500E-03,+4.03898908E+00
-18.43200E-03,+4.11896411E+00
-18.40900E-03,+4.19270829E+00
-18.38600E-03,+4.25345752E+00
-18.36300E-03,+4.33017407E+00
-18.34000E-03,+4.39922632E+00
-18.31700E-03,+4.46672403E+00
-18.29400E-03,+4.54360433E+00
-18.27100E-03,+4.61385776E+00
-18.24800E-03,+4.68155380E+00
-18.22500E-03,+4.75554797E+00
-18.20200E-03,+4.82632274E+00
-18.17900E-03,+4.89494860E+00
-18.15600E-03,+4.96174080E+00
-18.13300E-03,+5.02657073E+00
-18.11000E-03,+5.10291042E+00
-18.08700E-03,+5.16723751E+00
-18.06400E-03,+5.22895862E+00
-18.04100E-03,+5.30494888E+00
-18.01800E-03,+5.37126907E+00
-17.99500E-03,+5.43633269E+00
-17.97200E-03,+5.48196039E+00
-17.94900E-03,+5.50048555E+00
-17.92600E-03,+5.49118046E+00
-17.90300E-03,+5.47542040E+00
-17.88000E-03,+5.47291410E+00
-17.85700E-03,+5.49603703E+00
-17.83400E-03,+5.54187353E+00
-17.81100E-03,+5.62369731E+00
-17.78800E-03,+5.71462694E+00
-17.76500E-03,+5.80700775E+00
-17.74200E-03,+5.90837129E+00
-17.71900E-03,+6.01844336E+00
-17.69600E-03,+6.12542577E+00
-17.67300E-03,+6.23345594E+00
-17.65000E-03,+6.32040287E+00
-17.62700E-03,+6.41680095E+00
-17.60400E-03,+6.50898846E+00
-17.58100E-03,+6.59414737E+00
-17.55800E-03,+6.68406822E+00
-17.53500E-03,+6.76819323E+00
-17.51200E-03,+6.85462839E+00
-17.48900E-03,+6.93553841E+00
-17.46600E-03,+7.00418805E+00
-17.44300E-03,+7.07643744E+00
-17.42000E-03,+7.14565556E+00
-17.39700E-03,+7.20895471E+00
-17.37400E-03,+7.27609777E+00
-17.35100E-03,+7.34113200E+00
-17.32800E-03,+7.40036002E+00
-17.30500E-03,+7.46664190E+00
-17.28200E-03,+7.52647827E+00
-17.25900E-03,+7.59040635E+00
-17.23600E-03,+7.64966765E+00
-17.21300E-03,+7.71320267E+00
-17.19000E-03,+7.77836300E+00
-17.16700E-03,+7.83954359E+00
-17.14400E-03,+7.91127915E+00
-17.12100E-03,+7.97405553E+00
-17.09800E-03,+8.04092205E+00
-17.07500E-03,+8.11137604E+00
-17.05200E-03,+8.18005004E+00
-17.02900E-03,+8.25594576E+00
-17.00600E-03,+8.32877492E+00
-16.98300E-03,+8.40770362E+00
-16.96000E-03,+8.48646414E+00
-16.93700E-03,+8.57063264E+00
-16.91400E-03,+8.64808443E+00
-16.89100E-03,+8.72107642E+00
-16.86800E-03,+8.80280271E+00
-16.84500E-03,+8.88227632E+00
-16.82200E-03,+8.94703183E+00
-16.79900E-03,+9.00973282E+00
-16.77600E-03,+9.07049099E+00
-16.75300E-03,+9.12399537E+00
-16.73000E-03,+9.17368618E+00
-16.70700E-03,+9.22307452E+00
-16.68400E-03,+9.25629797E+00
-16.66100E-03,+9.29176390E+00
-16.63800E-03,+9.32133362E+00
-16.61500E-03,+9.34183502E+00
-16.59200E-03,+9.35804859E+00
-16.56900E-03,+9.38070030E+00
-16.54600E-03,+9.40733456E+00
-16.52300E-03,+9.43621710E+00
-16.50000E-03,+9.46034351E+00
-16.47700E-03,+9.49589724E+00
-16.45400E-03,+9.53413859E+00
-16.43100E-03,+9.56627442E+00
-16.40800E-03,+9.60282658E+00
-16.38500E-03,+9.64420988E+00
-16.36200E-03,+9.67667613E+00
-16.33900E-03,+9.71954172E+00
-16.31600E-03,+9.76095156E+00
-16.29300E-03,+9.79231542E+00
-16.27000E-03,+9.84147829E+00
-16.24700E-03,+9.88287037E+00
-16.22400E-03,+9.92670786E+00
-16.20100E-03,+9.97278464E+00
-16.17800E-03,+10.00891121E+00
-16.15500E-03,+10.05247654E+00
-16.13200E-03,+10.09354799E+00
-16.10900E-03,+10.13417190E+00
-16.08600E-03,+10.18159149E+00
-16.06300E-03,+10.21072463E+00
-16.04000E-03,+10.23441827E+00
-16.01700E-03,+10.27030521E+00
-15.99400E-03,+10.29763402E+00
-15.97100E-03,+10.31406945E+00
-15.94800E-03,+10.33089438E+00
-15.92500E-03,+10.35357182E+00
-15.90200E-03,+10.37444933E+00
-15.87900E-03,+10.39117389E+00
-15.85600E-03,+10.40542450E+00
-15.83300E-03,+10.41265157E+00
-15.81000E-03,+10.41601699E+00
-15.78700E-03,+10.42061529E+00
-15.76400E-03,+10.42429557E+00
-15.74100E-03,+10.42670386E+00
-15.71800E-03,+10.42953615E+00
-15.69500E-03,+10.43321642E+00
-15.67200E-03,+10.43484894E+00
-15.64900E-03,+10.43650881E+00
-15.62600E-03,+10.43886184E+00
-15.60300E-03,+10.44202075E+00
-15.58000E-03,+10.43828221E+00
-15.55700E-03,+10.43961027E+00
-15.53400E-03,+10.44202075E+00
-15.51100E-03,+10.44003864E+00
-15.48800E-03,+10.43693281E+00
-15.46500E-03,+10.43608482E+00
-15.44200E-03,+10.43650881E+00
-15.41900E-03,+10.43638052E+00
-15.39600E-03,+10.43804039E+00
-15.37300E-03,+10.43979683E+00
-15.35000E-03,+10.44126494E+00
-15.32700E-03,+10.44414072E+00
-15.30400E-03,+10.44668469E+00
-15.28100E-03,+10.44858200E+00
-15.25800E-03,+10.45056630E+00
-15.23500E-03,+10.45435353E+00
-15.21200E-03,+10.45739371E+00
-15.18900E-03,+10.45986984E+00
-15.16600E-03,+10.46401542E+00
-15.14300E-03,+10.46746045E+00
-15.12000E-03,+10.46977956E+00
-15.09700E-03,+10.47436609E+00
-15.07400E-03,+10.47958451E+00
-15.05100E-03,+10.48289906E+00
-15.02800E-03,+10.48819790E+00
-15.00500E-03,+10.49351590E+00
-14.98200E-03,+10.49910306E+00
-14.95900E-03,+10.50328693E+00
-14.93600E-03,+10.50788303E+00
-14.91300E-03,+10.51170637E+00
-14.89000E-03,+10.51621987E+00
-14.86700E-03,+10.51779494E+00
-14.84400E-03,+10.52062723E+00
-14.82100E-03,+10.52300379E+00
-14.79800E-03,+10.52544381E+00
-14.77500E-03,+10.52658012E+00
-14.75200E-03,+10.52811607E+00
-14.72900E-03,+10.52932022E+00
-14.70600E-03,+10.53041303E+00
-14.68300E-03,+10.53179416E+00
-14.66000E-03,+10.53317967E+00
-14.63700E-03,+10.53233168E+00
-14.61400E-03,+10.53152499E+00
-14.59100E-03,+10.53148369E+00
-14.56800E-03,+10.53040044E+00
-14.54500E-03,+10.53037391E+00
-14.52200E-03,+10.53017560E+00
-14.49900E-03,+10.53148369E+00
-14.47600E-03,+10.53275567E+00
-14.45300E-03,+10.53275567E+00
-14.43000E-03,+10.53445165E+00
-14.40700E-03,+10.53487565E+00
-14.38400E-03,+10.53466256E+00
-14.36100E-03,+10.53445165E+00
-14.33800E-03,+10.53452688E+00
-14.31500E-03,+10.53573102E+00
-14.29200E-03,+10.53693517E+00
-14.26900E-03,+10.53826761E+00
-14.24600E-03,+10.54038758E+00
-14.22300E-03,+10.54139560E+00
-14.20000E-03,+10.54269193E+00
-14.17700E-03,+10.54422788E+00
-14.15400E-03,+10.54547552E+00
-14.13100E-03,+10.54717150E+00
-14.10800E-03,+10.54759549E+00
-14.08500E-03,+10.54819648E+00
-14.06200E-03,+10.54982462E+00
-14.03900E-03,+10.55013946E+00
-14.01600E-03,+10.55056346E+00
-13.99300E-03,+10.55122271E+00
-13.97000E-03,+10.55088788E+00
-13.94700E-03,+10.55056346E+00
-13.92400E-03,+10.55013946E+00
-13.90100E-03,+10.54971547E+00
-13.87800E-03,+10.54804820E+00
-13.85500E-03,+10.54801949E+00
-13.83200E-03,+10.54774074E+00
-13.80900E-03,+10.54696059E+00
-13.78600E-03,+10.54632351E+00
-13.76300E-03,+10.54555075E+00
-13.74000E-03,+10.54503675E+00
-13.71700E-03,+10.54414308E+00
-13.69400E-03,+10.54352296E+00
-13.67100E-03,+10.54335554E+00
-13.64800E-03,+10.54250755E+00
-13.62500E-03,+10.54123557E+00
-13.60200E-03,+10.54083592E+00
-13.57900E-03,+10.54000707E+00
-13.55600E-03,+10.53795494E+00
-13.53300E-03,+10.53626114E+00
-13.51000E-03,+10.53434468E+00
-13.48700E-03,+10.53073224E+00
-13.46400E-03,+10.52623051E+00
-13.44100E-03,+10.51765103E+00
-13.41800E-03,+10.50218284E+00
-13.39500E-03,+10.47996987E+00
-13.37200E-03,+10.45518724E+00
-13.34900E-03,+10.43469762E+00
-13.32600E-03,+10.41576528E+00
-13.30300E-03,+10.38501110E+00
-13.28000E-03,+10.34134918E+00
-13.25700E-03,+10.30192940E+00
-13.23400E-03,+10.24617648E+00
-13.21100E-03,+10.20171698E+00
-13.18800E-03,+10.14722779E+00
-13.16500E-03,+10.09455455E+00
-13.14200E-03,+10.03370847E+00
-13.11900E-03,+9.98421713E+00
-13.09600E-03,+9.92708003E+00
-13.07300E-03,+9.87028252E+00
-13.05000E-03,+9.80704161E+00
-13.02700E-03,+9.76125101E+00
-13.00400E-03,+9.70380210E+00
-12.98100E-03,+9.65543664E+00
-12.95800E-03,+9.59878484E+00
-12.93500E-03,+9.55038461E+00
-12.91200E-03,+9.49926995E+00
-12.88900E-03,+9.45184904E+00
-12.86600E-03,+9.40826889E+00
-12.84300E-03,+9.36507749E+00
-12.82000E-03,+9.32846215E+00
-12.79700E-03,+9.28968379E+00
-12.77400E-03,+9.24964257E+00
-12.75100E-03,+9.21654879E+00
-12.72800E-03,+9.17874539E+00
-12.70500E-03,+9.14078719E+00
-12.68200E-03,+9.11229776E+00
-12.65900E-03,+9.07635691E+00
-12.63600E-03,+9.03629786E+00
-12.61300E-03,+9.00536841E+00
-12.59000E-03,+8.96207874E+00
-12.56700E-03,+8.92114822E+00
-12.54400E-03,+8.88479815E+00
-12.52100E-03,+8.83799564E+00
-12.49800E-03,+8.79503951E+00
-12.47500E-03,+8.75024346E+00
-12.45200E-03,+8.70385623E+00
-12.42900E-03,+8.65826308E+00
-12.40600E-03,+8.60691837E+00
-12.38300E-03,+8.55515402E+00
-12.36000E-03,+8.49431618E+00
-12.33700E-03,+8.43089914E+00
-12.31400E-03,+8.36741557E+00
-12.29100E-03,+8.29491156E+00
-12.26800E-03,+8.22392088E+00
-12.24500E-03,+8.15544461E+00
-12.22200E-03,+8.07883545E+00
-12.19900E-03,+8.00011633E+00
-12.17600E-03,+7.92607289E+00
-12.15300E-03,+7.85398113E+00
-12.13000E-03,+7.77094726E+00
-12.10700E-03,+7.69371625E+00
-12.08400E-03,+7.61889701E+00
-12.06100E-03,+7.54237352E+00
-12.03800E-03,+7.46320953E+00
-12.01500E-03,+7.38597113E+00
-11.99200E-03,+7.31075138E+00
-11.96900E-03,+7.23409003E+00
-11.94600E-03,+7.15620934E+00
-11.92300E-03,+7.08202718E+00
-11.90000E-03,+7.00795547E+00
-11.87700E-03,+6.92815092E+00
-11.85400E-03,+6.85274026E+00
-11.83100E-03,+6.77523398E+00
-11.80800E-03,+6.70547310E+00
-11.78500E-03,+6.62598035E+00
-11.76200E-03,+6.54876022E+00
-11.73900E-03,+6.48190991E+00
-11.71600E-03,+6.40344344E+00
-11.69300E-03,+6.32150196E+00
-11.67000E-03,+6.25437637E+00
-11.64700E-03,+6.17590989E+00
-11.62400E-03,+6.09374360E+00
-11.60100E-03,+6.02196973E+00
-11.57800E-03,+5.95612222E+00
-11.55500E-03,+5.88366474E+00
-11.53200E-03,+5.80555658E+00
-11.50900E-03,+5.73190845E+00
-11.48600E-03,+5.66240591E+00
-11.46300E-03,+5.59376784E+00
-11.44000E-03,+5.52119685E+00
-11.41700E-03,+5.44814232E+00
-11.39400E-03,+5.38474137E+00
-11.37100E-03,+5.31245131E+00
-11.34800E-03,+5.24337710E+00
-11.32500E-03,+5.18615996E+00
-11.30200E-03,+5.12828228E+00
-11.27900E-03,+5.09643355E+00
-11.25600E-03,+5.07642839E+00
-11.23300E-03,+5.05767302E+00
-11.21000E-03,+5.02197826E+00
-11.18700E-03,+4.96728419E+00
-11.16400E-03,+4.89972591E+00
-11.14100E-03,+4.82154507E+00
-11.11800E-03,+4.69873739E+00
-11.09500E-03,+4.57755312E+00
-11.07200E-03,+4.46396250E+00
-11.04900E-03,+4.34872806E+00
-11.02600E-03,+4.23233513E+00
-11.00300E-03,+4.12414513E+00
-10.98000E-03,+4.02753255E+00
-10.95700E-03,+3.94323712E+00
-10.93400E-03,+3.87884166E+00
-10.91100E-03,+3.81508072E+00
-10.88800E-03,+3.78319324E+00
-10.86500E-03,+3.72741463E+00
-10.84200E-03,+3.68856585E+00
-10.81900E-03,+3.64164803E+00
-10.79600E-03,+3.59356445E+00
-10.77300E-03,+3.55603713E+00
-10.75000E-03,+3.48743347E+00
-10.72700E-03,+3.41969984E+00
-10.70400E-03,+3.35455344E+00
-10.68100E-03,+3.26234555E+00
-10.65800E-03,+3.16061239E+00
-10.63500E-03,+3.05297071E+00
-10.61200E-03,+2.94083991E+00
-10.58900E-03,+2.82839734E+00
-10.56600E-03,+2.71715189E+00
-10.54300E-03,+2.60641270E+00
-10.52000E-03,+2.49362914E+00
-10.49700E-03,+2.38714036E+00
-10.47400E-03,+2.29131100E+00
-10.45100E-03,+2.20234766E+00
-10.42800E-03,+2.11242283E+00
-10.40500E-03,+2.03961189E+00
-10.38200E-03,+1.95745303E+00
-10.35900E-03,+1.87716570E+00
-10.33600E-03,+1.80132274E+00
-10.31300E-03,+1.72501194E+00
-10.29000E-03,+1.63359430E+00
-10.26700E-03,+1.54048193E+00
-10.24400E-03,+1.46230717E+00
-10.22100E-03,+1.36767673E+00
-10.19800E-03,+1.27141507E+00
-10.17500E-03,+1.17986789E+00
-10.15200E-03,+1.08589978E+00
-10.12900E-03,+992.20555E-03
-10.10600E-03,+897.58808E-03
-10.08300E-03,+818.02227E-03
-10.06000E-03,+747.64399E-03
-10.03700E-03,+659.16779E-03
-10.01400E-03,+573.15725E-03
-9.99100E-03,+517.41255E-03
-9.96800E-03,+440.78476E-03
-9.94500E-03,+372.22005E-03
-9.92200E-03,+312.19466E-03
-9.89900E-03,+238.53393E-03
-9.87600E-03,+181.95330E-03
-9.85300E-03,+112.07518E-03
-9.83000E-03,+47.41429E-03
-9.80700E-03,-7.21789E-03
-9.78400E-03,-80.21469E-03
-9.76100E-03,-133.76417E-03
-9.73800E-03,-203.65891E-03
-9.71500E-03,-266.76599E-03
-9.69200E-03,-327.63629E-03
-9.66900E-03,-399.26983E-03
-9.64600E-03,-460.43643E-03
-9.62300E-03,-532.05799E-03
-9.60000E-03,-592.72594E-03
-9.57700E-03,-652.63567E-03
-9.55400E-03,-720.52758E-03
-9.53100E-03,-773.43508E-03
-9.50800E-03,-847.24505E-03
-9.48500E-03,-913.18134E-03
-9.46200E-03,-980.72299E-03
-9.43900E-03,-1.05362884E+00
-9.41600E-03,-1.11035721E+00
-9.39300E-03,-1.18466981E+00
-9.37000E-03,-1.25905085E+00
-9.34700E-03,-1.31741200E+00
-9.32400E-03,-1.39604718E+00
-9.30100E-03,-1.46975631E+00
-9.27800E-03,-1.53508794E+00
-9.25500E-03,-1.60971629E+00
-9.23200E-03,-1.66932967E+00
-9.20900E-03,-1.73529960E+00
-9.18600E-03,-1.80642961E+00
-9.16300E-03,-1.86342841E+00
-9.14000E-03,-1.94012617E+00
-9.11700E-03,-1.99963348E+00
-9.09400E-03,-2.06626144E+00
-9.07100E-03,-2.14183616E+00
-9.04800E-03,-2.21269512E+00
-9.02500E-03,-2.28468669E+00
-9.00200E-03,-2.36419608E+00
-8.97900E-03,-2.44740487E+00
-8.95600E-03,-2.52855658E+00
-8.93300E-03,-2.60711683E+00
-8.91000E-03,-2.68314638E+00
-8.88700E-03,-2.74619212E+00
-8.86400E-03,-2.81962002E+00
-8.84100E-03,-2.89582628E+00
-8.81800E-03,-2.96521097E+00
-8.79500E-03,-3.03873415E+00
-8.77200E-03,-3.11184446E+00
-8.74900E-03,-3.17317110E+00
-8.72600E-03,-3.24748276E+00
-8.70300E-03,-3.32327890E+00
-8.68000E-03,-3.39311318E+00
-8.65700E-03,-3.47291766E+00
-8.63400E-03,-3.55697135E+00
-8.61100E-03,-3.62835177E+00
-8.58800E-03,-3.70351882E+00
-8.56500E-03,-3.78328413E+00
-8.54200E-03,-3.85970039E+00
-8.51900E-03,-3.93860169E+00
-8.49600E-03,-4.01576690E+00
-8.47300E-03,-4.09660040E+00
-8.45000E-03,-4.16077290E+00
-8.42700E-03,-4.23469139E+00
-8.40400E-03,-4.31011255E+00
-8.38100E-03,-4.37949603E+00
-8.35800E-03,-4.45191896E+00
-8.33500E-03,-4.52699353E+00
-8.31200E-03,-4.59226627E+00
-8.28900E-03,-4.66458744E+00
-8.26600E-03,-4.73776654E+00
-8.24300E-03,-4.79800156E+00
-8.22000E-03,-4.87326080E+00
-8.19700E-03,-4.94420647E+00
-8.17400E-03,-5.00979122E+00
-8.15100E-03,-5.08667242E+00
-8.12800E-03,-5.14774842E+00
-8.10500E-03,-5.21679634E+00
-8.08200E-03,-5.28943395E+00
-8.05900E-03,-5.35025704E+00
-8.03600E-03,-5.42577283E+00
-8.01300E-03,-5.49960933E+00
-7.99000E-03,-5.55642372E+00
-7.96700E-03,-5.60613100E+00
-7.94400E-03,-5.61645359E+00
-7.92100E-03,-5.60133406E+00
-7.89800E-03,-5.58588463E+00
-7.87500E-03,-5.58779127E+00
-7.85200E-03,-5.61480487E+00
-7.82900E-03,-5.66300436E+00
-7.80600E-03,-5.75051572E+00
-7.78300E-03,-5.84562627E+00
-7.76000E-03,-5.93819690E+00
-7.73700E-03,-6.04205225E+00
-7.71400E-03,-6.14904422E+00
-7.69100E-03,-6.25588020E+00
-7.66800E-03,-6.36037287E+00
-7.64500E-03,-6.45022064E+00
-7.62200E-03,-6.54220749E+00
-7.59900E-03,-6.63559459E+00
-7.57600E-03,-6.72492496E+00
-7.55300E-03,-6.81828865E+00
-7.53000E-03,-6.90941460E+00
-7.50700E-03,-6.98789930E+00
-7.48400E-03,-7.06828684E+00
-7.46100E-03,-7.14746809E+00
-7.43800E-03,-7.21654296E+00
-7.41500E-03,-7.28041691E+00
-7.39200E-03,-7.35057004E+00
-7.36900E-03,-7.41028334E+00
-7.34600E-03,-7.47775492E+00
-7.32300E-03,-7.53769587E+00
-7.30000E-03,-7.59843130E+00
-7.27700E-03,-7.66530784E+00
-7.25400E-03,-7.72455487E+00
-7.23100E-03,-7.79307461E+00
-7.20800E-03,-7.85213174E+00
-7.18500E-03,-7.91849232E+00
-7.16200E-03,-7.98229915E+00
-7.13900E-03,-8.04865663E+00
-7.11600E-03,-8.11849064E+00
-7.09300E-03,-8.18402426E+00
-7.07000E-03,-8.25661554E+00
-7.04700E-03,-8.32906661E+00
-7.02400E-03,-8.40114457E+00
-7.00100E-03,-8.48571783E+00
-6.97800E-03,-8.56948347E+00
-6.95500E-03,-8.64656242E+00
-6.93200E-03,-8.72740549E+00
-6.90900E-03,-8.80475935E+00
-6.88600E-03,-8.88189896E+00
-6.86300E-03,-8.95422488E+00
-6.84000E-03,-9.02523771E+00
-6.81700E-03,-9.10106304E+00
-6.79400E-03,-9.16435057E+00
-6.77100E-03,-9.22549397E+00
-6.74800E-03,-9.28549871E+00
-6.72500E-03,-9.33244150E+00
-6.70200E-03,-9.37244323E+00
-6.67900E-03,-9.42148045E+00
-6.65600E-03,-9.44455125E+00
-6.63300E-03,-9.46232726E+00
-6.61000E-03,-9.48553664E+00
-6.58700E-03,-9.51642999E+00
-6.56400E-03,-9.53737652E+00
-6.54100E-03,-9.55204460E+00
-6.51800E-03,-9.58024327E+00
-6.49500E-03,-9.62023448E+00
-6.47200E-03,-9.64876418E+00
-6.44900E-03,-9.67634705E+00
-6.42600E-03,-9.72238432E+00
-6.40300E-03,-9.75905687E+00
-6.38000E-03,-9.78430572E+00
-6.35700E-03,-9.83046698E+00
-6.33400E-03,-9.87198048E+00
-6.31100E-03,-9.90752704E+00
-6.28800E-03,-9.95431913E+00
-6.26500E-03,-9.99684904E+00
-6.24200E-03,-10.04602603E+00
-6.21900E-03,-10.08567394E+00
-6.19600E-03,-10.12231237E+00
-6.17300E-03,-10.17083962E+00
-6.15000E-03,-10.20498613E+00
-6.12700E-03,-10.24460091E+00
-6.10400E-03,-10.29388823E+00
-6.08100E-03,-10.32831564E+00
-6.05800E-03,-10.36917492E+00
-6.03500E-03,-10.40302473E+00
-6.01200E-03,-10.42036193E+00
-5.98900E-03,-10.43768315E+00
-5.96600E-03,-10.46175222E+00
-5.94300E-03,-10.49079695E+00
-5.92000E-03,-10.51061243E+00
-5.89700E-03,-10.52233808E+00
-5.87400E-03,-10.52969863E+00
-5.85100E-03,-10.53717576E+00
-5.82800E-03,-10.54358129E+00
-5.80500E-03,-10.54838833E+00
-5.78200E-03,-10.55702086E+00
-5.75900E-03,-10.56544248E+00
-5.73600E-03,-10.57075089E+00
-5.71300E-03,-10.57798103E+00
-5.69000E-03,-10.58603908E+00
-5.66700E-03,-10.58928054E+00
-5.64400E-03,-10.59300001E+00
-5.62100E-03,-10.60068494E+00
-5.59800E-03,-10.59740116E+00
-5.57500E-03,-10.59867413E+00
-5.55200E-03,-10.60261836E+00
-5.52900E-03,-10.60059915E+00
-5.50600E-03,-10.59598395E+00
-5.48300E-03,-10.59352790E+00
-5.46000E-03,-10.59388834E+00
-5.43700E-03,-10.59299902E+00
-5.41400E-03,-10.59364135E+00
-5.39100E-03,-10.59613230E+00
-5.36800E-03,-10.59938859E+00
-5.34500E-03,-10.60222087E+00
-5.32200E-03,-10.60485919E+00
-5.29900E-03,-10.60775932E+00
-5.27600E-03,-10.60981145E+00
-5.25300E-03,-10.61143004E+00
-5.23000E-03,-10.61433972E+00
-5.20700E-03,-10.61667062E+00
-5.18400E-03,-10.61738293E+00
-5.16100E-03,-10.61993431E+00
-5.13800E-03,-10.62254826E+00
-5.11500E-03,-10.62416899E+00
-5.09200E-03,-10.62532012E+00
-5.06900E-03,-10.62798495E+00
-5.04600E-03,-10.63033281E+00
-5.02300E-03,-10.63068896E+00
-5.00000E-03,-10.63250152E+00
-4.97700E-03,-10.63479324E+00
-4.95400E-03,-10.63642138E+00
-4.93100E-03,-10.63804952E+00
-4.90800E-03,-10.64016735E+00
-4.88500E-03,-10.64282477E+00
-4.86200E-03,-10.64442426E+00
-4.83900E-03,-10.64753004E+00
-4.81600E-03,-10.65000618E+00
-4.79300E-03,-10.65281195E+00
-4.77000E-03,-10.65453444E+00
-4.74700E-03,-10.65847653E+00
-4.72400E-03,-10.66058695E+00
-4.70100E-03,-10.66529650E+00
-4.67800E-03,-10.66865027E+00
-4.65500E-03,-10.67157904E+00
-4.63200E-03,-10.66896723E+00
-4.60900E-03,-10.66678369E+00
-4.58600E-03,-10.66501560E+00
-4.56300E-03,-10.66472201E+00
-4.54000E-03,-10.66400228E+00
-4.51700E-03,-10.66329839E+00
-4.49400E-03,-10.66758394E+00
-4.47100E-03,-10.66917602E+00
-4.44800E-03,-10.67139248E+00
-4.42500E-03,-10.67598859E+00
-4.40200E-03,-10.67507276E+00
-4.37900E-03,-10.67547238E+00
-4.35600E-03,-10.67705706E+00
-4.33300E-03,-10.67819550E+00
-4.31000E-03,-10.67904135E+00
-4.28700E-03,-10.68343180E+00
-4.26400E-03,-10.68657891E+00
-4.24100E-03,-10.69108067E+00
-4.21800E-03,-10.69521145E+00
-4.19500E-03,-10.69836811E+00
-4.17200E-03,-10.70114210E+00
-4.14900E-03,-10.70315819E+00
-4.12600E-03,-10.70600002E+00
-4.10300E-03,-10.70683846E+00
-4.08000E-03,-10.70769600E+00
-4.05700E-03,-10.70882276E+00
-4.03400E-03,-10.70960291E+00
-4.01100E-03,-10.71023997E+00
-3.98800E-03,-10.70996648E+00
-3.96500E-03,-10.71065655E+00
-3.94200E-03,-10.71023997E+00
-3.91900E-03,-10.70968771E+00
-3.89600E-03,-10.70877188E+00
-3.87300E-03,-10.70753595E+00
-3.85000E-03,-10.70717979E+00
-3.82700E-03,-10.70635089E+00
-3.80400E-03,-10.70430404E+00
-3.78100E-03,-10.70336597E+00
-3.75800E-03,-10.70176007E+00
-3.73500E-03,-10.70055806E+00
-3.71200E-03,-10.69921610E+00
-3.68900E-03,-10.69862677E+00
-3.66600E-03,-10.69667213E+00
-3.64300E-03,-10.69483519E+00
-3.62000E-03,-10.69285617E+00
-3.59700E-03,-10.69077225E+00
-3.57400E-03,-10.68654185E+00
-3.55100E-03,-10.68250541E+00
-3.52800E-03,-10.67844035E+00
-3.50500E-03,-10.67188858E+00
-3.48200E-03,-10.66248544E+00
-3.45900E-03,-10.65364410E+00
-3.43600E-03,-10.64550126E+00
-3.41300E-03,-10.63551407E+00
-3.39000E-03,-10.62324685E+00
-3.36700E-03,-10.60393603E+00
-3.34400E-03,-10.57314343E+00
-3.32100E-03,-10.54035588E+00
-3.29800E-03,-10.51528929E+00
-3.27500E-03,-10.47527166E+00
-3.25200E-03,-10.42689908E+00
-3.22900E-03,-10.38761175E+00
-3.20600E-03,-10.32923825E+00
-3.18300E-03,-10.27858887E+00
-3.16000E-03,-10.21698134E+00
-3.13700E-03,-10.16719375E+00
-3.11400E-03,-10.10799238E+00
-3.09100E-03,-10.05392241E+00
-3.06800E-03,-9.99675409E+00
-3.04500E-03,-9.94505643E+00
-3.02200E-03,-9.88595256E+00
-2.99900E-03,-9.83464176E+00
-2.97600E-03,-9.78096502E+00
-2.95300E-03,-9.73914429E+00
-2.93000E-03,-9.67967265E+00
-2.90700E-03,-9.63353136E+00
-2.88400E-03,-9.58689617E+00
-2.86100E-03,-9.54265863E+00
-2.83800E-03,-9.49535672E+00
-2.81500E-03,-9.45337799E+00
-2.79200E-03,-9.42304858E+00
-2.76900E-03,-9.37604878E+00
-2.74600E-03,-9.33487459E+00
-2.72300E-03,-9.30143941E+00
-2.70000E-03,-9.25980735E+00
-2.67700E-03,-9.22153012E+00
-2.65400E-03,-9.18972837E+00
-2.63100E-03,-9.14932910E+00
-2.60800E-03,-9.10637418E+00
-2.58500E-03,-9.06180912E+00
-2.56200E-03,-9.02363365E+00
-2.53900E-03,-8.99156163E+00
-2.51600E-03,-8.94631501E+00
-2.49300E-03,-8.90515462E+00
-2.47000E-03,-8.87223565E+00
-2.44700E-03,-8.82681310E+00
-2.42400E-03,-8.77528498E+00
-2.40100E-03,-8.72988147E+00
-2.37800E-03,-8.67921409E+00
-2.35500E-03,-8.61587245E+00
-2.33200E-03,-8.54886533E+00
-2.30900E-03,-8.48643101E+00
-2.28600E-03,-8.41421198E+00
-2.26300E-03,-8.33110684E+00
-2.24000E-03,-8.25418669E+00
-2.21700E-03,-8.18558539E+00
-2.19400E-03,-8.10340458E+00
-2.17100E-03,-8.01642518E+00
-2.14800E-03,-7.94516645E+00
-2.12500E-03,-7.87267922E+00
-2.10200E-03,-7.78809541E+00
-2.07900E-03,-7.71437750E+00
-2.05600E-03,-7.64128501E+00
-2.03300E-03,-7.56454300E+00
-2.01000E-03,-7.48662648E+00
-1.98700E-03,-7.41512609E+00
-1.96400E-03,-7.34682369E+00
-1.94100E-03,-7.26740095E+00
-1.91800E-03,-7.19268879E+00
-1.89500E-03,-7.12290875E+00
-1.87200E-03,-7.04674654E+00
-1.84900E-03,-6.96675034E+00
-1.82600E-03,-6.89493726E+00
-1.80300E-03,-6.82051554E+00
-1.78000E-03,-6.73591901E+00
-1.75700E-03,-6.65182491E+00
-1.73400E-03,-6.57952316E+00
-1.71100E-03,-6.50171902E+00
-1.68800E-03,-6.42230900E+00
-1.66500E-03,-6.34655170E+00
-1.64200E-03,-6.26979377E+00
-1.61900E-03,-6.19253764E+00
-1.59600E-03,-6.12145912E+00
-1.57300E-03,-6.05154871E+00
-1.55000E-03,-5.97697965E+00
-1.52700E-03,-5.90196116E+00
-1.50400E-03,-5.83650375E+00
-1.48100E-03,-5.76414795E+00
-1.45800E-03,-5.69771112E+00
-1.43500E-03,-5.62560547E+00
-1.41200E-03,-5.55240698E+00
-1.38900E-03,-5.48290042E+00
-1.36600E-03,-5.41385390E+00
-1.34300E-03,-5.34044341E+00
-1.32000E-03,-5.27892916E+00
-1.29700E-03,-5.21527373E+00
-1.27400E-03,-5.18568736E+00
-1.25100E-03,-5.16289657E+00
-1.22800E-03,-5.14249075E+00
-1.20500E-03,-5.10873439E+00
-1.18200E-03,-5.05358430E+00
-1.15900E-03,-4.98508261E+00
-1.13600E-03,-4.89644751E+00
-1.11300E-03,-4.77602446E+00
-1.09000E-03,-4.66233233E+00
-1.06700E-03,-4.55243071E+00
-1.04400E-03,-4.43578015E+00
-1.02100E-03,-4.31332722E+00
-998.00E-06,-4.20667341E+00
-975.00E-06,-4.11676635E+00
-952.00E-06,-4.03304006E+00
-929.00E-06,-3.96745757E+00
-906.00E-06,-3.90696516E+00
-883.00E-06,-3.86104862E+00
-860.00E-06,-3.80727653E+00
-837.00E-06,-3.77900878E+00
-814.00E-06,-3.72220405E+00
-791.00E-06,-3.68297393E+00
-768.00E-06,-3.62524274E+00
-745.00E-06,-3.57167524E+00
-722.00E-06,-3.49320858E+00
-699.00E-06,-3.41768127E+00
-676.00E-06,-3.33149792E+00
-653.00E-06,-3.23062636E+00
-630.00E-06,-3.12163420E+00
-607.00E-06,-3.00638599E+00
-584.00E-06,-2.88889590E+00
-561.00E-06,-2.77714036E+00
-538.00E-06,-2.66791395E+00
-515.00E-06,-2.55532315E+00
-492.00E-06,-2.44717265E+00
-469.00E-06,-2.34904433E+00
-446.00E-06,-2.26254834E+00
-423.00E-06,-2.17126755E+00
-400.00E-06,-2.08868706E+00
-377.00E-06,-2.01466281E+00
-354.00E-06,-1.94078388E+00
-331.00E-06,-1.85415638E+00
-308.00E-06,-1.77824744E+00
-285.00E-06,-1.70191457E+00
-262.00E-06,-1.61435436E+00
-239.00E-06,-1.52146343E+00
-216.00E-06,-1.42183514E+00
-193.00E-06,-1.31852347E+00
-170.00E-06,-1.23150058E+00
-147.00E-06,-1.14547094E+00
-124.00E-06,-1.05484839E+00
-101.00E-06,-965.96640E-03
-78.00E-06,-869.71743E-03
-55.00E-06,-785.69426E-03
-32.00E-06,-725.67038E-03
-9.00E-06,-646.10572E-03
+14.00E-06,-565.22754E-03
+37.00E-06,-512.06491E-03
+60.00E-06,-433.30901E-03
+83.00E-06,-374.02168E-03
+106.00E-06,-317.00083E-03
+129.00E-06,-247.17300E-03
+152.00E-06,-196.93071E-03
+175.00E-06,-127.15809E-03
+198.00E-06,-73.83323E-03
+221.00E-06,+14.93E-06
+244.00E-06,+54.82803E-03
+267.00E-06,+117.94704E-03
+290.00E-06,+197.71857E-03
+313.00E-06,+261.21926E-03
+336.00E-06,+330.17454E-03
+359.00E-06,+402.93323E-03
+382.00E-06,+460.42157E-03
+405.00E-06,+532.20920E-03
+428.00E-06,+575.97931E-03
+451.00E-06,+651.05182E-03
+474.00E-06,+723.88680E-03
+497.00E-06,+775.97872E-03
+520.00E-06,+848.81268E-03
+543.00E-06,+909.42278E-03
+566.00E-06,+984.35955E-03
+589.00E-06,+1.05302352E+00
+612.00E-06,+1.11203408E+00
+635.00E-06,+1.19320994E+00
+658.00E-06,+1.25957058E+00
+681.00E-06,+1.32532786E+00
+704.00E-06,+1.40096435E+00
+727.00E-06,+1.47267468E+00
+750.00E-06,+1.53001669E+00
+773.00E-06,+1.59731115E+00
+796.00E-06,+1.66633753E+00
+819.00E-06,+1.73850671E+00
+842.00E-06,+1.80342890E+00
+865.00E-06,+1.87076563E+00
+888.00E-06,+1.94271965E+00
+911.00E-06,+1.99908035E+00
+934.00E-06,+2.07220139E+00
+957.00E-06,+2.15117051E+00
+980.00E-06,+2.22550641E+00
+1.00300E-03,+2.29558101E+00
+1.02600E-03,+2.38068849E+00
+1.04900E-03,+2.46182636E+00
+1.07200E-03,+2.53577210E+00
+1.09500E-03,+2.60824333E+00
+1.11800E-03,+2.68412056E+00
+1.14100E-03,+2.74985353E+00
+1.16400E-03,+2.82529594E+00
+1.18700E-03,+2.90056784E+00
+1.21000E-03,+2.96183406E+00
+1.23300E-03,+3.03495619E+00
+1.25600E-03,+3.10363073E+00
+1.27900E-03,+3.17058691E+00
+1.30200E-03,+3.24909272E+00
+1.32500E-03,+3.32158111E+00
+1.34800E-03,+3.38701834E+00
+1.37100E-03,+3.47001217E+00
+1.39400E-03,+3.54611400E+00
+1.41700E-03,+3.61558344E+00
+1.44000E-03,+3.69769004E+00
+1.46300E-03,+3.77685096E+00
+1.48600E-03,+3.84358256E+00
+1.50900E-03,+3.92368147E+00
+1.53200E-03,+4.00252126E+00
+1.55500E-03,+4.07481035E+00
+1.57800E-03,+4.14663499E+00
+1.60100E-03,+4.22622300E+00
+1.62400E-03,+4.28845505E+00
+1.64700E-03,+4.35820737E+00
+1.67000E-03,+4.43604232E+00
+1.69300E-03,+4.50178704E+00
+1.71600E-03,+4.57176838E+00
+1.73900E-03,+4.64637032E+00
+1.76200E-03,+4.71060241E+00
+1.78500E-03,+4.78070568E+00
+1.80800E-03,+4.85395616E+00
+1.83100E-03,+4.91533256E+00
+1.85400E-03,+4.98434198E+00
+1.87700E-03,+5.05156010E+00
+1.90000E-03,+5.11845265E+00
+1.92300E-03,+5.19087309E+00
+1.94600E-03,+5.24833401E+00
+1.96900E-03,+5.32347433E+00
+1.99200E-03,+5.39716268E+00
+2.01500E-03,+5.45309486E+00
+2.03800E-03,+5.49425616E+00
+2.06100E-03,+5.50455806E+00
+2.08400E-03,+5.49548345E+00
+2.10700E-03,+5.47897203E+00
+2.13000E-03,+5.48373576E+00
+2.15300E-03,+5.51665697E+00
+2.17600E-03,+5.57306231E+00
+2.19900E-03,+5.65452443E+00
+2.22200E-03,+5.74614771E+00
+2.24500E-03,+5.84674483E+00
+2.26800E-03,+5.95236093E+00
+2.29100E-03,+6.05381865E+00
+2.31400E-03,+6.15908925E+00
+2.33700E-03,+6.26649341E+00
+2.36000E-03,+6.34585686E+00
+2.38300E-03,+6.44042568E+00
+2.40600E-03,+6.53341514E+00
+2.42900E-03,+6.62689334E+00
+2.45200E-03,+6.71610819E+00
+2.47500E-03,+6.80152952E+00
+2.49800E-03,+6.88736516E+00
+2.52100E-03,+6.96327385E+00
+2.54400E-03,+7.03605900E+00
+2.56700E-03,+7.10687149E+00
+2.59000E-03,+7.17430463E+00
+2.61300E-03,+7.23960518E+00
+2.63600E-03,+7.29839738E+00
+2.65900E-03,+7.36858769E+00
+2.68200E-03,+7.42397306E+00
+2.70500E-03,+7.48455444E+00
+2.72800E-03,+7.54299273E+00
+2.75100E-03,+7.60668938E+00
+2.77400E-03,+7.66701118E+00
+2.79700E-03,+7.72555641E+00
+2.82000E-03,+7.79450655E+00
+2.84300E-03,+7.85958340E+00
+2.86600E-03,+7.92493581E+00
+2.88900E-03,+7.99268714E+00
+2.91200E-03,+8.06073728E+00
+2.93500E-03,+8.13786818E+00
+2.95800E-03,+8.20806076E+00
+2.98100E-03,+8.28141819E+00
+3.00400E-03,+8.36393714E+00
+3.02700E-03,+8.44473572E+00
+3.05000E-03,+8.52046026E+00
+3.07300E-03,+8.59975895E+00
+3.09600E-03,+8.68155169E+00
+3.11900E-03,+8.75669960E+00
+3.14200E-03,+8.83223854E+00
+3.16500E-03,+8.90748900E+00
+3.18800E-03,+8.97206142E+00
+3.21100E-03,+9.02728349E+00
+3.23400E-03,+9.08881478E+00
+3.25700E-03,+9.13865735E+00
+3.28000E-03,+9.18526078E+00
+3.30300E-03,+9.22958093E+00
+3.32600E-03,+9.26829063E+00
+3.34900E-03,+9.30464386E+00
+3.37200E-03,+9.33017256E+00
+3.39500E-03,+9.34830258E+00
+3.41800E-03,+9.37222333E+00
+3.44100E-03,+9.39728039E+00
+3.46400E-03,+9.42389774E+00
+3.48700E-03,+9.44788309E+00
+3.51000E-03,+9.47677744E+00
+3.53300E-03,+9.51656513E+00
+3.55600E-03,+9.54987513E+00
+3.57900E-03,+9.57934497E+00
+3.60200E-03,+9.62204022E+00
+3.62500E-03,+9.65726248E+00
+3.64800E-03,+9.68968866E+00
+3.67100E-03,+9.73659204E+00
+3.69400E-03,+9.76968156E+00
+3.71700E-03,+9.80464962E+00
+3.74000E-03,+9.85490360E+00
+3.76300E-03,+9.89599185E+00
+3.78600E-03,+9.93836601E+00
+3.80900E-03,+9.98431849E+00
+3.83200E-03,+10.02428854E+00
+3.85500E-03,+10.06664669E+00
+3.87800E-03,+10.10578457E+00
+3.90100E-03,+10.15591888E+00
+3.92400E-03,+10.19570637E+00
+3.94700E-03,+10.21929001E+00
+3.97000E-03,+10.25275819E+00
+3.99300E-03,+10.28593250E+00
+4.01600E-03,+10.30548181E+00
+4.03900E-03,+10.32218930E+00
+4.06200E-03,+10.34223903E+00
+4.08500E-03,+10.36409487E+00
+4.10800E-03,+10.38157299E+00
+4.13100E-03,+10.39990653E+00
+4.15400E-03,+10.40878488E+00
+4.17700E-03,+10.41165318E+00
+4.20000E-03,+10.41652599E+00
+4.22300E-03,+10.42129378E+00
+4.24600E-03,+10.42323463E+00
+4.26900E-03,+10.42695835E+00
+4.29200E-03,+10.43003551E+00
+4.31500E-03,+10.43293982E+00
+4.33800E-03,+10.43449803E+00
+4.36100E-03,+10.43570218E+00
+4.38400E-03,+10.43979483E+00
+4.40700E-03,+10.43933576E+00
+4.43000E-03,+10.43693281E+00
+4.45300E-03,+10.44048275E+00
+4.47600E-03,+10.44231859E+00
+4.49900E-03,+10.43936015E+00
+4.52200E-03,+10.43652787E+00
+4.54500E-03,+10.43778080E+00
+4.56800E-03,+10.43848358E+00
+4.59100E-03,+10.43735680E+00
+4.61400E-03,+10.43721903E+00
+4.63700E-03,+10.43997605E+00
+4.66000E-03,+10.44202075E+00
+4.68300E-03,+10.44250515E+00
+4.70600E-03,+10.44460398E+00
+4.72900E-03,+10.44818459E+00
+4.75200E-03,+10.44938874E+00
+4.77500E-03,+10.45153311E+00
+4.79800E-03,+10.45688497E+00
+4.82100E-03,+10.45931765E+00
+4.84400E-03,+10.46045396E+00
+4.86700E-03,+10.46480310E+00
+4.89000E-03,+10.47035848E+00
+4.91300E-03,+10.47424437E+00
+4.93600E-03,+10.47877380E+00
+4.95900E-03,+10.48598380E+00
+4.98200E-03,+10.49026185E+00
+5.00500E-03,+10.49531913E+00
+5.02800E-03,+10.50088403E+00
+5.05100E-03,+10.50629630E+00
+5.07400E-03,+10.50991826E+00
+5.09700E-03,+10.51323285E+00
+5.12000E-03,+10.51675840E+00
+5.14300E-03,+10.51946662E+00
+5.16600E-03,+10.52172971E+00
+5.18900E-03,+10.52399489E+00
+5.21200E-03,+10.52562303E+00
+5.23500E-03,+10.52682718E+00
+5.25800E-03,+10.52851572E+00
+5.28100E-03,+10.52906796E+00
+5.30400E-03,+10.53063570E+00
+5.32700E-03,+10.53148369E+00
+5.35000E-03,+10.53190768E+00
+5.37300E-03,+10.53150808E+00
+5.39600E-03,+10.53114658E+00
+5.41900E-03,+10.53021170E+00
+5.44200E-03,+10.53039082E+00
+5.46500E-03,+10.53063570E+00
+5.48800E-03,+10.53074489E+00
+5.51100E-03,+10.53194904E+00
+5.53400E-03,+10.53315318E+00
+5.55700E-03,+10.53360366E+00
+5.58000E-03,+10.53445165E+00
+5.60300E-03,+10.53402766E+00
+5.62600E-03,+10.53457781E+00
+5.64900E-03,+10.53445165E+00
+5.67200E-03,+10.53445165E+00
+5.69500E-03,+10.53572364E+00
+5.71800E-03,+10.53727441E+00
+5.74100E-03,+10.53826552E+00
+5.76400E-03,+10.53996359E+00
+5.78700E-03,+10.54215884E+00
+5.81000E-03,+10.54336298E+00
+5.83300E-03,+10.54493072E+00
+5.85600E-03,+10.54564303E+00
+5.87900E-03,+10.54736758E+00
+5.90200E-03,+10.54833964E+00
+5.92500E-03,+10.54919924E+00
+5.94800E-03,+10.54973987E+00
+5.97100E-03,+10.54980235E+00
+5.99400E-03,+10.55067474E+00
+6.01700E-03,+10.55098745E+00
+6.04000E-03,+10.55116449E+00
+6.06300E-03,+10.55003027E+00
+6.08600E-03,+10.54929147E+00
+6.10900E-03,+10.54929147E+00
+6.13200E-03,+10.54820813E+00
+6.15500E-03,+10.54717150E+00
+6.17800E-03,+10.54674750E+00
+6.20100E-03,+10.54607120E+00
+6.22400E-03,+10.54462753E+00
+6.24700E-03,+10.54462753E+00
+6.27000E-03,+10.54343291E+00
+6.29300E-03,+10.54278635E+00
+6.31600E-03,+10.54250964E+00
+6.33900E-03,+10.54123557E+00
+6.36200E-03,+10.54116029E+00
+6.38500E-03,+10.54080414E+00
+6.40800E-03,+10.53911560E+00
+6.43100E-03,+10.53852408E+00
+6.45400E-03,+10.53722354E+00
+6.47700E-03,+10.53556356E+00
+6.50000E-03,+10.53299519E+00
+6.52300E-03,+10.53058690E+00
+6.54600E-03,+10.52610207E+00
+6.56900E-03,+10.51414214E+00
+6.59200E-03,+10.49826241E+00
+6.61500E-03,+10.47487365E+00
+6.63800E-03,+10.44685190E+00
+6.66100E-03,+10.42460600E+00
+6.68400E-03,+10.40425840E+00
+6.70700E-03,+10.36047533E+00
+6.73000E-03,+10.31558394E+00
+6.75300E-03,+10.26489286E+00
+6.77600E-03,+10.21562824E+00
+6.79900E-03,+10.17257116E+00
+6.82200E-03,+10.10780288E+00
+6.84500E-03,+10.05530902E+00
+6.86800E-03,+10.00315676E+00
+6.89100E-03,+9.95382695E+00
+6.91400E-03,+9.88977722E+00
+6.93700E-03,+9.83773712E+00
+6.96000E-03,+9.78885274E+00
+6.98300E-03,+9.73999988E+00
+7.00600E-03,+9.68170073E+00
+7.02900E-03,+9.64218024E+00
+7.05200E-03,+9.58943614E+00
+7.07500E-03,+9.53996025E+00
+7.09800E-03,+9.48862086E+00
+7.12100E-03,+9.44701223E+00
+7.14400E-03,+9.40255403E+00
+7.16700E-03,+9.35065081E+00
+7.19000E-03,+9.31581123E+00
+7.21300E-03,+9.27169222E+00
+7.23600E-03,+9.22844386E+00
+7.25900E-03,+9.18932713E+00
+7.28200E-03,+9.15039279E+00
+7.30500E-03,+9.11587752E+00
+7.32800E-03,+9.07761293E+00
+7.35100E-03,+9.04183848E+00
+7.37400E-03,+9.01071933E+00
+7.39700E-03,+8.97439767E+00
+7.42000E-03,+8.93191130E+00
+7.44300E-03,+8.90029944E+00
+7.46600E-03,+8.86478649E+00
+7.48900E-03,+8.81722377E+00
+7.51200E-03,+8.77965158E+00
+7.53500E-03,+8.74245546E+00
+7.55800E-03,+8.69848821E+00
+7.58100E-03,+8.64740945E+00
+7.60400E-03,+8.60039274E+00
+7.62700E-03,+8.55112002E+00
+7.65000E-03,+8.48222066E+00
+7.67300E-03,+8.41302797E+00
+7.69600E-03,+8.34884257E+00
+7.71900E-03,+8.27155226E+00
+7.74200E-03,+8.19132826E+00
+7.76500E-03,+8.11420046E+00
+7.78800E-03,+8.03888199E+00
+7.81100E-03,+7.95296365E+00
+7.83400E-03,+7.87772461E+00
+7.85700E-03,+7.80510605E+00
+7.88000E-03,+7.72511290E+00
+7.90300E-03,+7.64575385E+00
+7.92600E-03,+7.57802178E+00
+7.94900E-03,+7.50741277E+00
+7.97200E-03,+7.43044591E+00
+7.99500E-03,+7.35611977E+00
+8.01800E-03,+7.28482614E+00
+8.04100E-03,+7.21228993E+00
+8.06400E-03,+7.13436088E+00
+8.08700E-03,+7.06123974E+00
+8.11000E-03,+6.98358290E+00
+8.13300E-03,+6.90880177E+00
+8.15600E-03,+6.83234700E+00
+8.17900E-03,+6.75194389E+00
+8.20200E-03,+6.67493359E+00
+8.22500E-03,+6.59356254E+00
+8.24800E-03,+6.52198597E+00
+8.27100E-03,+6.44384351E+00
+8.29400E-03,+6.36091961E+00
+8.31700E-03,+6.28872005E+00
+8.34000E-03,+6.21403201E+00
+8.36300E-03,+6.13364134E+00
+8.38600E-03,+6.06122215E+00
+8.40900E-03,+5.98986069E+00
+8.43200E-03,+5.92727903E+00
+8.45500E-03,+5.85500795E+00
+8.47800E-03,+5.78125393E+00
+8.50100E-03,+5.70943041E+00
+8.52400E-03,+5.64800409E+00
+8.54700E-03,+5.57625877E+00
+8.57000E-03,+5.50299243E+00
+8.59300E-03,+5.43562727E+00
+8.61600E-03,+5.36494381E+00
+8.63900E-03,+5.29350707E+00
+8.66200E-03,+5.22447363E+00
+8.68500E-03,+5.16550732E+00
+8.70800E-03,+5.10773519E+00
+8.73100E-03,+5.08159102E+00
+8.75400E-03,+5.06390939E+00
+8.77700E-03,+5.03791500E+00
+8.80000E-03,+4.99030968E+00
+8.82300E-03,+4.93382280E+00
+8.84600E-03,+4.86915923E+00
+8.86900E-03,+4.76776324E+00
+8.89200E-03,+4.64825828E+00
+8.91500E-03,+4.53337674E+00
+8.93800E-03,+4.42357984E+00
+8.96100E-03,+4.30664823E+00
+8.98400E-03,+4.19222708E+00
+9.00700E-03,+4.09378536E+00
+9.03000E-03,+4.00358404E+00
+9.05300E-03,+3.91954203E+00
+9.07600E-03,+3.85509355E+00
+9.09900E-03,+3.80544973E+00
+9.12200E-03,+3.76862546E+00
+9.14500E-03,+3.71072264E+00
+9.16800E-03,+3.67557780E+00
+9.19100E-03,+3.62188804E+00
+9.21400E-03,+3.58245485E+00
+9.23700E-03,+3.52659175E+00
+9.26000E-03,+3.46659667E+00
+9.28300E-03,+3.38546389E+00
+9.30600E-03,+3.31820835E+00
+9.32900E-03,+3.22460722E+00
+9.35200E-03,+3.12071769E+00
+9.37500E-03,+3.00973359E+00
+9.39800E-03,+2.89415670E+00
+9.42100E-03,+2.78275440E+00
+9.44400E-03,+2.66795972E+00
+9.46700E-03,+2.55839817E+00
+9.49000E-03,+2.44226616E+00
+9.51300E-03,+2.34593368E+00
+9.53600E-03,+2.26275455E+00
+9.55900E-03,+2.16635342E+00
+9.58200E-03,+2.07613266E+00
+9.60500E-03,+2.00042038E+00
+9.62800E-03,+1.93106350E+00
+9.65100E-03,+1.84644735E+00
+9.67400E-03,+1.76554042E+00
+9.69700E-03,+1.69136402E+00
+9.72000E-03,+1.60181753E+00
+9.74300E-03,+1.51844816E+00
+9.76600E-03,+1.42497151E+00
+9.78900E-03,+1.32687478E+00
+9.81200E-03,+1.22404546E+00
+9.83500E-03,+1.13948884E+00
+9.85800E-03,+1.05542782E+00
+9.88100E-03,+959.80972E-03
+9.90400E-03,+867.24896E-03
+9.92700E-03,+783.21190E-03
+9.95000E-03,+713.39623E-03
+9.97300E-03,+628.88887E-03
+9.99600E-03,+549.82523E-03
+10.01900E-03,+483.52230E-03
+10.04200E-03,+420.00829E-03
+10.06500E-03,+342.97814E-03
+10.08800E-03,+284.42502E-03
+10.11100E-03,+218.17843E-03
+10.13400E-03,+147.52758E-03
+10.15700E-03,+92.44799E-03
+10.18000E-03,+23.94198E-03
+10.20300E-03,-33.57122E-03
+10.22600E-03,-103.72268E-03
+10.24900E-03,-162.48139E-03
+10.27200E-03,-223.67315E-03
+10.29500E-03,-298.95483E-03
+10.31800E-03,-353.43177E-03
+10.34100E-03,-423.03020E-03
+10.36400E-03,-491.92056E-03
+10.38700E-03,-553.45644E-03
+10.41000E-03,-623.24395E-03
+10.43300E-03,-673.43751E-03
+10.45600E-03,-748.31915E-03
+10.47900E-03,-804.81809E-03
+10.50200E-03,-872.37595E-03
+10.52500E-03,-949.93438E-03
+10.54800E-03,-1.01050447E+00
+10.57100E-03,-1.08034858E+00
+10.59400E-03,-1.14749622E+00
+10.61700E-03,-1.21547189E+00
+10.64000E-03,-1.29335827E+00
+10.66300E-03,-1.35591519E+00
+10.68600E-03,-1.42622925E+00
+10.70900E-03,-1.50716554E+00
+10.73200E-03,-1.57191932E+00
+10.75500E-03,-1.63315529E+00
+10.77800E-03,-1.70676335E+00
+10.80100E-03,-1.76034142E+00
+10.82400E-03,-1.83414999E+00
+10.84700E-03,-1.89695308E+00
+10.87000E-03,-1.95943947E+00
+10.89300E-03,-2.03032034E+00
+10.91600E-03,-2.09079280E+00
+10.93900E-03,-2.16962559E+00
+10.96200E-03,-2.24644857E+00
+10.98500E-03,-2.30709935E+00
+11.00800E-03,-2.39534277E+00
+11.03100E-03,-2.48431181E+00
+11.05400E-03,-2.56622068E+00
+11.07700E-03,-2.63770084E+00
+11.10000E-03,-2.71349448E+00
+11.12300E-03,-2.78724774E+00
+11.14600E-03,-2.84911503E+00
+11.16900E-03,-2.93141760E+00
+11.19200E-03,-3.01224928E+00
+11.21500E-03,-3.07029316E+00
+11.23800E-03,-3.14342666E+00
+11.26100E-03,-3.21794929E+00
+11.28400E-03,-3.27991501E+00
+11.30700E-03,-3.35571452E+00
+11.33000E-03,-3.43558205E+00
+11.35300E-03,-3.50875613E+00
+11.37600E-03,-3.58230361E+00
+11.39900E-03,-3.66177027E+00
+11.42200E-03,-3.73583833E+00
+11.44500E-03,-3.80716947E+00
+11.46800E-03,-3.88785390E+00
+11.49100E-03,-3.96992827E+00
+11.51400E-03,-4.04838508E+00
+11.53700E-03,-4.12022500E+00
+11.56000E-03,-4.19252307E+00
+11.58300E-03,-4.26582872E+00
+11.60600E-03,-4.34315539E+00
+11.62900E-03,-4.41676759E+00
+11.65200E-03,-4.48435907E+00
+11.67500E-03,-4.56082284E+00
+11.69800E-03,-4.63696695E+00
+11.72100E-03,-4.69464517E+00
+11.74400E-03,-4.76912310E+00
+11.76700E-03,-4.84312538E+00
+11.79000E-03,-4.90042792E+00
+11.81300E-03,-4.97244462E+00
+11.83600E-03,-5.04463349E+00
+11.85900E-03,-5.10529226E+00
+11.88200E-03,-5.17352128E+00
+11.90500E-03,-5.23494222E+00
+11.92800E-03,-5.31143245E+00
+11.95100E-03,-5.37688213E+00
+11.97400E-03,-5.44320650E+00
+11.99700E-03,-5.52310077E+00
+12.02000E-03,-5.58058575E+00
+12.04300E-03,-5.61349546E+00
+12.06600E-03,-5.61679053E+00
+12.08900E-03,-5.60730666E+00
+12.11200E-03,-5.59127349E+00
+12.13500E-03,-5.59827430E+00
+12.15800E-03,-5.63769017E+00
+12.18100E-03,-5.70343897E+00
+12.20400E-03,-5.78437448E+00
+12.22700E-03,-5.87490254E+00
+12.25000E-03,-5.97687565E+00
+12.27300E-03,-6.08118252E+00
+12.29600E-03,-6.18543440E+00
+12.31900E-03,-6.29535756E+00
+12.34200E-03,-6.39755677E+00
+12.36500E-03,-6.48974278E+00
+12.38800E-03,-6.58325296E+00
+12.41100E-03,-6.67417034E+00
+12.43400E-03,-6.76396167E+00
+12.45700E-03,-6.85258818E+00
+12.48000E-03,-6.94406599E+00
+12.50300E-03,-7.02867637E+00
+12.52600E-03,-7.10576201E+00
+12.54900E-03,-7.17468533E+00
+12.57200E-03,-7.25047533E+00
+12.59500E-03,-7.31283446E+00
+12.61800E-03,-7.37595008E+00
+12.64100E-03,-7.43928672E+00
+12.66400E-03,-7.49627985E+00
+12.68700E-03,-7.56054798E+00
+12.71000E-03,-7.61538237E+00
+12.73300E-03,-7.68516448E+00
+12.75600E-03,-7.74265820E+00
+12.77900E-03,-7.80830828E+00
+12.80200E-03,-7.87148614E+00
+12.82500E-03,-7.93512210E+00
+12.84800E-03,-8.00610427E+00
+12.87100E-03,-8.07048292E+00
+12.89400E-03,-8.13977190E+00
+12.91700E-03,-8.21424368E+00
+12.94000E-03,-8.28214662E+00
+12.96300E-03,-8.35826294E+00
+12.98600E-03,-8.44159855E+00
+13.00900E-03,-8.52645588E+00
+13.03200E-03,-8.59968363E+00
+13.05500E-03,-8.68234569E+00
+13.07800E-03,-8.76627974E+00
+13.10100E-03,-8.83605030E+00
+13.12400E-03,-8.90810913E+00
+13.14700E-03,-8.98372878E+00
+13.17000E-03,-9.04890193E+00
+13.19300E-03,-9.11757625E+00
+13.21600E-03,-9.18296709E+00
+13.23900E-03,-9.23932319E+00
+13.26200E-03,-9.29523424E+00
+13.28500E-03,-9.33881011E+00
+13.30800E-03,-9.38907822E+00
+13.33100E-03,-9.42700385E+00
+13.35400E-03,-9.44771045E+00
+13.37700E-03,-9.46986462E+00
+13.40000E-03,-9.50191119E+00
+13.42300E-03,-9.52711419E+00
+13.44600E-03,-9.54263445E+00
+13.46900E-03,-9.56398610E+00
+13.49200E-03,-9.59701560E+00
+13.51500E-03,-9.63146169E+00
+13.53800E-03,-9.65592517E+00
+13.56100E-03,-9.69342797E+00
+13.58400E-03,-9.73947791E+00
+13.60700E-03,-9.76529555E+00
+13.63000E-03,-9.79616838E+00
+13.65300E-03,-9.84798466E+00
+13.67600E-03,-9.88245516E+00
+13.69900E-03,-9.91894446E+00
+13.72200E-03,-9.96752069E+00
+13.74500E-03,-10.00871473E+00
+13.76800E-03,-10.05380338E+00
+13.79100E-03,-10.08969981E+00
+13.81400E-03,-10.13777398E+00
+13.83700E-03,-10.18541755E+00
+13.86000E-03,-10.21393575E+00
+13.88300E-03,-10.26414349E+00
+13.90600E-03,-10.30899206E+00
+13.92900E-03,-10.34471481E+00
+13.95200E-03,-10.38294220E+00
+13.97500E-03,-10.41233834E+00
+13.99800E-03,-10.42767950E+00
+14.02100E-03,-10.44590720E+00
+14.04400E-03,-10.47470626E+00
+14.06700E-03,-10.50287720E+00
+14.09000E-03,-10.51577074E+00
+14.11300E-03,-10.52400983E+00
+14.13600E-03,-10.53236897E+00
+14.15900E-03,-10.53804509E+00
+14.18200E-03,-10.54247906E+00
+14.20500E-03,-10.54925889E+00
+14.22800E-03,-10.56007382E+00
+14.25100E-03,-10.56451188E+00
+14.27400E-03,-10.57036434E+00
+14.29700E-03,-10.58252247E+00
+14.32000E-03,-10.58797474E+00
+14.34300E-03,-10.58953504E+00
+14.36600E-03,-10.59554218E+00
+14.38900E-03,-10.60113013E+00
+14.41200E-03,-10.59611003E+00
+14.43500E-03,-10.59789622E+00
+14.45800E-03,-10.60133364E+00
+14.48100E-03,-10.59924217E+00
+14.50400E-03,-10.59403347E+00
+14.52700E-03,-10.59040949E+00
+14.55000E-03,-10.59270111E+00
+14.57300E-03,-10.59152138E+00
+14.59600E-03,-10.59194537E+00
+14.61900E-03,-10.59542755E+00
+14.64200E-03,-10.60060437E+00
+14.66500E-03,-10.60152020E+00
+14.68800E-03,-10.60392645E+00
+14.71100E-03,-10.60733333E+00
+14.73400E-03,-10.60970024E+00
+14.75700E-03,-10.61074225E+00
+14.78000E-03,-10.61324484E+00
+14.80300E-03,-10.61611309E+00
+14.82600E-03,-10.61696108E+00
+14.84900E-03,-10.62035304E+00
+14.87200E-03,-10.62287801E+00
+14.89500E-03,-10.62409165E+00
+14.91800E-03,-10.62557461E+00
+14.94100E-03,-10.62840894E+00
+14.96400E-03,-10.63010492E+00
+14.98700E-03,-10.63052892E+00
+15.01000E-03,-10.63224728E+00
+15.03300E-03,-10.63470849E+00
+15.05600E-03,-10.63633663E+00
+15.07900E-03,-10.63754077E+00
+15.10200E-03,-10.64017700E+00
+15.12500E-03,-10.64225356E+00
+15.14800E-03,-10.64414559E+00
+15.17100E-03,-10.64617331E+00
+15.19400E-03,-10.64896218E+00
+15.21700E-03,-10.65154957E+00
+15.24000E-03,-10.65370888E+00
+15.26300E-03,-10.65788303E+00
+15.28600E-03,-10.66071532E+00
+15.30900E-03,-10.66479313E+00
+15.33200E-03,-10.66779298E+00
+15.35500E-03,-10.66858874E+00
+15.37800E-03,-10.66656849E+00
+15.40100E-03,-10.66419615E+00
+15.42400E-03,-10.66335155E+00
+15.44700E-03,-10.66486301E+00
+15.47000E-03,-10.66163522E+00
+15.49300E-03,-10.66401298E+00
+15.51600E-03,-10.66784047E+00
+15.53900E-03,-10.66996045E+00
+15.56200E-03,-10.67130773E+00
+15.58500E-03,-10.67462439E+00
+15.60800E-03,-10.67383678E+00
+15.63100E-03,-10.67504839E+00
+15.65400E-03,-10.67442834E+00
+15.67700E-03,-10.67690447E+00
+15.70000E-03,-10.67989685E+00
+15.72300E-03,-10.68270472E+00
+15.74600E-03,-10.68674658E+00
+15.76900E-03,-10.69156316E+00
+15.79200E-03,-10.69546595E+00
+15.81500E-03,-10.69762730E+00
+15.83800E-03,-10.70070653E+00
+15.86100E-03,-10.70383866E+00
+15.88400E-03,-10.70390650E+00
+15.90700E-03,-10.70571713E+00
+15.93000E-03,-10.70710987E+00
+15.95300E-03,-10.70896798E+00
+15.97600E-03,-10.70956361E+00
+15.99900E-03,-10.70939198E+00
+16.02200E-03,-10.71023997E+00
+16.04500E-03,-10.70927733E+00
+16.06800E-03,-10.70940351E+00
+16.09100E-03,-10.70875700E+00
+16.11400E-03,-10.70769600E+00
+16.13700E-03,-10.70662210E+00
+16.16000E-03,-10.70431150E+00
+16.18300E-03,-10.70394042E+00
+16.20600E-03,-10.70332783E+00
+16.22900E-03,-10.70110813E+00
+16.25200E-03,-10.69964009E+00
+16.27500E-03,-10.69936331E+00
+16.29800E-03,-10.69874326E+00
+16.32100E-03,-10.69599780E+00
+16.34400E-03,-10.69571288E+00
+16.36700E-03,-10.69424145E+00
+16.39000E-03,-10.69123007E+00
+16.41300E-03,-10.68808301E+00
+16.43600E-03,-10.68607226E+00
+16.45900E-03,-10.68151414E+00
+16.48200E-03,-10.67575527E+00
+16.50500E-03,-10.66848901E+00
+16.52800E-03,-10.66178243E+00
+16.55100E-03,-10.65211737E+00
+16.57400E-03,-10.64193403E+00
+16.59700E-03,-10.63184838E+00
+16.62000E-03,-10.61611578E+00
+16.64300E-03,-10.59046373E+00
+16.66600E-03,-10.55571311E+00
+16.68900E-03,-10.52973409E+00
+16.71200E-03,-10.50179653E+00
+16.73500E-03,-10.45094765E+00
+16.75800E-03,-10.41053179E+00
+16.78100E-03,-10.36467519E+00
+16.80400E-03,-10.31123826E+00
+16.82700E-03,-10.25646486E+00
+16.85000E-03,-10.19877037E+00
+16.87300E-03,-10.14709452E+00
+16.89600E-03,-10.09119437E+00
+16.91900E-03,-10.03301748E+00
+16.94200E-03,-9.97980241E+00
+16.96500E-03,-9.92300673E+00
+16.98800E-03,-9.86841045E+00
+17.01100E-03,-9.81161817E+00
+17.03400E-03,-9.76414704E+00
+17.05700E-03,-9.71456130E+00
+17.08000E-03,-9.65697466E+00
+17.10300E-03,-9.61012423E+00
+17.12600E-03,-9.56586256E+00
+17.14900E-03,-9.52099643E+00
+17.17200E-03,-9.47162102E+00
+17.19500E-03,-9.43879909E+00
+17.21800E-03,-9.40246439E+00
+17.24100E-03,-9.35517844E+00
+17.26400E-03,-9.32006557E+00
+17.28700E-03,-9.28493095E+00
+17.31000E-03,-9.24307555E+00
+17.33300E-03,-9.21105001E+00
+17.35600E-03,-9.17620712E+00
+17.37900E-03,-9.13634818E+00
+17.40200E-03,-9.09457620E+00
+17.42500E-03,-9.05510871E+00
+17.44800E-03,-9.01626672E+00
+17.47100E-03,-8.97858813E+00
+17.49400E-03,-8.93266643E+00
+17.51700E-03,-8.89852027E+00
+17.54000E-03,-8.85800598E+00
+17.56300E-03,-8.80620670E+00
+17.58600E-03,-8.76070015E+00
+17.60900E-03,-8.70821363E+00
+17.63200E-03,-8.64830820E+00
+17.65500E-03,-8.58090047E+00
+17.67800E-03,-8.51998290E+00
+17.70100E-03,-8.44933243E+00
+17.72400E-03,-8.36934052E+00
+17.74700E-03,-8.29305737E+00
+17.77000E-03,-8.22267218E+00
+17.79300E-03,-8.14612578E+00
+17.81600E-03,-8.06519905E+00
+17.83900E-03,-7.99165124E+00
+17.86200E-03,-7.92155297E+00
+17.88500E-03,-7.83940578E+00
+17.90800E-03,-7.76152777E+00
+17.93100E-03,-7.69398031E+00
+17.95400E-03,-7.61551947E+00
+17.97700E-03,-7.53239203E+00
+18.00000E-03,-7.46374357E+00
+18.02300E-03,-7.39522054E+00
+18.04600E-03,-7.31172061E+00
+18.06900E-03,-7.23109917E+00
+18.09200E-03,-7.16577686E+00
+18.11500E-03,-7.08866534E+00
+18.13800E-03,-7.00212695E+00
+18.16100E-03,-6.92947598E+00
+18.18400E-03,-6.85864097E+00
+18.20700E-03,-6.77401625E+00
+18.23000E-03,-6.68795009E+00
+18.25300E-03,-6.61207739E+00
+18.27600E-03,-6.54097647E+00
+18.29900E-03,-6.46218389E+00
+18.32200E-03,-6.38373205E+00
+18.34500E-03,-6.31546544E+00
+18.36800E-03,-6.23926367E+00
+18.39100E-03,-6.15997053E+00
+18.41400E-03,-6.09230234E+00
+18.43700E-03,-6.02918808E+00
+18.46000E-03,-5.94970497E+00
+18.48300E-03,-5.86875382E+00
+18.50600E-03,-5.80877044E+00
+18.52900E-03,-5.74354507E+00
+18.55200E-03,-5.66438280E+00
+18.57500E-03,-5.58704954E+00
+18.59800E-03,-5.52380443E+00
+18.62100E-03,-5.44982842E+00
+18.64400E-03,-5.37293067E+00
+18.66700E-03,-5.30827323E+00
+18.69000E-03,-5.24853195E+00
+18.71300E-03,-5.19951285E+00
+18.73600E-03,-5.17147971E+00
+18.75900E-03,-5.15736309E+00
+18.78200E-03,-5.13211663E+00
+18.80500E-03,-5.08943892E+00
+18.82800E-03,-5.02723442E+00
+18.85100E-03,-4.95888968E+00
+18.87400E-03,-4.85347688E+00
+18.89700E-03,-4.72545280E+00
+18.92000E-03,-4.62057077E+00
+18.94300E-03,-4.50664494E+00
+18.96600E-03,-4.38220404E+00
+18.98900E-03,-4.26044640E+00
+19.01200E-03,-4.16395059E+00
+19.03500E-03,-4.08993601E+00
+19.05800E-03,-4.00875105E+00
+19.08100E-03,-3.93692146E+00
+19.10400E-03,-3.89391019E+00
+19.12700E-03,-3.83824531E+00
+19.15000E-03,-3.79589487E+00
+19.17300E-03,-3.76394786E+00
+19.19600E-03,-3.70435112E+00
+19.21900E-03,-3.66867861E+00
+19.24200E-03,-3.60028983E+00
+19.26500E-03,-3.55028750E+00
+19.28800E-03,-3.46839893E+00
+19.31100E-03,-3.37855944E+00
+19.33400E-03,-3.28552787E+00
+19.35700E-03,-3.18405194E+00
+19.38000E-03,-3.07189679E+00
+19.40300E-03,-2.95708985E+00
+19.42600E-03,-2.84235217E+00
+19.44900E-03,-2.72931653E+00
+19.47200E-03,-2.61901725E+00
+19.49500E-03,-2.51057973E+00
+19.51800E-03,-2.40753341E+00
+19.54100E-03,-2.30820935E+00
+19.56400E-03,-2.22951043E+00
+19.58700E-03,-2.15075540E+00
+19.61000E-03,-2.06302520E+00
+19.63300E-03,-1.97750619E+00
+19.65600E-03,-1.91100480E+00
+19.67900E-03,-1.83401501E+00
+19.70200E-03,-1.74344625E+00
+19.72500E-03,-1.65801548E+00
+19.74800E-03,-1.58076620E+00
+19.77100E-03,-1.48988896E+00
+19.79400E-03,-1.38804536E+00
+19.81700E-03,-1.29290919E+00
+19.84000E-03,-1.19634211E+00
+19.86300E-03,-1.10224974E+00
+19.88600E-03,-1.01103306E+00
+19.90900E-03,-931.98545E-03
+19.93200E-03,-848.16693E-03
+19.95500E-03,-763.09397E-03
+19.97800E-03,-688.73105E-03
+20.00100E-03,-623.32399E-03
+20.02400E-03,-544.17487E-03
+20.04700E-03,-478.50082E-03
+20.07000E-03,-420.35138E-03
+20.09300E-03,-348.10927E-03
+20.11600E-03,-295.47697E-03
+20.13900E-03,-226.90993E-03
+20.16200E-03,-174.24143E-03
+20.18500E-03,-108.03668E-03
+20.20800E-03,-42.69779E-03
+20.23100E-03,+13.49925E-03
+20.25400E-03,+82.46956E-03
+20.27700E-03,+143.02898E-03
+20.30000E-03,+219.96583E-03
+20.32300E-03,+289.38658E-03
+20.34600E-03,+349.46481E-03
+20.36900E-03,+429.21180E-03
+20.39200E-03,+486.14469E-03
+20.41500E-03,+545.45686E-03
+20.43800E-03,+606.99619E-03
+20.46100E-03,+672.41273E-03
+20.48400E-03,+745.86763E-03
+20.50700E-03,+797.73415E-03
+20.53000E-03,+869.93518E-03
+20.55300E-03,+940.86134E-03
+20.57600E-03,+998.71926E-03
+20.59900E-03,+1.07614334E+00
+20.62200E-03,+1.14119796E+00
+20.64500E-03,+1.20524535E+00
+20.66800E-03,+1.28354558E+00
+20.69100E-03,+1.34876147E+00
+20.71400E-03,+1.41875772E+00
+20.73700E-03,+1.49063623E+00
+20.76000E-03,+1.54057536E+00
+20.78300E-03,+1.62045055E+00
+20.80600E-03,+1.68630689E+00
+20.82900E-03,+1.75001450E+00
+20.85200E-03,+1.82755212E+00
+20.87500E-03,+1.89229659E+00
+20.89800E-03,+1.95597286E+00
+20.92100E-03,+2.02688899E+00
+20.94400E-03,+2.09489289E+00
+20.96700E-03,+2.17269409E+00
+20.99000E-03,+2.25236808E+00
+21.01300E-03,+2.32187624E+00
+21.03600E-03,+2.40201243E+00
+21.05900E-03,+2.48628768E+00
+21.08200E-03,+2.56565093E+00
+21.10500E-03,+2.62952669E+00
+21.12800E-03,+2.70304195E+00
+21.15100E-03,+2.77333517E+00
+21.17400E-03,+2.84465370E+00
+21.19700E-03,+2.92039472E+00
+21.22000E-03,+2.98131777E+00
+21.24300E-03,+3.05194094E+00
+21.26600E-03,+3.12890942E+00
+21.28900E-03,+3.19433831E+00
+21.31200E-03,+3.26764660E+00
+21.33500E-03,+3.35267009E+00
+21.35800E-03,+3.41782852E+00
+21.38100E-03,+3.49456670E+00
+21.40400E-03,+3.57557273E+00
+21.42700E-03,+3.65111603E+00
+21.45000E-03,+3.72644398E+00
+21.47300E-03,+3.80266645E+00
+21.49600E-03,+3.88246465E+00
+21.51900E-03,+3.95473638E+00
+21.54200E-03,+4.02653178E+00
+21.56500E-03,+4.10727136E+00
+21.58800E-03,+4.17766345E+00
+21.61100E-03,+4.24428064E+00
+21.63400E-03,+4.31736333E+00
+21.65700E-03,+4.38232884E+00
+21.68000E-03,+4.45504955E+00
+21.70300E-03,+4.52430880E+00
+21.72600E-03,+4.59325786E+00
+21.74900E-03,+4.66792147E+00
+21.77200E-03,+4.73291634E+00
+21.79500E-03,+4.80284013E+00
+21.81800E-03,+4.88006211E+00
+21.84100E-03,+4.94190994E+00
+21.86400E-03,+5.00802380E+00
+21.88700E-03,+5.08713178E+00
+21.91000E-03,+5.14840844E+00
+21.93300E-03,+5.21538032E+00
+21.95600E-03,+5.28975141E+00
+21.97900E-03,+5.35487904E+00
+22.00200E-03,+5.43011581E+00
+22.02500E-03,+5.48028690E+00
+22.04800E-03,+5.50681713E+00
+22.07100E-03,+5.50566440E+00
+22.09400E-03,+5.48600653E+00
+22.11700E-03,+5.47195179E+00
+22.14000E-03,+5.48983929E+00
+22.16300E-03,+5.53193497E+00
+22.18600E-03,+5.59951414E+00
+22.20900E-03,+5.68302473E+00
+22.23200E-03,+5.77991005E+00
+22.25500E-03,+5.88396243E+00
+22.27800E-03,+5.98864378E+00
+22.30100E-03,+6.09596685E+00
+22.32400E-03,+6.20792597E+00
+22.34700E-03,+6.30259317E+00
+22.37000E-03,+6.39424285E+00
+22.39300E-03,+6.49186546E+00
+22.41600E-03,+6.58021252E+00
+22.43900E-03,+6.67041421E+00
+22.46200E-03,+6.75416571E+00
+22.48500E-03,+6.84691738E+00
+22.50800E-03,+6.92947421E+00
+22.53100E-03,+6.99701160E+00
+22.55400E-03,+7.06746314E+00
+22.57700E-03,+7.14025660E+00
+22.60000E-03,+7.19663845E+00
+22.62300E-03,+7.26291387E+00
+22.64600E-03,+7.32298695E+00
+22.66900E-03,+7.38761580E+00
+22.69200E-03,+7.44466603E+00
+22.71500E-03,+7.50244112E+00
+22.73800E-03,+7.57076014E+00
+22.76100E-03,+7.62598177E+00
+22.78400E-03,+7.69135579E+00
+22.80700E-03,+7.75106324E+00
+22.83000E-03,+7.82368963E+00
+22.85300E-03,+7.89151882E+00
+22.87600E-03,+7.95049552E+00
+22.89900E-03,+8.02868072E+00
+22.92200E-03,+8.10278104E+00
+22.94500E-03,+8.16612293E+00
+22.96800E-03,+8.24443928E+00
+22.99100E-03,+8.32580987E+00
+23.01400E-03,+8.39986784E+00
+23.03700E-03,+8.47510551E+00
+23.06000E-03,+8.55814616E+00
+23.08300E-03,+8.63847873E+00
+23.10600E-03,+8.70881754E+00
+23.12900E-03,+8.78496652E+00
+23.15200E-03,+8.86450198E+00
+23.17500E-03,+8.93007708E+00
+23.19800E-03,+8.99281337E+00
+23.22100E-03,+9.04839612E+00
+23.24400E-03,+9.11285135E+00
+23.26700E-03,+9.15611780E+00
+23.29000E-03,+9.20647692E+00
+23.31300E-03,+9.24665120E+00
+23.33600E-03,+9.28894146E+00
+23.35900E-03,+9.31769283E+00
+23.38200E-03,+9.33765452E+00
+23.40500E-03,+9.36094580E+00
+23.42800E-03,+9.38497984E+00
+23.45100E-03,+9.40525228E+00
+23.47400E-03,+9.43469449E+00
+23.49700E-03,+9.45946328E+00
+23.52000E-03,+9.49037899E+00
+23.54300E-03,+9.52792948E+00
+23.56600E-03,+9.56072824E+00
+23.58900E-03,+9.59775297E+00
+23.61200E-03,+9.63484605E+00
+23.63500E-03,+9.66965155E+00
+23.65800E-03,+9.71130231E+00
+23.68100E-03,+9.75487254E+00
+23.70400E-03,+9.78387580E+00
+23.72700E-03,+9.83034463E+00
+23.75000E-03,+9.87810992E+00
+23.77300E-03,+9.91650292E+00
+23.79600E-03,+9.96707304E+00
+23.81900E-03,+10.00381795E+00
+23.84200E-03,+10.04662049E+00
+23.86500E-03,+10.08848875E+00
+23.88800E-03,+10.12964020E+00
+23.91100E-03,+10.17963071E+00
+23.93400E-03,+10.20760540E+00
+23.95700E-03,+10.23002226E+00
+23.98000E-03,+10.26520237E+00
+24.00300E-03,+10.29082714E+00
+24.02600E-03,+10.30900255E+00
+24.04900E-03,+10.32654647E+00
+24.07200E-03,+10.34524564E+00
+24.09500E-03,+10.36469654E+00
+24.11800E-03,+10.38614121E+00
+24.14100E-03,+10.40258124E+00
+24.16400E-03,+10.40838747E+00
+24.18700E-03,+10.41468704E+00
+24.21000E-03,+10.41957146E+00
+24.23300E-03,+10.42294098E+00
+24.25600E-03,+10.42552435E+00
+24.27900E-03,+10.42910486E+00
+24.30200E-03,+10.43370097E+00
+24.32500E-03,+10.43438884E+00
+24.34800E-03,+10.43655770E+00
+24.37100E-03,+10.43900939E+00
+24.39400E-03,+10.44244474E+00
+24.41700E-03,+10.43856294E+00
+24.44000E-03,+10.44000802E+00
+24.46300E-03,+10.44329273E+00
+24.48600E-03,+10.43985937E+00
+24.50900E-03,+10.43656169E+00
+24.53200E-03,+10.43641454E+00
+24.55500E-03,+10.43576059E+00
+24.57800E-03,+10.43481283E+00
+24.60100E-03,+10.43668040E+00
+24.62400E-03,+10.43868715E+00
+24.64700E-03,+10.44030582E+00
+24.67000E-03,+10.44082608E+00
+24.69300E-03,+10.44484356E+00
+24.71600E-03,+10.44774368E+00
+24.73900E-03,+10.44824300E+00
+24.76200E-03,+10.45207393E+00
+24.78500E-03,+10.45773101E+00
+24.80800E-03,+10.45861691E+00
+24.83100E-03,+10.46058775E+00
+24.85400E-03,+10.46713224E+00
+24.87700E-03,+10.47117265E+00
+24.90000E-03,+10.47155325E+00
+24.92300E-03,+10.47735900E+00
+24.94600E-03,+10.48509466E+00
+24.96900E-03,+10.48781220E+00
+24.99200E-03,+10.49066694E+00
+25.01500E-03,+10.49820259E+00
+25.03800E-03,+10.50425174E+00
+25.06100E-03,+10.50612680E+00
+25.08400E-03,+10.51017820E+00
+25.10700E-03,+10.51499478E+00
+25.13000E-03,+10.51732974E+00
+25.15300E-03,+10.51938187E+00
+25.17600E-03,+10.52266061E+00
+25.19900E-03,+10.52554776E+00
+25.22200E-03,+10.52638627E+00
+25.24500E-03,+10.52716642E+00
+25.26800E-03,+10.52907341E+00
+25.29100E-03,+10.52999871E+00
+25.31400E-03,+10.53105969E+00
+25.33700E-03,+10.53198301E+00
+25.36000E-03,+10.53316469E+00
+25.38300E-03,+10.53118040E+00
+25.40600E-03,+10.53105969E+00
+25.42900E-03,+10.53086366E+00
+25.45200E-03,+10.53047557E+00
+25.47500E-03,+10.52987999E+00
+25.49800E-03,+10.53105969E+00
+25.52100E-03,+10.53271228E+00
+25.54400E-03,+10.53275567E+00
+25.56700E-03,+10.53360366E+00
+25.59000E-03,+10.53445165E+00
+25.61300E-03,+10.53445165E+00
+25.63600E-03,+10.53406906E+00
+25.65900E-03,+10.53445165E+00
+25.68200E-03,+10.53553509E+00
+25.70500E-03,+10.53614763E+00
+25.72800E-03,+10.53741962E+00
+25.75100E-03,+10.53881781E+00
+25.77400E-03,+10.54081157E+00
+25.79700E-03,+10.54206461E+00
+25.82000E-03,+10.54320092E+00
+25.84300E-03,+10.54462753E+00
+25.86600E-03,+10.54632152E+00
+25.88900E-03,+10.54730916E+00
+25.91200E-03,+10.54844348E+00
+25.93500E-03,+10.54845846E+00
+25.95800E-03,+10.54965512E+00
+25.98100E-03,+10.55013946E+00
+26.00400E-03,+10.54994343E+00
