X,CH1,CH2,Start,Increment,
Sequence,Volt,Volt,2.290200e-04,1.000000e-08,
0,-2.880000e-01,1.600000e-03,
1,-2.800000e-01,1.600000e-03,
2,-2.880000e-01,1.600000e-03,
3,-2.800000e-01,1.600000e-03,
4,-2.720000e-01,2.400000e-03,
5,-2.720000e-01,2.400000e-03,
6,-2.560000e-01,2.400000e-03,
7,-2.560000e-01,2.400000e-03,
8,-2.480000e-01,2.400000e-03,
9,-2.400000e-01,2.400000e-03,
10,-2.320000e-01,2.400000e-03,
11,-2.240000e-01,1.600000e-03,
12,-2.160000e-01,1.600000e-03,
13,-2.160000e-01,2.400000e-03,
14,-2.000000e-01,1.600000e-03,
15,-2.000000e-01,2.400000e-03,
16,-1.840000e-01,1.600000e-03,
17,-1.840000e-01,1.600000e-03,
18,-1.680000e-01,2.400000e-03,
19,-1.680000e-01,2.400000e-03,
20,-1.520000e-01,2.400000e-03,
21,-1.520000e-01,2.400000e-03,
22,-1.440000e-01,2.400000e-03,
23,-1.360000e-01,2.400000e-03,
24,-1.280000e-01,2.400000e-03,
25,-1.200000e-01,2.400000e-03,
26,-1.120000e-01,3.200000e-03,
27,-1.040000e-01,3.200000e-03,
28,-9.600001e-02,2.400000e-03,
29,-8.800001e-02,2.400000e-03,
30,-8.000001e-02,3.200000e-03,
31,-8.000001e-02,3.200000e-03,
32,-6.400000e-02,3.200000e-03,
33,-5.600000e-02,3.200000e-03,
34,-4.800000e-02,4.000000e-03,
35,-4.800000e-02,4.000000e-03,
36,-3.200000e-02,4.000000e-03,
37,-2.400000e-02,4.000000e-03,
38,-1.600000e-02,4.000000e-03,
39,-1.600000e-02,4.000000e-03,
40,0.000000e+00,4.000000e-03,
41,0.000000e+00,4.000000e-03,
42,1.600000e-02,4.000000e-03,
43,1.600000e-02,4.800000e-03,
44,3.200000e-02,4.000000e-03,
45,3.200000e-02,4.800000e-03,
46,4.800000e-02,4.000000e-03,
47,4.800000e-02,4.000000e-03,
48,6.400000e-02,4.000000e-03,
49,6.400000e-02,4.800000e-03,
50,7.200000e-02,4.800000e-03,
51,8.000001e-02,4.800000e-03,
52,9.600001e-02,4.800000e-03,
53,9.600001e-02,4.000000e-03,
54,1.040000e-01,5.600000e-03,
55,1.120000e-01,4.800000e-03,
56,1.200000e-01,4.800000e-03,
57,1.280000e-01,4.800000e-03,
58,1.360000e-01,5.600000e-03,
59,1.440000e-01,4.800000e-03,
60,1.520000e-01,4.800000e-03,
61,1.600000e-01,5.600000e-03,
62,1.680000e-01,5.600000e-03,
63,1.760000e-01,6.400000e-03,
64,1.840000e-01,5.600000e-03,
65,1.840000e-01,5.600000e-03,
66,2.000000e-01,5.600000e-03,
67,2.000000e-01,5.600000e-03,
68,2.160000e-01,5.600000e-03,
69,2.160000e-01,5.600000e-03,
70,2.240000e-01,5.600000e-03,
71,2.320000e-01,6.400000e-03,
72,2.400000e-01,5.600000e-03,
73,2.480000e-01,6.400000e-03,
74,2.560000e-01,5.600000e-03,
75,2.640000e-01,5.600000e-03,
76,2.720000e-01,5.600000e-03,
77,2.720000e-01,5.600000e-03,
78,2.880000e-01,5.600000e-03,
79,2.880000e-01,5.600000e-03,
80,2.960000e-01,5.600000e-03,
81,3.040000e-01,6.400000e-03,
82,3.120000e-01,5.600000e-03,
83,3.200000e-01,5.600000e-03,
84,3.280000e-01,6.400000e-03,
85,3.280000e-01,6.400000e-03,
86,3.440000e-01,6.400000e-03,
87,3.440000e-01,6.400000e-03,
88,3.520000e-01,6.400000e-03,
89,3.600000e-01,6.400000e-03,
90,3.680000e-01,6.400000e-03,
91,3.760000e-01,6.400000e-03,
92,3.840000e-01,6.400000e-03,
93,3.840000e-01,7.200000e-03,
94,3.920000e-01,6.400000e-03,
95,4.000000e-01,6.400000e-03,
96,4.080000e-01,6.400000e-03,
97,4.160000e-01,6.400000e-03,
98,4.240000e-01,6.400000e-03,
99,4.240000e-01,6.400000e-03,
100,4.320000e-01,7.200000e-03,
101,4.400000e-01,7.200000e-03,
102,4.480000e-01,7.200000e-03,
103,4.480000e-01,7.200000e-03,
104,4.560000e-01,7.200000e-03,
105,4.640000e-01,7.200000e-03,
106,4.720000e-01,7.200000e-03,
107,4.720000e-01,7.200000e-03,
108,4.880000e-01,7.200000e-03,
109,4.880000e-01,7.200000e-03,
110,4.960000e-01,7.200000e-03,
111,5.040000e-01,7.200000e-03,
112,5.120000e-01,7.200000e-03,
113,5.120000e-01,7.200000e-03,
114,5.200000e-01,7.200000e-03,
115,5.280000e-01,7.200000e-03,
116,5.280000e-01,7.200000e-03,
117,5.360000e-01,7.200000e-03,
118,5.440000e-01,7.999999e-03,
119,5.440000e-01,7.999999e-03,
120,5.520000e-01,7.999999e-03,
121,5.600000e-01,7.200000e-03,
122,5.600000e-01,7.200000e-03,
123,5.680000e-01,7.200000e-03,
124,5.760000e-01,7.999999e-03,
125,5.760000e-01,7.999999e-03,
126,5.840001e-01,7.999999e-03,
127,5.920000e-01,7.200000e-03,
128,5.920000e-01,7.999999e-03,
129,6.000000e-01,7.200000e-03,
130,6.080000e-01,7.999999e-03,
131,6.080000e-01,7.200000e-03,
132,6.160001e-01,7.999999e-03,
133,6.240000e-01,7.200000e-03,
134,6.240000e-01,7.999999e-03,
135,6.320000e-01,7.200000e-03,
136,6.320000e-01,7.200000e-03,
137,6.400000e-01,7.200000e-03,
138,6.480000e-01,7.200000e-03,
139,6.400000e-01,7.200000e-03,
140,6.480000e-01,7.200000e-03,
141,6.560000e-01,7.200000e-03,
142,6.640000e-01,7.200000e-03,
143,6.560000e-01,7.200000e-03,
144,6.640000e-01,7.200000e-03,
145,6.720001e-01,7.999999e-03,
146,6.800000e-01,7.999999e-03,
147,6.720001e-01,7.200000e-03,
148,6.800000e-01,7.999999e-03,
149,6.880000e-01,7.200000e-03,
150,6.880000e-01,7.200000e-03,
151,6.960000e-01,7.200000e-03,
152,6.960000e-01,7.200000e-03,
153,7.040001e-01,7.200000e-03,
154,7.040001e-01,7.999999e-03,
155,7.040001e-01,7.999999e-03,
156,7.120000e-01,7.999999e-03,
157,7.120000e-01,7.999999e-03,
158,7.200000e-01,7.999999e-03,
159,7.200000e-01,7.999999e-03,
160,7.200000e-01,7.200000e-03,
161,7.280000e-01,7.200000e-03,
162,7.280000e-01,7.200000e-03,
163,7.360001e-01,7.200000e-03,
164,7.360001e-01,7.200000e-03,
165,7.360001e-01,7.200000e-03,
166,7.360001e-01,7.999999e-03,
167,7.440000e-01,7.999999e-03,
168,7.440000e-01,7.999999e-03,
169,7.440000e-01,7.999999e-03,
170,7.440000e-01,7.200000e-03,
171,7.520000e-01,7.999999e-03,
172,7.520000e-01,7.999999e-03,
173,7.520000e-01,7.999999e-03,
174,7.520000e-01,7.200000e-03,
175,7.600001e-01,7.999999e-03,
176,7.600001e-01,7.200000e-03,
177,7.600001e-01,7.999999e-03,
178,7.600001e-01,7.999999e-03,
179,7.680001e-01,7.200000e-03,
180,7.680001e-01,7.200000e-03,
181,7.600001e-01,7.999999e-03,
182,7.680001e-01,7.200000e-03,
183,7.680001e-01,7.999999e-03,
184,7.680001e-01,7.200000e-03,
185,7.760000e-01,7.200000e-03,
186,7.760000e-01,7.200000e-03,
187,7.760000e-01,7.999999e-03,
188,7.760000e-01,7.200000e-03,
189,7.760000e-01,7.200000e-03,
190,7.760000e-01,7.200000e-03,
191,7.840000e-01,7.200000e-03,
192,7.760000e-01,7.200000e-03,
193,7.840000e-01,7.200000e-03,
194,7.760000e-01,7.200000e-03,
195,7.840000e-01,7.200000e-03,
196,7.840000e-01,6.400000e-03,
197,7.760000e-01,6.400000e-03,
198,7.840000e-01,6.400000e-03,
199,7.760000e-01,7.200000e-03,
200,7.840000e-01,6.400000e-03,
201,7.760000e-01,6.400000e-03,
202,7.840000e-01,6.400000e-03,
203,7.760000e-01,6.400000e-03,
204,7.760000e-01,6.400000e-03,
205,7.840000e-01,6.400000e-03,
206,7.760000e-01,6.400000e-03,
207,7.840000e-01,6.400000e-03,
208,7.760000e-01,6.400000e-03,
209,7.840000e-01,6.400000e-03,
210,7.760000e-01,5.600000e-03,
211,7.760000e-01,5.600000e-03,
212,7.760000e-01,6.400000e-03,
213,7.760000e-01,5.600000e-03,
214,7.760000e-01,5.600000e-03,
215,7.680001e-01,6.400000e-03,
216,7.760000e-01,6.400000e-03,
217,7.680001e-01,6.400000e-03,
218,7.680001e-01,5.600000e-03,
219,7.600001e-01,5.600000e-03,
220,7.600001e-01,6.400000e-03,
221,7.680001e-01,6.400000e-03,
222,7.600001e-01,5.600000e-03,
223,7.600001e-01,6.400000e-03,
224,7.600001e-01,5.600000e-03,
225,7.520000e-01,6.400000e-03,
226,7.520000e-01,5.600000e-03,
227,7.520000e-01,5.600000e-03,
228,7.520000e-01,5.600000e-03,
229,7.440000e-01,5.600000e-03,
230,7.440000e-01,5.600000e-03,
231,7.360001e-01,5.600000e-03,
232,7.360001e-01,5.600000e-03,
233,7.440000e-01,5.600000e-03,
234,7.280000e-01,5.600000e-03,
235,7.360001e-01,5.600000e-03,
236,7.280000e-01,4.800000e-03,
237,7.280000e-01,4.800000e-03,
238,7.280000e-01,4.800000e-03,
239,7.200000e-01,5.600000e-03,
240,7.200000e-01,4.800000e-03,
241,7.200000e-01,4.800000e-03,
242,7.120000e-01,4.800000e-03,
243,7.120000e-01,4.800000e-03,
244,7.040001e-01,4.000000e-03,
245,7.040001e-01,4.800000e-03,
246,6.960000e-01,4.800000e-03,
247,7.040001e-01,4.000000e-03,
248,6.960000e-01,4.000000e-03,
249,6.880000e-01,4.000000e-03,
250,6.880000e-01,4.000000e-03,
251,6.800000e-01,4.000000e-03,
252,6.800000e-01,4.000000e-03,
253,6.800000e-01,4.000000e-03,
254,6.720001e-01,4.000000e-03,
255,6.640000e-01,4.000000e-03,
256,6.640000e-01,4.000000e-03,
257,6.560000e-01,3.200000e-03,
258,6.480000e-01,3.200000e-03,
259,6.560000e-01,3.200000e-03,
260,6.400000e-01,3.200000e-03,
261,6.480000e-01,3.200000e-03,
262,6.400000e-01,3.200000e-03,
263,6.320000e-01,3.200000e-03,
264,6.240000e-01,3.200000e-03,
265,6.320000e-01,4.000000e-03,
266,6.160001e-01,3.200000e-03,
267,6.160001e-01,3.200000e-03,
268,6.080000e-01,3.200000e-03,
269,6.000000e-01,3.200000e-03,
270,6.000000e-01,3.200000e-03,
271,5.920000e-01,3.200000e-03,
272,5.840001e-01,3.200000e-03,
273,5.840001e-01,3.200000e-03,
274,5.760000e-01,2.400000e-03,
275,5.680000e-01,2.400000e-03,
276,5.680000e-01,2.400000e-03,
277,5.600000e-01,2.400000e-03,
278,5.520000e-01,2.400000e-03,
279,5.520000e-01,2.400000e-03,
280,5.440000e-01,2.400000e-03,
281,5.360000e-01,2.400000e-03,
282,5.360000e-01,2.400000e-03,
283,5.280000e-01,2.400000e-03,
284,5.200000e-01,2.400000e-03,
285,5.200000e-01,1.600000e-03,
286,5.120000e-01,2.400000e-03,
287,5.040000e-01,1.600000e-03,
288,4.960000e-01,1.600000e-03,
289,4.960000e-01,1.600000e-03,
290,4.880000e-01,1.600000e-03,
291,4.800000e-01,1.600000e-03,
292,4.720000e-01,8.000000e-04,
293,4.720000e-01,8.000000e-04,
294,4.640000e-01,1.600000e-03,
295,4.560000e-01,1.600000e-03,
296,4.480000e-01,8.000000e-04,
297,4.480000e-01,8.000000e-04,
298,4.320000e-01,8.000000e-04,
299,4.320000e-01,8.000000e-04,
300,4.240000e-01,8.000000e-04,
301,4.160000e-01,8.000000e-04,
302,4.080000e-01,0.000000e+00,
303,4.080000e-01,0.000000e+00,
304,4.000000e-01,0.000000e+00,
305,3.920000e-01,0.000000e+00,
306,3.840000e-01,0.000000e+00,
307,3.760000e-01,0.000000e+00,
308,3.680000e-01,0.000000e+00,
309,3.600000e-01,0.000000e+00,
310,3.600000e-01,0.000000e+00,
311,3.520000e-01,8.000000e-04,
312,3.440000e-01,0.000000e+00,
313,3.360000e-01,0.000000e+00,
314,3.280000e-01,0.000000e+00,
315,3.200000e-01,0.000000e+00,
316,3.120000e-01,-8.000000e-04,
317,3.120000e-01,-8.000000e-04,
318,3.040000e-01,-8.000000e-04,
319,2.960000e-01,-8.000000e-04,
320,2.880000e-01,-8.000000e-04,
321,2.800000e-01,-8.000000e-04,
322,2.720000e-01,-8.000000e-04,
323,2.640000e-01,-1.600000e-03,
324,2.560000e-01,-8.000000e-04,
325,2.480000e-01,-1.600000e-03,
326,2.400000e-01,-1.600000e-03,
327,2.400000e-01,-1.600000e-03,
328,2.240000e-01,-8.000000e-04,
329,2.320000e-01,-8.000000e-04,
330,2.160000e-01,-8.000000e-04,
331,2.080000e-01,-8.000000e-04,
332,2.000000e-01,-8.000000e-04,
333,1.920000e-01,-1.600000e-03,
334,1.840000e-01,-1.600000e-03,
335,1.760000e-01,-1.600000e-03,
336,1.680000e-01,-1.600000e-03,
337,1.600000e-01,-1.600000e-03,
338,1.520000e-01,-1.600000e-03,
339,1.520000e-01,-1.600000e-03,
340,1.360000e-01,-1.600000e-03,
341,1.360000e-01,-1.600000e-03,
342,1.200000e-01,-2.400000e-03,
343,1.280000e-01,-2.400000e-03,
344,1.120000e-01,-1.600000e-03,
345,1.040000e-01,-1.600000e-03,
346,8.800001e-02,-2.400000e-03,
347,9.600001e-02,-2.400000e-03,
348,8.000001e-02,-2.400000e-03,
349,7.200000e-02,-2.400000e-03,
350,6.400000e-02,-2.400000e-03,
351,5.600000e-02,-2.400000e-03,
352,4.800000e-02,-3.200000e-03,
353,4.000000e-02,-2.400000e-03,
354,3.200000e-02,-3.200000e-03,
355,2.400000e-02,-3.200000e-03,
356,1.600000e-02,-3.200000e-03,
357,8.000000e-03,-3.200000e-03,
358,0.000000e+00,-3.200000e-03,
359,-8.000000e-03,-3.200000e-03,
360,-1.600000e-02,-3.200000e-03,
361,-2.400000e-02,-3.200000e-03,
362,-3.200000e-02,-3.200000e-03,
363,-4.000000e-02,-3.200000e-03,
364,-4.800000e-02,-4.000000e-03,
365,-4.800000e-02,-3.200000e-03,
366,-6.400000e-02,-3.200000e-03,
367,-7.200000e-02,-3.200000e-03,
368,-7.200000e-02,-4.000000e-03,
369,-8.000001e-02,-3.200000e-03,
370,-9.600001e-02,-4.000000e-03,
371,-9.600001e-02,-4.800000e-03,
372,-1.120000e-01,-4.800000e-03,
373,-1.120000e-01,-4.800000e-03,
374,-1.280000e-01,-4.000000e-03,
375,-1.280000e-01,-4.000000e-03,
376,-1.360000e-01,-4.800000e-03,
377,-1.440000e-01,-4.800000e-03,
378,-1.520000e-01,-4.000000e-03,
379,-1.600000e-01,-4.000000e-03,
380,-1.680000e-01,-4.000000e-03,
381,-1.760000e-01,-4.000000e-03,
382,-1.840000e-01,-4.000000e-03,
383,-1.920000e-01,-4.000000e-03,
384,-2.000000e-01,-4.000000e-03,
385,-2.080000e-01,-4.800000e-03,
386,-2.160000e-01,-4.000000e-03,
387,-2.160000e-01,-4.800000e-03,
388,-2.320000e-01,-4.800000e-03,
389,-2.320000e-01,-4.800000e-03,
390,-2.400000e-01,-4.800000e-03,
391,-2.480000e-01,-4.800000e-03,
392,-2.560000e-01,-4.800000e-03,
393,-2.640000e-01,-4.800000e-03,
394,-2.720000e-01,-4.800000e-03,
395,-2.800000e-01,-4.800000e-03,
396,-2.880000e-01,-4.800000e-03,
397,-2.960000e-01,-4.000000e-03,
398,-3.040000e-01,-4.800000e-03,
399,-3.120000e-01,-4.800000e-03,
400,-3.120000e-01,-5.600000e-03,
401,-3.200000e-01,-5.600000e-03,
402,-3.280000e-01,-4.800000e-03,
403,-3.280000e-01,-5.600000e-03,
404,-3.440000e-01,-4.800000e-03,
405,-3.440000e-01,-4.800000e-03,
406,-3.520000e-01,-4.800000e-03,
407,-3.600000e-01,-4.800000e-03,
408,-3.680000e-01,-4.800000e-03,
409,-3.760000e-01,-4.800000e-03,
410,-3.840000e-01,-5.600000e-03,
411,-3.920000e-01,-5.600000e-03,
412,-4.000000e-01,-5.600000e-03,
413,-4.000000e-01,-5.600000e-03,
414,-4.080000e-01,-5.600000e-03,
415,-4.160000e-01,-4.800000e-03,
416,-4.240000e-01,-5.600000e-03,
417,-4.240000e-01,-5.600000e-03,
418,-4.320000e-01,-5.600000e-03,
419,-4.400000e-01,-5.600000e-03,
420,-4.480000e-01,-6.400000e-03,
421,-4.560000e-01,-5.600000e-03,
422,-4.640000e-01,-5.600000e-03,
423,-4.640000e-01,-5.600000e-03,
424,-4.720000e-01,-5.600000e-03,
425,-4.800000e-01,-5.600000e-03,
426,-4.880000e-01,-5.600000e-03,
427,-4.880000e-01,-5.600000e-03,
428,-4.960000e-01,-5.600000e-03,
429,-5.040000e-01,-5.600000e-03,
430,-5.120000e-01,-5.600000e-03,
431,-5.120000e-01,-6.400000e-03,
432,-5.200000e-01,-5.600000e-03,
433,-5.280000e-01,-6.400000e-03,
434,-5.280000e-01,-6.400000e-03,
435,-5.360000e-01,-5.600000e-03,
436,-5.440000e-01,-6.400000e-03,
437,-5.440000e-01,-5.600000e-03,
438,-5.520000e-01,-6.400000e-03,
439,-5.600000e-01,-6.400000e-03,
440,-5.600000e-01,-6.400000e-03,
441,-5.680000e-01,-6.400000e-03,
442,-5.760000e-01,-6.400000e-03,
443,-5.840001e-01,-6.400000e-03,
444,-5.840001e-01,-5.600000e-03,
445,-5.840001e-01,-5.600000e-03,
446,-5.920000e-01,-5.600000e-03,
447,-6.000000e-01,-5.600000e-03,
448,-6.000000e-01,-5.600000e-03,
449,-6.080000e-01,-5.600000e-03,
450,-6.160001e-01,-6.400000e-03,
451,-6.160001e-01,-6.400000e-03,
452,-6.240000e-01,-6.400000e-03,
453,-6.240000e-01,-5.600000e-03,
454,-6.320000e-01,-6.400000e-03,
455,-6.320000e-01,-5.600000e-03,
456,-6.400000e-01,-6.400000e-03,
457,-6.480000e-01,-5.600000e-03,
458,-6.480000e-01,-6.400000e-03,
459,-6.560000e-01,-5.600000e-03,
460,-6.560000e-01,-5.600000e-03,
461,-6.640000e-01,-5.600000e-03,
462,-6.640000e-01,-5.600000e-03,
463,-6.640000e-01,-5.600000e-03,
464,-6.720001e-01,-6.400000e-03,
465,-6.720001e-01,-5.600000e-03,
466,-6.800000e-01,-6.400000e-03,
467,-6.800000e-01,-5.600000e-03,
468,-6.880000e-01,-5.600000e-03,
469,-6.880000e-01,-5.600000e-03,
470,-6.880000e-01,-5.600000e-03,
471,-6.960000e-01,-5.600000e-03,
472,-6.960000e-01,-5.600000e-03,
473,-7.040001e-01,-5.600000e-03,
474,-7.040001e-01,-5.600000e-03,
475,-7.120000e-01,-5.600000e-03,
476,-7.120000e-01,-5.600000e-03,
477,-7.120000e-01,-6.400000e-03,
478,-7.200000e-01,-6.400000e-03,
479,-7.120000e-01,-5.600000e-03,
480,-7.200000e-01,-5.600000e-03,
481,-7.280000e-01,-6.400000e-03,
482,-7.200000e-01,-6.400000e-03,
483,-7.280000e-01,-6.400000e-03,
484,-7.280000e-01,-5.600000e-03,
485,-7.280000e-01,-5.600000e-03,
486,-7.360001e-01,-5.600000e-03,
487,-7.360001e-01,-5.600000e-03,
488,-7.360001e-01,-5.600000e-03,
489,-7.440000e-01,-5.600000e-03,
490,-7.360001e-01,-5.600000e-03,
491,-7.440000e-01,-5.600000e-03,
492,-7.440000e-01,-5.600000e-03,
493,-7.520000e-01,-5.600000e-03,
494,-7.520000e-01,-5.600000e-03,
495,-7.440000e-01,-5.600000e-03,
496,-7.520000e-01,-5.600000e-03,
497,-7.520000e-01,-5.600000e-03,
498,-7.520000e-01,-5.600000e-03,
499,-7.600001e-01,-6.400000e-03,
500,-7.520000e-01,-5.600000e-03,
501,-7.600001e-01,-5.600000e-03,
502,-7.600001e-01,-5.600000e-03,
503,-7.600001e-01,-5.600000e-03,
504,-7.600001e-01,-5.600000e-03,
505,-7.680001e-01,-5.600000e-03,
506,-7.600001e-01,-5.600000e-03,
507,-7.600001e-01,-5.600000e-03,
508,-7.680001e-01,-4.800000e-03,
509,-7.600001e-01,-5.600000e-03,
510,-7.600001e-01,-4.800000e-03,
511,-7.680001e-01,-5.600000e-03,
512,-7.600001e-01,-4.800000e-03,
513,-7.600001e-01,-4.800000e-03,
514,-7.600001e-01,-5.600000e-03,
515,-7.680001e-01,-4.800000e-03,
516,-7.600001e-01,-5.600000e-03,
517,-7.680001e-01,-4.800000e-03,
518,-7.600001e-01,-4.800000e-03,
519,-7.680001e-01,-4.800000e-03,
520,-7.680001e-01,-4.800000e-03,
521,-7.600001e-01,-4.000000e-03,
522,-7.600001e-01,-4.800000e-03,
523,-7.600001e-01,-4.000000e-03,
524,-7.600001e-01,-4.800000e-03,
525,-7.520000e-01,-4.000000e-03,
526,-7.520000e-01,-4.000000e-03,
527,-7.600001e-01,-4.000000e-03,
528,-7.520000e-01,-4.000000e-03,
529,-7.600001e-01,-4.000000e-03,
530,-7.520000e-01,-4.000000e-03,
531,-7.520000e-01,-4.000000e-03,
532,-7.440000e-01,-4.000000e-03,
533,-7.520000e-01,-4.000000e-03,
534,-7.520000e-01,-4.000000e-03,
535,-7.440000e-01,-4.000000e-03,
536,-7.440000e-01,-4.000000e-03,
537,-7.440000e-01,-4.800000e-03,
538,-7.440000e-01,-4.800000e-03,
539,-7.360001e-01,-4.000000e-03,
540,-7.360001e-01,-4.800000e-03,
541,-7.360001e-01,-4.800000e-03,
542,-7.360001e-01,-4.000000e-03,
543,-7.280000e-01,-4.000000e-03,
544,-7.280000e-01,-4.000000e-03,
545,-7.280000e-01,-4.000000e-03,
546,-7.280000e-01,-4.000000e-03,
547,-7.200000e-01,-4.000000e-03,
548,-7.200000e-01,-4.000000e-03,
549,-7.200000e-01,-4.000000e-03,
550,-7.120000e-01,-3.200000e-03,
551,-7.200000e-01,-3.200000e-03,
552,-7.120000e-01,-3.200000e-03,
553,-7.040001e-01,-3.200000e-03,
554,-6.960000e-01,-3.200000e-03,
555,-7.040001e-01,-3.200000e-03,
556,-6.960000e-01,-2.400000e-03,
557,-6.880000e-01,-3.200000e-03,
558,-6.880000e-01,-2.400000e-03,
559,-6.880000e-01,-2.400000e-03,
560,-6.880000e-01,-2.400000e-03,
561,-6.800000e-01,-3.200000e-03,
562,-6.800000e-01,-3.200000e-03,
563,-6.720001e-01,-3.200000e-03,
564,-6.720001e-01,-3.200000e-03,
565,-6.640000e-01,-3.200000e-03,
566,-6.560000e-01,-2.400000e-03,
567,-6.560000e-01,-3.200000e-03,
568,-6.560000e-01,-2.400000e-03,
569,-6.480000e-01,-2.400000e-03,
570,-6.400000e-01,-2.400000e-03,
571,-6.480000e-01,-2.400000e-03,
572,-6.400000e-01,-2.400000e-03,
573,-6.320000e-01,-2.400000e-03,
574,-6.320000e-01,-2.400000e-03,
575,-6.240000e-01,-1.600000e-03,
576,-6.240000e-01,-2.400000e-03,
577,-6.160001e-01,-1.600000e-03,
578,-6.080000e-01,-2.400000e-03,
579,-6.080000e-01,-1.600000e-03,
580,-6.000000e-01,-2.400000e-03,
581,-6.000000e-01,-2.400000e-03,
582,-5.920000e-01,-1.600000e-03,
583,-5.840001e-01,-1.600000e-03,
584,-5.840001e-01,-1.600000e-03,
585,-5.760000e-01,-1.600000e-03,
586,-5.680000e-01,-1.600000e-03,
587,-5.680000e-01,-8.000000e-04,
588,-5.600000e-01,-1.600000e-03,
589,-5.600000e-01,-8.000000e-04,
590,-5.520000e-01,-8.000000e-04,
591,-5.440000e-01,-8.000000e-04,
592,-5.360000e-01,-8.000000e-04,
593,-5.280000e-01,-8.000000e-04,
594,-5.280000e-01,-8.000000e-04,
595,-5.200000e-01,-8.000000e-04,
596,-5.200000e-01,-8.000000e-04,
597,-5.120000e-01,-8.000000e-04,
598,-5.040000e-01,-8.000000e-04,
599,-5.040000e-01,-8.000000e-04,
600,-4.960000e-01,-8.000000e-04,
601,-4.880000e-01,-8.000000e-04,
602,-4.800000e-01,-8.000000e-04,
603,-4.800000e-01,-8.000000e-04,
604,-4.720000e-01,-8.000000e-04,
605,-4.640000e-01,-8.000000e-04,
606,-4.560000e-01,0.000000e+00,
607,-4.480000e-01,0.000000e+00,
608,-4.400000e-01,0.000000e+00,
609,-4.320000e-01,8.000000e-04,
610,-4.320000e-01,8.000000e-04,
611,-4.240000e-01,0.000000e+00,
612,-4.160000e-01,8.000000e-04,
613,-4.080000e-01,0.000000e+00,
614,-4.080000e-01,8.000000e-04,
615,-4.000000e-01,0.000000e+00,
616,-3.920000e-01,8.000000e-04,
617,-3.840000e-01,8.000000e-04,
618,-3.760000e-01,8.000000e-04,
619,-3.760000e-01,8.000000e-04,
620,-3.600000e-01,8.000000e-04,
621,-3.600000e-01,8.000000e-04,
622,-3.520000e-01,8.000000e-04,
623,-3.520000e-01,8.000000e-04,
624,-3.360000e-01,8.000000e-04,
625,-3.280000e-01,8.000000e-04,
626,-3.200000e-01,1.600000e-03,
627,-3.200000e-01,8.000000e-04,
628,-3.120000e-01,1.600000e-03,
629,-3.040000e-01,1.600000e-03,
630,-2.960000e-01,1.600000e-03,
631,-2.960000e-01,1.600000e-03,
632,-2.800000e-01,1.600000e-03,
633,-2.800000e-01,1.600000e-03,
634,-2.640000e-01,1.600000e-03,
635,-2.560000e-01,2.400000e-03,
636,-2.480000e-01,1.600000e-03,
637,-2.400000e-01,2.400000e-03,
638,-2.320000e-01,2.400000e-03,
639,-2.400000e-01,2.400000e-03,
640,-2.240000e-01,2.400000e-03,
641,-2.160000e-01,2.400000e-03,
642,-2.080000e-01,2.400000e-03,
643,-2.000000e-01,2.400000e-03,
644,-1.920000e-01,2.400000e-03,
645,-1.840000e-01,2.400000e-03,
646,-1.760000e-01,2.400000e-03,
647,-1.680000e-01,2.400000e-03,
648,-1.600000e-01,2.400000e-03,
649,-1.600000e-01,2.400000e-03,
650,-1.440000e-01,2.400000e-03,
651,-1.440000e-01,2.400000e-03,
652,-1.280000e-01,3.200000e-03,
653,-1.280000e-01,2.400000e-03,
654,-1.120000e-01,3.200000e-03,
655,-1.200000e-01,3.200000e-03,
656,-1.040000e-01,3.200000e-03,
657,-9.600001e-02,3.200000e-03,
658,-8.800001e-02,2.400000e-03,
659,-8.000001e-02,3.200000e-03,
660,-7.200000e-02,3.200000e-03,
661,-6.400000e-02,3.200000e-03,
662,-4.800000e-02,3.200000e-03,
663,-5.600000e-02,3.200000e-03,
664,-4.000000e-02,3.200000e-03,
665,-3.200000e-02,4.000000e-03,
666,-2.400000e-02,4.000000e-03,
667,-1.600000e-02,4.000000e-03,
668,-8.000000e-03,4.000000e-03,
669,-8.000000e-03,4.000000e-03,
670,8.000000e-03,4.000000e-03,
671,1.600000e-02,4.800000e-03,
672,2.400000e-02,4.800000e-03,
673,3.200000e-02,4.800000e-03,
674,4.000000e-02,4.000000e-03,
675,4.000000e-02,4.800000e-03,
676,5.600000e-02,4.000000e-03,
677,5.600000e-02,4.800000e-03,
678,7.200000e-02,4.000000e-03,
679,7.200000e-02,4.000000e-03,
680,8.800001e-02,4.800000e-03,
681,8.800001e-02,4.800000e-03,
682,1.040000e-01,4.800000e-03,
683,1.040000e-01,4.800000e-03,
684,1.200000e-01,4.800000e-03,
685,1.200000e-01,5.600000e-03,
686,1.280000e-01,5.600000e-03,
687,1.360000e-01,4.800000e-03,
688,1.440000e-01,5.600000e-03,
689,1.520000e-01,4.800000e-03,
690,1.600000e-01,5.600000e-03,
691,1.680000e-01,5.600000e-03,
692,1.760000e-01,4.800000e-03,
693,1.840000e-01,5.600000e-03,
694,1.920000e-01,5.600000e-03,
695,1.920000e-01,5.600000e-03,
696,2.080000e-01,4.800000e-03,
697,2.080000e-01,5.600000e-03,
698,2.240000e-01,5.600000e-03,
699,2.240000e-01,4.800000e-03,
700,2.320000e-01,5.600000e-03,
701,2.400000e-01,5.600000e-03,
702,2.480000e-01,5.600000e-03,
703,2.560000e-01,5.600000e-03,
704,2.640000e-01,5.600000e-03,
705,2.640000e-01,6.400000e-03,
706,2.800000e-01,5.600000e-03,
707,2.800000e-01,6.400000e-03,
708,2.960000e-01,5.600000e-03,
709,2.960000e-01,6.400000e-03,
710,3.040000e-01,6.400000e-03,
711,3.120000e-01,6.400000e-03,
712,3.200000e-01,5.600000e-03,
713,3.280000e-01,6.400000e-03,
714,3.360000e-01,6.400000e-03,
715,3.440000e-01,6.400000e-03,
716,3.520000e-01,6.400000e-03,
717,3.520000e-01,6.400000e-03,
718,3.600000e-01,6.400000e-03,
719,3.680000e-01,6.400000e-03,
720,3.760000e-01,6.400000e-03,
721,3.840000e-01,6.400000e-03,
722,3.920000e-01,6.400000e-03,
723,3.920000e-01,6.400000e-03,
724,4.000000e-01,6.400000e-03,
725,4.080000e-01,6.400000e-03,
726,4.160000e-01,6.400000e-03,
727,4.240000e-01,7.200000e-03,
728,4.320000e-01,7.200000e-03,
729,4.320000e-01,6.400000e-03,
730,4.400000e-01,7.200000e-03,
731,4.400000e-01,7.200000e-03,
732,4.560000e-01,7.200000e-03,
733,4.560000e-01,7.200000e-03,
734,4.640000e-01,7.200000e-03,
735,4.720000e-01,7.200000e-03,
736,4.800000e-01,7.200000e-03,
737,4.800000e-01,7.200000e-03,
738,4.880000e-01,7.200000e-03,
739,4.960000e-01,7.200000e-03,
740,5.040000e-01,7.200000e-03,
741,5.040000e-01,7.200000e-03,
742,5.120000e-01,6.400000e-03,
743,5.200000e-01,7.200000e-03,
744,5.280000e-01,7.200000e-03,
745,5.280000e-01,7.200000e-03,
746,5.360000e-01,7.200000e-03,
747,5.440000e-01,7.999999e-03,
748,5.520000e-01,7.999999e-03,
749,5.520000e-01,7.999999e-03,
750,5.600000e-01,7.999999e-03,
751,5.600000e-01,7.999999e-03,
752,5.680000e-01,7.200000e-03,
753,5.760000e-01,7.200000e-03,
754,5.840001e-01,7.200000e-03,
755,5.840001e-01,7.999999e-03,
756,5.920000e-01,7.200000e-03,
757,6.000000e-01,7.999999e-03,
758,6.000000e-01,7.200000e-03,
759,6.080000e-01,7.999999e-03,
760,6.080000e-01,7.200000e-03,
761,6.160001e-01,7.200000e-03,
762,6.240000e-01,7.200000e-03,
763,6.240000e-01,7.999999e-03,
764,6.240000e-01,7.200000e-03,
765,6.320000e-01,7.999999e-03,
766,6.400000e-01,7.999999e-03,
767,6.400000e-01,7.999999e-03,
768,6.480000e-01,7.999999e-03,
769,6.480000e-01,7.999999e-03,
770,6.560000e-01,7.999999e-03,
771,6.640000e-01,7.999999e-03,
772,6.640000e-01,7.999999e-03,
773,6.640000e-01,7.999999e-03,
774,6.720001e-01,7.999999e-03,
775,6.720001e-01,7.200000e-03,
776,6.800000e-01,7.999999e-03,
777,6.880000e-01,7.999999e-03,
778,6.880000e-01,7.200000e-03,
779,6.960000e-01,7.200000e-03,
780,6.960000e-01,7.999999e-03,
781,6.960000e-01,7.200000e-03,
782,7.040001e-01,7.200000e-03,
783,7.040001e-01,7.999999e-03,
784,7.040001e-01,7.999999e-03,
785,7.120000e-01,7.200000e-03,
786,7.120000e-01,7.200000e-03,
787,7.200000e-01,7.999999e-03,
788,7.200000e-01,7.999999e-03,
789,7.280000e-01,7.999999e-03,
790,7.280000e-01,7.999999e-03,
791,7.280000e-01,7.999999e-03,
792,7.280000e-01,7.999999e-03,
793,7.360001e-01,7.999999e-03,
794,7.360001e-01,7.999999e-03,
795,7.440000e-01,7.200000e-03,
796,7.440000e-01,7.999999e-03,
797,7.440000e-01,7.999999e-03,
798,7.440000e-01,7.999999e-03,
799,7.520000e-01,7.200000e-03,
800,7.520000e-01,7.999999e-03,
801,7.520000e-01,7.999999e-03,
802,7.520000e-01,7.200000e-03,
803,7.600001e-01,7.200000e-03,
804,7.600001e-01,7.200000e-03,
805,7.600001e-01,7.200000e-03,
806,7.600001e-01,7.200000e-03,
807,7.680001e-01,7.200000e-03,
808,7.600001e-01,7.200000e-03,
809,7.680001e-01,7.200000e-03,
810,7.680001e-01,7.200000e-03,
811,7.680001e-01,7.200000e-03,
812,7.680001e-01,7.200000e-03,
813,7.760000e-01,7.200000e-03,
814,7.760000e-01,7.200000e-03,
815,7.760000e-01,7.200000e-03,
816,7.760000e-01,7.200000e-03,
817,7.760000e-01,7.200000e-03,
818,7.840000e-01,7.200000e-03,
819,7.760000e-01,6.400000e-03,
820,7.840000e-01,7.200000e-03,
821,7.760000e-01,7.200000e-03,
822,7.760000e-01,7.200000e-03,
823,7.840000e-01,7.200000e-03,
824,7.760000e-01,7.200000e-03,
825,7.760000e-01,7.200000e-03,
826,7.760000e-01,7.200000e-03,
827,7.840000e-01,7.200000e-03,
828,7.840000e-01,7.200000e-03,
829,7.760000e-01,7.200000e-03,
830,7.760000e-01,7.200000e-03,
831,7.840000e-01,7.200000e-03,
832,7.760000e-01,7.200000e-03,
833,7.840000e-01,7.200000e-03,
834,7.760000e-01,7.200000e-03,
835,7.840000e-01,7.200000e-03,
836,7.840000e-01,7.200000e-03,
837,7.760000e-01,7.200000e-03,
838,7.760000e-01,6.400000e-03,
839,7.840000e-01,5.600000e-03,
840,7.760000e-01,6.400000e-03,
841,7.760000e-01,6.400000e-03,
842,7.760000e-01,6.400000e-03,
843,7.680001e-01,5.600000e-03,
844,7.760000e-01,6.400000e-03,
845,7.680001e-01,6.400000e-03,
846,7.680001e-01,6.400000e-03,
847,7.680001e-01,6.400000e-03,
848,7.680001e-01,6.400000e-03,
849,7.600001e-01,5.600000e-03,
850,7.600001e-01,6.400000e-03,
851,7.600001e-01,6.400000e-03,
852,7.600001e-01,5.600000e-03,
853,7.520000e-01,5.600000e-03,
854,7.520000e-01,5.600000e-03,
855,7.600001e-01,6.400000e-03,
856,7.520000e-01,5.600000e-03,
857,7.440000e-01,5.600000e-03,
858,7.520000e-01,5.600000e-03,
859,7.440000e-01,5.600000e-03,
860,7.440000e-01,5.600000e-03,
861,7.360001e-01,4.800000e-03,
862,7.360001e-01,4.800000e-03,
863,7.360001e-01,4.800000e-03,
864,7.280000e-01,4.800000e-03,
865,7.360001e-01,4.800000e-03,
866,7.280000e-01,4.800000e-03,
867,7.280000e-01,4.800000e-03,
868,7.200000e-01,5.600000e-03,
869,7.200000e-01,4.800000e-03,
870,7.200000e-01,4.800000e-03,
871,7.120000e-01,4.800000e-03,
872,7.120000e-01,4.800000e-03,
873,7.040001e-01,4.800000e-03,
874,7.040001e-01,4.000000e-03,
875,6.960000e-01,4.800000e-03,
876,6.960000e-01,4.000000e-03,
877,6.880000e-01,4.800000e-03,
878,6.880000e-01,4.000000e-03,
879,6.880000e-01,4.000000e-03,
880,6.800000e-01,4.000000e-03,
881,6.800000e-01,4.800000e-03,
882,6.720001e-01,4.000000e-03,
883,6.720001e-01,4.000000e-03,
884,6.640000e-01,4.000000e-03,
885,6.640000e-01,4.000000e-03,
886,6.560000e-01,4.000000e-03,
887,6.560000e-01,4.000000e-03,
888,6.480000e-01,4.000000e-03,
889,6.400000e-01,4.000000e-03,
890,6.320000e-01,3.200000e-03,
891,6.400000e-01,4.000000e-03,
892,6.320000e-01,3.200000e-03,
893,6.240000e-01,3.200000e-03,
894,6.240000e-01,3.200000e-03,
895,6.160001e-01,3.200000e-03,
896,6.160001e-01,3.200000e-03,
897,6.080000e-01,3.200000e-03,
898,6.000000e-01,3.200000e-03,
899,6.000000e-01,3.200000e-03,
900,5.920000e-01,3.200000e-03,
901,5.840001e-01,3.200000e-03,
902,5.840001e-01,2.400000e-03,
903,5.760000e-01,3.200000e-03,
904,5.680000e-01,2.400000e-03,
905,5.680000e-01,2.400000e-03,
906,5.600000e-01,2.400000e-03,
907,5.520000e-01,2.400000e-03,
908,5.520000e-01,2.400000e-03,
909,5.440000e-01,2.400000e-03,
910,5.360000e-01,2.400000e-03,
911,5.280000e-01,2.400000e-03,
912,5.280000e-01,2.400000e-03,
913,5.200000e-01,2.400000e-03,
914,5.120000e-01,2.400000e-03,
915,5.120000e-01,2.400000e-03,
916,5.040000e-01,2.400000e-03,
917,4.960000e-01,1.600000e-03,
918,4.960000e-01,1.600000e-03,
919,4.880000e-01,1.600000e-03,
920,4.800000e-01,1.600000e-03,
921,4.720000e-01,1.600000e-03,
922,4.640000e-01,8.000000e-04,
923,4.640000e-01,1.600000e-03,
924,4.560000e-01,8.000000e-04,
925,4.480000e-01,8.000000e-04,
926,4.400000e-01,8.000000e-04,
927,4.320000e-01,1.600000e-03,
928,4.320000e-01,8.000000e-04,
929,4.240000e-01,8.000000e-04,
930,4.160000e-01,8.000000e-04,
931,4.080000e-01,8.000000e-04,
932,4.000000e-01,8.000000e-04,
933,4.000000e-01,8.000000e-04,
934,3.920000e-01,8.000000e-04,
935,3.840000e-01,0.000000e+00,
936,3.760000e-01,0.000000e+00,
937,3.680000e-01,0.000000e+00,
938,3.600000e-01,0.000000e+00,
939,3.600000e-01,0.000000e+00,
940,3.520000e-01,-8.000000e-04,
941,3.440000e-01,0.000000e+00,
942,3.360000e-01,0.000000e+00,
943,3.280000e-01,0.000000e+00,
944,3.200000e-01,0.000000e+00,
945,3.120000e-01,0.000000e+00,
946,3.040000e-01,-8.000000e-04,
947,3.040000e-01,0.000000e+00,
948,2.960000e-01,-8.000000e-04,
949,2.880000e-01,-8.000000e-04,
950,2.800000e-01,-8.000000e-04,
951,2.720000e-01,-8.000000e-04,
952,2.640000e-01,-8.000000e-04,
953,2.560000e-01,-8.000000e-04,
954,2.480000e-01,-8.000000e-04,
955,2.400000e-01,-8.000000e-04,
956,2.320000e-01,-8.000000e-04,
957,2.320000e-01,-8.000000e-04,
958,2.160000e-01,-8.000000e-04,
959,2.240000e-01,-8.000000e-04,
960,2.080000e-01,-1.600000e-03,
961,2.000000e-01,-1.600000e-03,
962,1.920000e-01,-1.600000e-03,
963,1.840000e-01,-1.600000e-03,
964,1.760000e-01,-1.600000e-03,
965,1.680000e-01,-1.600000e-03,
966,1.600000e-01,-1.600000e-03,
967,1.520000e-01,-1.600000e-03,
968,1.440000e-01,-1.600000e-03,
969,1.440000e-01,-1.600000e-03,
970,1.280000e-01,-1.600000e-03,
971,1.280000e-01,-2.400000e-03,
972,1.120000e-01,-1.600000e-03,
973,1.120000e-01,-2.400000e-03,
974,9.600001e-02,-1.600000e-03,
975,9.600001e-02,-2.400000e-03,
976,8.800001e-02,-1.600000e-03,
977,8.000001e-02,-2.400000e-03,
978,7.200000e-02,-2.400000e-03,
979,6.400000e-02,-2.400000e-03,
980,5.600000e-02,-3.200000e-03,
981,4.800000e-02,-2.400000e-03,
982,4.000000e-02,-3.200000e-03,
983,3.200000e-02,-3.200000e-03,
984,2.400000e-02,-3.200000e-03,
985,1.600000e-02,-3.200000e-03,
986,8.000000e-03,-3.200000e-03,
987,0.000000e+00,-3.200000e-03,
988,-8.000000e-03,-3.200000e-03,
989,-1.600000e-02,-3.200000e-03,
990,-2.400000e-02,-3.200000e-03,
991,-2.400000e-02,-4.000000e-03,
992,-4.000000e-02,-3.200000e-03,
993,-4.000000e-02,-3.200000e-03,
994,-5.600000e-02,-3.200000e-03,
995,-5.600000e-02,-3.200000e-03,
996,-7.200000e-02,-3.200000e-03,
997,-7.200000e-02,-3.200000e-03,
998,-8.800001e-02,-4.000000e-03,
999,-8.800001e-02,-4.000000e-03,
1000,-1.040000e-01,-4.000000e-03,
1001,-1.040000e-01,-4.800000e-03,
1002,-1.200000e-01,-4.000000e-03,
1003,-1.200000e-01,-4.000000e-03,
1004,-1.360000e-01,-4.000000e-03,
1005,-1.360000e-01,-4.000000e-03,
1006,-1.440000e-01,-4.000000e-03,
1007,-1.520000e-01,-4.000000e-03,
1008,-1.600000e-01,-4.000000e-03,
1009,-1.600000e-01,-4.000000e-03,
1010,-1.760000e-01,-4.800000e-03,
1011,-1.840000e-01,-4.000000e-03,
1012,-1.920000e-01,-4.000000e-03,
1013,-2.000000e-01,-4.800000e-03,
1014,-2.080000e-01,-4.000000e-03,
1015,-2.080000e-01,-4.000000e-03,
1016,-2.240000e-01,-4.000000e-03,
1017,-2.240000e-01,-4.000000e-03,
1018,-2.400000e-01,-4.000000e-03,
1019,-2.400000e-01,-4.000000e-03,
1020,-2.480000e-01,-4.000000e-03,
1021,-2.560000e-01,-4.800000e-03,
1022,-2.640000e-01,-4.800000e-03,
1023,-2.720000e-01,-4.000000e-03,
1024,-2.800000e-01,-4.800000e-03,
1025,-2.800000e-01,-4.800000e-03,
1026,-2.960000e-01,-4.800000e-03,
1027,-2.960000e-01,-4.800000e-03,
1028,-3.120000e-01,-4.800000e-03,
1029,-3.120000e-01,-5.600000e-03,
1030,-3.200000e-01,-4.800000e-03,
1031,-3.280000e-01,-5.600000e-03,
1032,-3.360000e-01,-4.800000e-03,
1033,-3.360000e-01,-5.600000e-03,
1034,-3.520000e-01,-4.800000e-03,
1035,-3.520000e-01,-5.600000e-03,
1036,-3.600000e-01,-4.800000e-03,
1037,-3.680000e-01,-5.600000e-03,
1038,-3.760000e-01,-4.800000e-03,
1039,-3.840000e-01,-4.800000e-03,
1040,-3.920000e-01,-4.800000e-03,
1041,-3.920000e-01,-5.600000e-03,
1042,-4.000000e-01,-5.600000e-03,
1043,-4.080000e-01,-4.800000e-03,
1044,-4.160000e-01,-5.600000e-03,
1045,-4.240000e-01,-5.600000e-03,
1046,-4.240000e-01,-5.600000e-03,
1047,-4.320000e-01,-5.600000e-03,
1048,-4.400000e-01,-5.600000e-03,
1049,-4.480000e-01,-5.600000e-03,
1050,-4.560000e-01,-5.600000e-03,
1051,-4.640000e-01,-6.400000e-03,
1052,-4.640000e-01,-5.600000e-03,
1053,-4.720000e-01,-5.600000e-03,
1054,-4.800000e-01,-5.600000e-03,
1055,-4.880000e-01,-6.400000e-03,
1056,-4.880000e-01,-5.600000e-03,
1057,-4.960000e-01,-6.400000e-03,
1058,-5.040000e-01,-6.400000e-03,
1059,-5.120000e-01,-5.600000e-03,
1060,-5.120000e-01,-5.600000e-03,
1061,-5.200000e-01,-5.600000e-03,
1062,-5.280000e-01,-6.400000e-03,
1063,-5.280000e-01,-6.400000e-03,
1064,-5.360000e-01,-5.600000e-03,
1065,-5.440000e-01,-6.400000e-03,
1066,-5.440000e-01,-6.400000e-03,
1067,-5.520000e-01,-6.400000e-03,
1068,-5.600000e-01,-5.600000e-03,
1069,-5.600000e-01,-5.600000e-03,
1070,-5.760000e-01,-5.600000e-03,
1071,-5.680000e-01,-5.600000e-03,
1072,-5.760000e-01,-5.600000e-03,
1073,-5.840001e-01,-5.600000e-03,
1074,-5.920000e-01,-5.600000e-03,
1075,-5.920000e-01,-6.400000e-03,
1076,-6.000000e-01,-5.600000e-03,
1077,-6.000000e-01,-5.600000e-03,
1078,-6.080000e-01,-5.600000e-03,
1079,-6.080000e-01,-5.600000e-03,
1080,-6.160001e-01,-5.600000e-03,
1081,-6.240000e-01,-5.600000e-03,
1082,-6.240000e-01,-5.600000e-03,
1083,-6.320000e-01,-5.600000e-03,
1084,-6.320000e-01,-5.600000e-03,
1085,-6.400000e-01,-5.600000e-03,
1086,-6.400000e-01,-5.600000e-03,
1087,-6.480000e-01,-6.400000e-03,
1088,-6.480000e-01,-5.600000e-03,
1089,-6.560000e-01,-6.400000e-03,
1090,-6.560000e-01,-5.600000e-03,
1091,-6.640000e-01,-5.600000e-03,
1092,-6.640000e-01,-6.400000e-03,
1093,-6.720001e-01,-6.400000e-03,
1094,-6.720001e-01,-6.400000e-03,
1095,-6.800000e-01,-5.600000e-03,
1096,-6.800000e-01,-6.400000e-03,
1097,-6.880000e-01,-6.400000e-03,
1098,-6.880000e-01,-6.400000e-03,
1099,-6.880000e-01,-6.400000e-03,
1100,-6.960000e-01,-5.600000e-03,
1101,-6.960000e-01,-6.400000e-03,
1102,-7.040001e-01,-5.600000e-03,
1103,-7.040001e-01,-6.400000e-03,
1104,-7.040001e-01,-5.600000e-03,
1105,-7.120000e-01,-5.600000e-03,
1106,-7.120000e-01,-5.600000e-03,
1107,-7.200000e-01,-5.600000e-03,
1108,-7.200000e-01,-5.600000e-03,
1109,-7.200000e-01,-5.600000e-03,
1110,-7.200000e-01,-5.600000e-03,
1111,-7.280000e-01,-5.600000e-03,
1112,-7.280000e-01,-5.600000e-03,
1113,-7.360001e-01,-5.600000e-03,
1114,-7.280000e-01,-5.600000e-03,
1115,-7.360001e-01,-5.600000e-03,
1116,-7.360001e-01,-5.600000e-03,
1117,-7.360001e-01,-5.600000e-03,
1118,-7.360001e-01,-5.600000e-03,
1119,-7.440000e-01,-5.600000e-03,
1120,-7.440000e-01,-5.600000e-03,
1121,-7.440000e-01,-5.600000e-03,
1122,-7.440000e-01,-5.600000e-03,
1123,-7.520000e-01,-5.600000e-03,
1124,-7.520000e-01,-5.600000e-03,
1125,-7.520000e-01,-5.600000e-03,
1126,-7.520000e-01,-5.600000e-03,
1127,-7.600001e-01,-4.800000e-03,
1128,-7.600001e-01,-4.800000e-03,
1129,-7.520000e-01,-5.600000e-03,
1130,-7.600001e-01,-4.800000e-03,
1131,-7.520000e-01,-5.600000e-03,
1132,-7.600001e-01,-4.800000e-03,
1133,-7.600001e-01,-4.800000e-03,
1134,-7.600001e-01,-4.800000e-03,
1135,-7.680001e-01,-4.800000e-03,
1136,-7.600001e-01,-4.800000e-03,
1137,-7.680001e-01,-4.800000e-03,
1138,-7.600001e-01,-4.800000e-03,
1139,-7.680001e-01,-5.600000e-03,
1140,-7.600001e-01,-4.800000e-03,
1141,-7.680001e-01,-5.600000e-03,
1142,-7.680001e-01,-5.600000e-03,
1143,-7.600001e-01,-4.800000e-03,
1144,-7.680001e-01,-4.800000e-03,
1145,-7.600001e-01,-4.800000e-03,
1146,-7.680001e-01,-4.800000e-03,
1147,-7.600001e-01,-4.000000e-03,
1148,-7.600001e-01,-4.000000e-03,
1149,-7.680001e-01,-4.800000e-03,
1150,-7.600001e-01,-4.800000e-03,
1151,-7.600001e-01,-4.800000e-03,
1152,-7.600001e-01,-4.800000e-03,
1153,-7.600001e-01,-4.000000e-03,
1154,-7.600001e-01,-4.800000e-03,
1155,-7.600001e-01,-4.000000e-03,
1156,-7.520000e-01,-4.000000e-03,
1157,-7.600001e-01,-4.000000e-03,
1158,-7.520000e-01,-4.800000e-03,
1159,-7.600001e-01,-4.800000e-03,
1160,-7.520000e-01,-4.800000e-03,
1161,-7.440000e-01,-4.800000e-03,
1162,-7.520000e-01,-4.800000e-03,
1163,-7.440000e-01,-4.800000e-03,
1164,-7.440000e-01,-4.800000e-03,
1165,-7.440000e-01,-4.800000e-03,
1166,-7.440000e-01,-4.800000e-03,
1167,-7.360001e-01,-4.800000e-03,
1168,-7.360001e-01,-4.800000e-03,
1169,-7.360001e-01,-4.000000e-03,
1170,-7.360001e-01,-4.000000e-03,
1171,-7.280000e-01,-4.000000e-03,
1172,-7.280000e-01,-4.000000e-03,
1173,-7.360001e-01,-4.000000e-03,
1174,-7.200000e-01,-3.200000e-03,
1175,-7.280000e-01,-3.200000e-03,
1176,-7.200000e-01,-3.200000e-03,
1177,-7.200000e-01,-4.000000e-03,
1178,-7.200000e-01,-4.000000e-03,
1179,-7.120000e-01,-3.200000e-03,
1180,-7.120000e-01,-4.000000e-03,
1181,-7.120000e-01,-3.200000e-03,
1182,-7.040001e-01,-3.200000e-03,
1183,-7.040001e-01,-4.000000e-03,
1184,-6.960000e-01,-3.200000e-03,
1185,-7.040001e-01,-2.400000e-03,
1186,-6.960000e-01,-3.200000e-03,
1187,-6.880000e-01,-2.400000e-03,
1188,-6.880000e-01,-2.400000e-03,
1189,-6.800000e-01,-2.400000e-03,
1190,-6.800000e-01,-2.400000e-03,
1191,-6.720001e-01,-2.400000e-03,
1192,-6.720001e-01,-2.400000e-03,
1193,-6.640000e-01,-2.400000e-03,
1194,-6.640000e-01,-2.400000e-03,
1195,-6.640000e-01,-2.400000e-03,
1196,-6.560000e-01,-2.400000e-03,
1197,-6.560000e-01,-2.400000e-03,
1198,-6.400000e-01,-1.600000e-03,
1199,-6.480000e-01,-1.600000e-03,
1200,-6.400000e-01,-1.600000e-03,
1201,-6.320000e-01,-1.600000e-03,
1202,-6.320000e-01,-1.600000e-03,
1203,-6.240000e-01,-2.400000e-03,
1204,-6.240000e-01,-1.600000e-03,
1205,-6.160001e-01,-2.400000e-03,
1206,-6.160001e-01,-1.600000e-03,
1207,-6.080000e-01,-1.600000e-03,
1208,-6.080000e-01,-2.400000e-03,
1209,-6.000000e-01,-2.400000e-03,
1210,-5.920000e-01,-1.600000e-03,
1211,-5.920000e-01,-1.600000e-03,
1212,-5.840001e-01,-1.600000e-03,
1213,-5.840001e-01,-1.600000e-03,
1214,-5.760000e-01,-1.600000e-03,
1215,-5.680000e-01,-1.600000e-03,
1216,-5.680000e-01,-1.600000e-03,
1217,-5.600000e-01,-1.600000e-03,
1218,-5.520000e-01,-1.600000e-03,
1219,-5.440000e-01,-1.600000e-03,
1220,-5.440000e-01,-1.600000e-03,
1221,-5.360000e-01,-1.600000e-03,
1222,-5.360000e-01,-1.600000e-03,
1223,-5.280000e-01,-8.000000e-04,
1224,-5.200000e-01,-1.600000e-03,
1225,-5.120000e-01,-1.600000e-03,
1226,-5.120000e-01,-1.600000e-03,
1227,-5.040000e-01,-8.000000e-04,
1228,-4.960000e-01,-8.000000e-04,
1229,-4.960000e-01,-8.000000e-04,
1230,-4.800000e-01,-8.000000e-04,
1231,-4.880000e-01,-8.000000e-04,
1232,-4.720000e-01,0.000000e+00,
1233,-4.640000e-01,0.000000e+00,
1234,-4.640000e-01,0.000000e+00,
1235,-4.560000e-01,-8.000000e-04,
1236,-4.480000e-01,0.000000e+00,
1237,-4.480000e-01,0.000000e+00,
1238,-4.320000e-01,0.000000e+00,
1239,-4.320000e-01,0.000000e+00,
1240,-4.240000e-01,8.000000e-04,
1241,-4.160000e-01,0.000000e+00,
1242,-4.080000e-01,8.000000e-04,
1243,-4.080000e-01,8.000000e-04,
1244,-4.000000e-01,8.000000e-04,
1245,-3.920000e-01,8.000000e-04,
1246,-3.840000e-01,8.000000e-04,
1247,-3.840000e-01,8.000000e-04,
1248,-3.680000e-01,0.000000e+00,
1249,-3.680000e-01,8.000000e-04,
1250,-3.600000e-01,8.000000e-04,
1251,-3.520000e-01,1.600000e-03,
1252,-3.440000e-01,8.000000e-04,
1253,-3.360000e-01,1.600000e-03,
1254,-3.280000e-01,1.600000e-03,
1255,-3.200000e-01,1.600000e-03,
1256,-3.120000e-01,1.600000e-03,
1257,-3.120000e-01,1.600000e-03,
1258,-3.040000e-01,1.600000e-03,
1259,-2.960000e-01,1.600000e-03,
1260,-2.880000e-01,1.600000e-03,
1261,-2.800000e-01,8.000000e-04,
1262,-2.720000e-01,1.600000e-03,
1263,-2.640000e-01,1.600000e-03,
1264,-2.560000e-01,1.600000e-03,
1265,-2.560000e-01,1.600000e-03,
1266,-2.400000e-01,1.600000e-03,
1267,-2.400000e-01,1.600000e-03,
1268,-2.320000e-01,1.600000e-03,
1269,-2.240000e-01,1.600000e-03,
1270,-2.080000e-01,2.400000e-03,
1271,-2.160000e-01,1.600000e-03,
1272,-2.000000e-01,2.400000e-03,
1273,-2.000000e-01,1.600000e-03,
1274,-1.840000e-01,2.400000e-03,
1275,-1.840000e-01,2.400000e-03,
1276,-1.680000e-01,2.400000e-03,
1277,-1.600000e-01,1.600000e-03,
1278,-1.520000e-01,2.400000e-03,
1279,-1.520000e-01,2.400000e-03,
1280,-1.360000e-01,2.400000e-03,
1281,-1.360000e-01,2.400000e-03,
1282,-1.200000e-01,3.200000e-03,
1283,-1.200000e-01,3.200000e-03,
1284,-1.120000e-01,3.200000e-03,
1285,-1.040000e-01,3.200000e-03,
1286,-9.600001e-02,3.200000e-03,
1287,-8.800001e-02,3.200000e-03,
1288,-8.000001e-02,3.200000e-03,
1289,-7.200000e-02,3.200000e-03,
1290,-6.400000e-02,3.200000e-03,
1291,-5.600000e-02,3.200000e-03,
1292,-4.800000e-02,3.200000e-03,
1293,-4.800000e-02,3.200000e-03,
1294,-3.200000e-02,4.000000e-03,
1295,-3.200000e-02,3.200000e-03,
1296,-1.600000e-02,4.000000e-03,
1297,-8.000000e-03,4.000000e-03,
1298,0.000000e+00,4.000000e-03,
1299,0.000000e+00,4.000000e-03,
1300,1.600000e-02,4.000000e-03,
1301,2.400000e-02,4.000000e-03,
1302,3.200000e-02,4.000000e-03,
1303,4.000000e-02,4.000000e-03,
1304,4.800000e-02,4.000000e-03,
1305,5.600000e-02,4.000000e-03,
1306,6.400000e-02,4.000000e-03,
1307,6.400000e-02,4.000000e-03,
1308,8.000001e-02,4.800000e-03,
1309,8.000001e-02,5.600000e-03,
1310,9.600001e-02,4.800000e-03,
1311,9.600001e-02,4.000000e-03,
1312,1.120000e-01,5.600000e-03,
1313,1.120000e-01,5.600000e-03,
1314,1.280000e-01,4.800000e-03,
1315,1.280000e-01,4.800000e-03,
1316,1.360000e-01,5.600000e-03,
1317,1.440000e-01,5.600000e-03,
1318,1.600000e-01,5.600000e-03,
1319,1.520000e-01,5.600000e-03,
1320,1.680000e-01,5.600000e-03,
1321,1.760000e-01,5.600000e-03,
1322,1.840000e-01,5.600000e-03,
1323,1.920000e-01,4.800000e-03,
1324,2.000000e-01,5.600000e-03,
1325,2.000000e-01,5.600000e-03,
1326,2.160000e-01,5.600000e-03,
1327,2.160000e-01,5.600000e-03,
1328,2.320000e-01,5.600000e-03,
1329,2.320000e-01,5.600000e-03,
1330,2.400000e-01,4.800000e-03,
1331,2.480000e-01,5.600000e-03,
1332,2.560000e-01,5.600000e-03,
1333,2.640000e-01,5.600000e-03,
1334,2.720000e-01,5.600000e-03,
1335,2.720000e-01,5.600000e-03,
1336,2.880000e-01,5.600000e-03,
1337,2.880000e-01,6.400000e-03,
1338,3.040000e-01,6.400000e-03,
1339,3.040000e-01,5.600000e-03,
1340,3.120000e-01,6.400000e-03,
1341,3.200000e-01,5.600000e-03,
1342,3.280000e-01,6.400000e-03,
1343,3.360000e-01,6.400000e-03,
1344,3.440000e-01,6.400000e-03,
1345,3.440000e-01,5.600000e-03,
1346,3.600000e-01,6.400000e-03,
1347,3.600000e-01,6.400000e-03,
1348,3.680000e-01,6.400000e-03,
1349,3.680000e-01,6.400000e-03,
1350,3.840000e-01,6.400000e-03,
1351,3.840000e-01,6.400000e-03,
1352,4.000000e-01,6.400000e-03,
1353,4.000000e-01,5.600000e-03,
1354,4.080000e-01,6.400000e-03,
1355,4.080000e-01,6.400000e-03,
1356,4.240000e-01,6.400000e-03,
1357,4.240000e-01,6.400000e-03,
1358,4.320000e-01,7.200000e-03,
1359,4.400000e-01,7.200000e-03,
1360,4.480000e-01,6.400000e-03,
1361,4.560000e-01,6.400000e-03,
1362,4.640000e-01,6.400000e-03,
1363,4.640000e-01,7.200000e-03,
1364,4.720000e-01,7.200000e-03,
1365,4.720000e-01,7.200000e-03,
1366,4.880000e-01,7.200000e-03,
1367,4.880000e-01,7.200000e-03,
1368,4.960000e-01,7.200000e-03,
1369,5.040000e-01,7.200000e-03,
1370,5.120000e-01,7.200000e-03,
1371,5.120000e-01,7.200000e-03,
1372,5.200000e-01,7.200000e-03,
1373,5.280000e-01,7.200000e-03,
1374,5.280000e-01,7.999999e-03,
1375,5.360000e-01,7.200000e-03,
1376,5.440000e-01,7.999999e-03,
1377,5.520000e-01,7.200000e-03,
1378,5.520000e-01,7.999999e-03,
1379,5.600000e-01,7.200000e-03,
1380,5.680000e-01,7.200000e-03,
1381,5.680000e-01,7.999999e-03,
1382,5.760000e-01,7.200000e-03,
1383,5.840001e-01,7.999999e-03,
1384,5.840001e-01,7.200000e-03,
1385,5.920000e-01,7.999999e-03,
1386,5.920000e-01,7.200000e-03,
1387,6.000000e-01,7.200000e-03,
1388,6.080000e-01,7.200000e-03,
1389,6.080000e-01,7.200000e-03,
1390,6.160001e-01,7.200000e-03,
1391,6.160001e-01,7.200000e-03,
1392,6.240000e-01,7.200000e-03,
1393,6.320000e-01,7.999999e-03,
1394,6.320000e-01,7.999999e-03,
1395,6.400000e-01,7.999999e-03,
1396,6.400000e-01,7.999999e-03,
1397,6.480000e-01,7.200000e-03,
1398,6.480000e-01,7.999999e-03,
1399,6.560000e-01,7.200000e-03,
